и	50000
в	49999
не	49998
на	49997
я	49996
что	49995
быть	49994
с	49993
он	49992
а	49991
это	49990
как	49989
то	49988
этот	49987
по	49986
к	49985
но	49984
они	49983
мы	49982
она	49981
который	49980
из	49979
у	49978
свой	49977
вы	49976
весь	49975
за	49974
для	49973
от	49972
о	49971
так	49970
мочь	49969
все	49968
ты	49967
же	49966
год	49965
человек	49964
один	49963
такой	49962
тот	49961
или	49960
если	49959
только	49958
его	49957
бы	49956
себя	49955
время	49954
когда	49953
еще	49952
уже	49951
другой	49950
сказать	49949
до	49948
мой	49947
наш	49946
чтобы	49945
говорить	49944
самый	49943
знать	49942
вот	49941
очень	49940
нет	49939
кто	49938
при	49937
да	49936
стать	49935
день	49934
первый	49933
даже	49932
можно	49931
жизнь	49930
во	49929
ни	49928
сам	49927
дело	49926
два	49925
новый	49924
раз	49923
хотеть	49922
должен	49921
ли	49920
какой	49919
со	49918
там	49917
их	49916
много	49915
работа	49914
иметь	49913
после	49912
где	49911
вопрос	49910
рука	49909
город	49908
ее	49907
под	49906
каждый	49905
слово	49904
место	49903
без	49902
ну	49901
ребенок	49900
просто	49899
более	49898
друг	49897
большой	49896
надо	49895
чем	49894
ваш	49893
сделать	49892
идти	49891
здесь	49890
делать	49889
сейчас	49888
россия	49887
видеть	49886
потом	49885
ничто	49884
через	49883
мир	49882
теперь	49881
несколько	49880
думать	49879
потому	49878
случай	49877
сторона	49876
хороший	49875
тоже	49874
глаз	49873
тогда	49872
тут	49871
дом	49870
страна	49869
об	49868
сила	49867
последний	49866
работать	49865
также	49864
лицо	49863
жить	49862
часть	49861
хотя	49860
женщина	49859
система	49858
всегда	49857
являться	49856
вид	49855
голова	49854
проблема	49853
конец	49852
ведь	49851
между	49850
конечно	49849
смотреть	49848
пока	49847
отношение	49846
получить	49845
дать	49844
русский	49843
три	49842
второй	49841
именно	49840
перед	49839
лишь	49838
образ	49837
понять	49836
деньги	49835
поэтому	49834
почему	49833
понимать	49832
москва	49831
любой	49830
однако	49829
хорошо	49828
никто	49827
час	49826
начать	49825
найти	49824
считать	49823
взять	49822
над	49821
земля	49820
сегодня	49819
вообще	49818
книга	49817
пойти	49816
возможность	49815
некоторый	49814
оказаться	49813
прийти	49812
компания	49811
история	49810
любить	49809
высокий	49808
нужно	49807
почти	49806
остаться	49805
твой	49804
результат	49803
больше	49802
например	49801
право	49800
группа	49799
писать	49798
сидеть	49797
путь	49796
машина	49795
находиться	49794
увидеть	49793
война	49792
казаться	49791
стоять	49790
имя	49789
решить	49788
никогда	49787
стоить	49786
маленький	49785
ответ	49784
вода	49783
решение	49782
бог	49781
совсем	49780
язык	49779
далеко	49778
нужный	49777
давать	49776
ответить	49775
полный	49774
российский	49773
народ	49772
власть	49771
сразу	49770
уровень	49769
выйти	49768
ночь	49767
пора	49766
часто	49765
спросить	49764
развитие	49763
программа	49762
начало	49761
никакой	49760
оно	49759
главный	49758
дверь	49757
вместе	49756
момент	49755
закон	49754
число	49753
цель	49752
принять	49751
следующий	49750
написать	49749
отец	49748
правда	49747
нога	49746
старый	49745
помощь	49744
информация	49743
уж	49742
тысяча	49741
про	49740
подобный	49739
разный	49738
общий	49737
месяц	49736
пройти	49735
кроме	49734
минута	49733
мало	49732
всё	49731
процесс	49730
ситуация	49729
смочь	49728
автор	49727
начинать	49726
форма	49725
голос	49724
многий	49723
собственный	49722
мысль	49721
свет	49720
качество	49719
школа	49718
всякий	49717
действие	49716
мужчина	49715
область	49714
внимание	49713
следовать	49712
использовать	49711
дорога	49710
связь	49709
марк	49708
взгляд	49707
условие	49706
молодой	49705
скоро	49704
снова	49703
любовь	49702
основной	49701
становиться	49700
важный	49699
ждать	49698
вдруг	49697
игра	49696
читать	49695
статья	49694
организация	49693
средство	49692
существовать	49691
душа	49690
пытаться	49689
тело	49688
посмотреть	49687
общество	49686
жена	49685
государство	49684
оставаться	49683
совершенно	49682
письмо	49681
состояние	49680
вечер	49679
настоящий	49678
назад	49677
смысл	49676
мера	49675
семья	49674
простой	49673
вещь	49672
вернуться	49671
затем	49670
причина	49669
утро	49668
мать	49667
рынок	49666
действительно	49665
происходить	49664
данный	49663
девушка	49662
вести	49661
сколько	49660
тема	49659
стол	49658
проект	49657
улица	49656
государственный	49655
помнить	49654
называть	49653
точка	49652
появиться	49651
хотеться	49650
нельзя	49649
д	49648
белый	49647
центр	49646
опять	49645
равный	49644
против	49643
куда	49642
неделя	49641
идея	49640
особенно	49639
прийтись	49638
комната	49637
иной	49636
цена	49635
наконец	49634
известный	49633
среди	49632
сын	49631
деятельность	49630
узнать	49629
играть	49628
правило	49627
советский	49626
лучший	49625
движение	49624
заниматься	49623
точно	49622
огромный	49621
мама	49620
задача	49619
великий	49618
количество	49617
чувство	49616
иногда	49615
слишком	49614
смерть	49613
достаточно	49612
лежать	49611
помочь	49610
мнение	49609
труд	49608
пять	49607
третий	49606
бывать	49605
заметить	49604
готовый	49603
быстро	49602
черный	49601
сильный	49600
н	49599
порядок	49598
чувствовать	49597
создать	49596
пример	49595
положение	49594
век	49593
продолжать	49592
подумать	49591
муж	49590
поскольку	49589
уйти	49588
хоть	49587
военный	49586
речь	49585
план	49584
совет	49583
политический	49582
стена	49581
представлять	49580
слышать	49579
ходить	49578
окно	49577
рядом	49576
прежде	49575
показать	49574
опыт	49573
тип	49572
оба	49571
около	49570
отвечать	49569
интерес	49568
современный	49567
плохой	49566
сердце	49565
управление	49564
данные	49563
наука	49562
сообщение	49561
значит	49560
просить	49559
немного	49558
газета	49557
интересный	49556
живой	49555
поставить	49554
необходимый	49553
материал	49552
роль	49551
открыть	49550
ко	49549
представить	49548
вполне	49547
будто	49546
рассказать	49545
выходить	49544
рано	49543
оставить	49542
получать	49541
давно	49540
армия	49539
рабочий	49538
четыре	49537
бояться	49536
различный	49535
долго	49534
привести	49533
президент	49532
либо	49531
событие	49530
менее	49529
красный	49528
социальный	49527
искать	49526
большинство	49525
бизнес	49524
пусть	49523
легко	49522
правительство	49521
прямо	49520
глава	49519
член	49518
суд	49517
возможно	49516
принимать	49515
рубль	49514
б	49513
миллион	49512
целый	49511
приходить	49510
фильм	49509
обычно	49508
счет	49507
спать	49506
небольшой	49505
культура	49504
текст	49503
брать	49502
документ	49501
принцип	49500
разговор	49499
телефон	49498
произойти	49497
правый	49496
способ	49495
течение	49494
провести	49493
пол	49492
вокруг	49491
проходить	49490
купить	49489
родитель	49488
сей	49487
ряд	49486
ещё	49485
единственный	49484
метр	49483
сайт	49482
партия	49481
позволять	49480
образование	49479
зачем	49478
наверное	49477
период	49476
кстати	49475
пара	49474
квартира	49473
забыть	49472
е	49471
значение	49470
внутренний	49469
связать	49468
требовать	49467
далее	49466
основа	49465
александр	49464
возможный	49463
желание	49462
слушать	49461
чуть	49460
номер	49459
изменение	49458
очередь	49457
политика	49456
класс	49455
относиться	49454
факт	49453
брат	49452
собираться	49451
определенный	49450
довольно	49449
производство	49448
создание	49447
район	49446
особый	49445
верить	49444
спасибо	49443
предприятие	49442
близкий	49441
ход	49440
экономический	49439
знакомый	49438
человеческий	49437
местный	49436
назвать	49435
небо	49434
направление	49433
туда	49432
удаться	49431
встреча	49430
шаг	49429
остальной	49428
попасть	49427
команда	49426
добрый	49425
поле	49424
г	49423
сша	49422
исследование	49421
общественный	49420
её	49419
мальчик	49418
метод	49417
повод	49416
рост	49415
сначала	49414
рассказывать	49413
сон	49412
уходить	49411
служба	49410
ж	49409
население	49408
воздух	49407
словно	49406
кровь	49405
спрашивать	49404
зрение	49403
врач	49402
ехать	49401
нравиться	49400
приходиться	49399
знание	49398
войти	49397
предложить	49396
использование	49395
начаться	49394
десять	49393
палец	49392
обычный	49391
необходимо	49390
орган	49389
доллар	49388
держать	49387
т	49386
название	49385
похожий	49384
дорогой	49383
реальный	49382
участие	49381
род	49380
приехать	49379
наиболее	49378
девочка	49377
крупный	49376
море	49375
природа	49374
магазин	49373
вроде	49372
память	49371
весьма	49370
больший	49369
домой	49368
объект	49367
свобода	49366
продукт	49365
борьба	49364
личный	49363
касаться	49362
причем	49361
проводить	49360
отдельный	49359
успеть	49358
предмет	49357
представитель	49356
плечо	49355
национальный	49354
музыка	49353
самолет	49352
позиция	49351
вспомнить	49350
американский	49349
стараться	49348
герой	49347
характер	49346
размер	49345
пить	49344
средний	49343
срок	49342
институт	49341
сеть	49340
солнце	49339
серьезный	49338
подойти	49337
иначе	49336
сергей	49335
показывать	49334
союз	49333
дух	49332
позволить	49331
интернет	49330
лес	49329
журнал	49328
степень	49327
предлагать	49326
территория	49325
март	49324
успех	49323
искусство	49322
участник	49321
парень	49320
свободный	49319
гость	49318
впрочем	49317
вариант	49316
предложение	49315
судьба	49314
составлять	49313
товар	49312
надеяться	49311
действовать	49310
международный	49309
способный	49308
практически	49307
директор	49306
европа	49305
полностью	49304
поздний	49303
песня	49302
лучше	49301
п	49300
случиться	49299
ум	49298
выбор	49297
модель	49296
река	49295
фирма	49294
гражданин	49293
товарищ	49292
московский	49291
нормальный	49290
сознание	49289
картина	49288
сильно	49287
умереть	49286
апрель	49285
источник	49284
вместо	49283
граница	49282
состоять	49281
всего	49280
половина	49279
операция	49278
оценка	49277
огонь	49276
постоянно	49275
специалист	49274
главное	49273
собака	49272
компьютер	49271
красивый	49270
технология	49269
дерево	49268
выход	49267
гора	49266
входить	49265
мировой	49264
научный	49263
уметь	49262
детский	49261
корабль	49260
желать	49259
берег	49258
широкий	49257
низкий	49256
убить	49255
прекрасный	49254
ибо	49253
будущее	49252
внешний	49251
литература	49250
тяжелый	49249
сотрудник	49248
среда	49247
помогать	49246
бой	49245
сложный	49244
зал	49243
услышать	49242
войско	49241
структура	49240
несмотря	49239
пользоваться	49238
защита	49237
короткий	49236
начальник	49235
бумага	49234
странный	49233
установить	49232
край	49231
ошибка	49230
церковь	49229
вызвать	49228
состав	49227
объяснить	49226
разве	49225
сюда	49224
сообщить	49223
чтоб	49222
прошлый	49221
столько	49220
л	49219
понятие	49218
длинный	49217
поддержка	49216
поднять	49215
возраст	49214
встать	49213
трудно	49212
быстрый	49211
линия	49210
андрей	49209
услуга	49208
счастье	49207
роман	49206
выглядеть	49205
иметься	49204
ветер	49203
возникать	49202
английский	49201
оказываться	49200
курс	49199
отметить	49198
поиск	49197
папа	49196
высший	49195
теория	49194
добавить	49193
бывший	49192
пространство	49191
столь	49190
учиться	49189
экономика	49188
чистый	49187
специальный	49186
потерять	49185
бросить	49184
спина	49183
поведение	49182
служить	49181
получиться	49180
оружие	49179
страх	49178
страница	49177
враг	49176
вызывать	49175
двадцать	49174
руководитель	49173
откуда	49172
гораздо	49171
карта	49170
страшный	49169
звук	49168
камень	49167
ожидать	49166
рассказ	49165
обнаружить	49164
хозяин	49163
анализ	49162
надежда	49161
вновь	49160
господин	49159
солдат	49158
единый	49157
цвет	49156
сесть	49155
круг	49154
попытка	49153
однажды	49152
комментарий	49151
клиент	49150
удар	49149
владимир	49148
крайний	49147
база	49146
доктор	49145
необходимость	49144
остановиться	49143
означать	49142
глядеть	49141
появляться	49140
дочь	49139
пожалуйста	49138
республика	49137
представление	49136
ставить	49135
поехать	49134
волос	49133
вера	49132
принести	49131
германия	49130
называться	49129
отсутствие	49128
прямой	49127
масса	49126
процент	49125
долгий	49124
выбрать	49123
студент	49122
здание	49121
ребята	49120
угол	49119
конкретный	49118
скорость	49117
согласиться	49116
требование	49115
любимый	49114
май	49113
подходить	49112
бежать	49111
адрес	49110
видно	49109
новость	49108
открытый	49107
список	49106
возвращаться	49105
энергия	49104
вывод	49103
учитель	49102
возникнуть	49101
договор	49100
снять	49099
зависеть	49098
сфера	49097
положить	49096
западный	49095
обязательно	49094
немецкий	49093
примерно	49092
боль	49091
безопасность	49090
функция	49089
плохо	49088
иван	49087
некий	49086
ученый	49085
способность	49084
банк	49083
удовольствие	49082
основание	49081
дома	49080
чужой	49079
ощущение	49078
противник	49077
никак	49076
объем	49075
показаться	49074
вперед	49073
общее	49072
определить	49071
писатель	49070
звезда	49069
создавать	49068
знак	49067
вовсе	49066
уверенный	49065
влияние	49064
грудь	49063
контроль	49062
двор	49061
одновременно	49060
пункт	49059
получаться	49058
радость	49057
завтра	49056
старший	49055
заявить	49054
впечатление	49053
практика	49052
внутри	49051
попросить	49050
руководство	49049
содержание	49048
воля	49047
январь	49046
боевой	49045
хватать	49044
вчера	49043
режим	49042
р	49041
очередной	49040
отдать	49039
здоровье	49038
расти	49037
стоимость	49036
правильный	49035
километр	49034
звать	49033
шесть	49032
личность	49031
физический	49030
регион	49029
рот	49028
больной	49027
итог	49026
предел	49025
занять	49024
может	49023
читатель	49022
медленно	49021
старик	49020
прочий	49019
победа	49018
элемент	49017
естественно	49016
обратиться	49015
постоянный	49014
встречаться	49013
женский	49012
командир	49011
август	49010
впервые	49009
секунда	49008
счастливый	49007
житель	49006
видимо	49005
праздник	49004
множество	49003
кажется	49002
сумма	49001
сцена	49000
насколько	48999
есть	48998
едва	48997
техника	48996
малый	48995
подготовка	48994
легкий	48993
сожаление	48992
ухо	48991
исторический	48990
занятие	48989
соответствующий	48988
почувствовать	48987
существование	48986
мужик	48985
городской	48984
октябрь	48983
недавно	48982
нос	48981
существо	48980
абсолютно	48979
обладать	48978
рамка	48977
начинаться	48976
генерал	48975
благодаря	48974
значить	48973
многое	48972
попробовать	48971
французский	48970
правильно	48969
сентябрь	48968
известно	48967
левый	48966
университет	48965
считаться	48964
частный	48963
глубокий	48962
многие	48961
клуб	48960
принадлежать	48959
подняться	48958
лето	48957
заставить	48956
выражение	48955
платить	48954
спокойно	48953
приводить	48952
одежда	48951
ради	48950
автомобиль	48949
продажа	48948
закрыть	48947
святой	48946
финансовый	48945
декабрь	48944
театр	48943
ссср	48942
произведение	48941
построить	48940
деревня	48939
направить	48938
составить	48937
рф	48936
фонд	48935
сестра	48934
отличаться	48933
нести	48932
кричать	48931
встретить	48930
наблюдать	48929
запад	48928
франция	48927
отказаться	48926
обстоятельство	48925
михаил	48924
золотой	48923
июнь	48922
обращаться	48921
темный	48920
версия	48919
зато	48918
министр	48917
целое	48916
акция	48915
губа	48914
немец	48913
дополнительный	48912
судить	48911
суть	48910
пустой	48909
америка	48908
холодный	48907
февраль	48906
цветок	48905
центральный	48904
профессиональный	48903
завод	48902
федеральный	48901
прием	48900
федерация	48899
технический	48898
особенность	48897
понимание	48896
носить	48895
рождение	48894
ближайший	48893
болезнь	48892
выступать	48891
отправить	48890
площадь	48889
подход	48888
занимать	48887
родной	48886
стремиться	48885
станция	48884
решать	48883
обучение	48882
запись	48881
упасть	48880
поддерживать	48879
настолько	48878
вниз	48877
значительный	48876
напоминать	48875
ответственность	48874
народный	48873
европейский	48872
поэт	48871
соответствие	48870
офицер	48869
июль	48868
передать	48867
выборы	48866
король	48865
утверждать	48864
позвонить	48863
реклама	48862
николай	48861
революция	48860
явление	48859
отдел	48858
вскоре	48857
фронт	48856
художник	48855
информационный	48854
животное	48853
пользователь	48852
этап	48851
ладно	48850
стиль	48849
зеленый	48848
двигаться	48847
норма	48846
сто	48845
чего	48844
попытаться	48843
передача	48842
ценность	48841
изменить	48840
фраза	48839
определение	48838
работник	48837
петь	48836
мимо	48835
дата	48834
будущий	48833
находить	48832
семь	48831
капитан	48830
доход	48829
фотография	48828
разработка	48827
волна	48826
собрать	48825
усилие	48824
ясный	48823
профессор	48822
рассматривать	48821
ноябрь	48820
понравиться	48819
чай	48818
указать	48817
участвовать	48816
алексей	48815
перевод	48814
фактор	48813
тихо	48812
канал	48811
полезный	48810
сравнение	48809
северный	48808
взрослый	48807
родиться	48806
кабинет	48805
вспоминать	48804
форум	48803
лично	48802
духовный	48801
слабый	48800
подробно	48799
наоборот	48798
гражданский	48797
итак	48796
журналист	48795
проведение	48794
выполнять	48793
нынешний	48792
лист	48791
снег	48790
использоваться	48789
обеспечение	48788
комиссия	48787
закончить	48786
поверить	48785
слава	48784
черт	48783
обратить	48782
древний	48781
явно	48780
бить	48779
зуб	48778
традиция	48777
невозможный	48776
перестать	48775
высота	48774
иностранный	48773
естественный	48772
председатель	48771
интересно	48770
массовый	48769
звонить	48768
сосед	48767
ясно	48766
молчать	48765
украина	48764
выпить	48763
дальнейший	48762
прочитать	48761
остров	48760
приятный	48759
наличие	48758
понятный	48757
отправиться	48756
сад	48755
падать	48754
кухня	48753
мастер	48752
карман	48751
детство	48750
хватить	48749
сомнение	48748
сотня	48747
десяток	48746
покупать	48745
участок	48744
обещать	48743
прошлое	48742
согласно	48741
строительство	48740
разумеется	48739
пиво	48738
исчезнуть	48737
тонкий	48736
простить	48735
устройство	48734
смеяться	48733
богатый	48732
яркий	48731
соответствовать	48730
слеза	48729
согласный	48728
библиотека	48727
общение	48726
частность	48725
выполнить	48724
верный	48723
отличие	48722
собраться	48721
поезд	48720
официальный	48719
мелкий	48718
продукция	48717
применение	48716
царь	48715
состояться	48714
поток	48713
польза	48712
обратно	48711
мешать	48710
перейти	48709
настроение	48708
постепенно	48707
двое	48706
редакция	48705
нечто	48704
толпа	48703
здоровый	48702
планета	48701
поколение	48700
реакция	48699
умный	48698
вероятно	48697
механизм	48696
собственно	48695
птица	48694
относительно	48693
сквозь	48692
хозяйство	48691
жертва	48690
открывать	48689
произнести	48688
ученик	48687
организм	48686
послать	48685
заявление	48684
достижение	48683
вверх	48682
бутылка	48681
признать	48680
определять	48679
доля	48678
уехать	48677
измениться	48676
мозг	48675
рисунок	48674
прежний	48673
музей	48672
зависимость	48671
дождь	48670
реализация	48669
улыбка	48668
восток	48667
трудный	48666
собрание	48665
улыбнуться	48664
хлеб	48663
бабушка	48662
тень	48661
испытывать	48660
стихи	48659
домашний	48658
полагать	48657
снимать	48656
сегодняшний	48655
активный	48654
получение	48653
помещение	48652
опасный	48651
объявить	48650
очевидно	48649
кожа	48648
электронный	48647
морской	48646
нарушение	48645
обеспечить	48644
ужас	48643
акт	48642
содержать	48641
учить	48640
инструмент	48639
лидер	48638
комитет	48637
фигура	48636
отсюда	48635
пост	48634
лагерь	48633
след	48632
улыбаться	48631
оставлять	48630
собственность	48629
раздел	48628
реальность	48627
потеря	48626
зима	48625
экран	48624
милый	48623
погибнуть	48622
традиционный	48621
здравствовать	48620
переход	48619
поздно	48618
кровать	48617
посвятить	48616
урок	48615
секс	48614
родина	48613
вино	48612
комплекс	48611
сталин	48610
зона	48609
колено	48608
звучать	48607
коллега	48606
бедный	48605
появление	48604
издание	48603
э	48602
резко	48601
поговорить	48600
еврей	48599
нечего	48598
бюджет	48597
редко	48596
разговаривать	48595
учет	48594
князь	48593
этаж	48592
честь	48591
признак	48590
требоваться	48589
истина	48588
замечательный	48587
плакать	48586
потребность	48585
придумать	48584
долг	48583
храм	48582
заходить	48581
опасность	48580
объяснять	48579
депутат	48578
невозможно	48577
поступить	48576
выбирать	48575
достигнуть	48574
сохранить	48573
встретиться	48572
ю	48571
предполагать	48570
глубина	48569
приказ	48568
категория	48567
полет	48566
игорь	48565
горячий	48564
устроить	48563
строить	48562
администрация	48561
организовать	48560
эффект	48559
лететь	48558
торговый	48557
описание	48556
риск	48555
расположить	48554
лошадь	48553
коридор	48552
подруга	48551
совершить	48550
партнер	48549
капитал	48548
исключение	48547
конкурс	48546
схема	48545
ночной	48544
разница	48543
весна	48542
проверить	48541
черта	48540
возле	48539
красота	48538
тридцать	48537
рыба	48536
достать	48535
глубоко	48534
суметь	48533
добиться	48532
опубликовать	48531
точный	48530
петр	48529
аппарат	48528
трубка	48527
говориться	48526
восточный	48525
садиться	48524
ключ	48523
знаменитый	48522
теплый	48521
фамилия	48520
включать	48519
захотеть	48518
открытие	48517
включить	48516
чудо	48515
взглянуть	48514
заключаться	48513
полк	48512
кресло	48511
напротив	48510
обращение	48509
описать	48508
тихий	48507
менять	48506
чей	48505
восемь	48504
серый	48503
присутствовать	48502
давайте	48501
научиться	48500
министерство	48499
ольга	48498
неожиданно	48497
кино	48496
медицинский	48495
налог	48494
штат	48493
железный	48492
рад	48491
сведение	48490
культурный	48489
конфликт	48488
предыдущий	48487
середина	48486
вряд	48485
мертвый	48484
подарок	48483
забывать	48482
прекрасно	48481
расчет	48480
ранний	48479
запах	48478
замечать	48477
ездить	48476
терять	48475
пожалуй	48474
торговля	48473
камера	48472
тайна	48471
преступление	48470
столица	48469
выполнение	48468
эпоха	48467
больница	48466
выставка	48465
выпуск	48464
литературный	48463
виктор	48462
ссылка	48461
понятно	48460
уважение	48459
последствие	48458
ф	48457
буква	48456
изображение	48455
творческий	48454
фон	48453
учебный	48452
материальный	48451
деталь	48450
похоже	48449
заключение	48448
вес	48447
автобус	48446
воспоминание	48445
просьба	48444
радио	48443
человечество	48442
корпус	48441
вкус	48440
следить	48439
спустя	48438
вырасти	48437
миллиард	48436
заседание	48435
недостаток	48434
приносить	48433
путин	48432
заранее	48431
держаться	48430
отделение	48429
перспектива	48428
конференция	48427
разрешение	48426
спасти	48425
мощный	48424
тяжело	48423
готовить	48422
эффективный	48421
угроза	48420
продать	48419
производить	48418
обед	48417
переходить	48416
изучение	48415
олег	48414
обеспечивать	48413
заставлять	48412
подниматься	48411
вход	48410
страшно	48409
прочее	48408
сорок	48407
дойти	48406
отряд	48405
скажем	48404
поступать	48403
нижний	48402
южный	48401
газ	48400
четвертый	48399
печать	48398
водка	48397
дед	48396
телевизор	48395
беседа	48394
повышение	48393
крыша	48392
звонок	48391
ах	48390
продолжаться	48389
анна	48388
контакт	48387
приобрести	48386
истинный	48385
неужели	48384
дама	48383
мягкий	48382
уважаемый	48381
допустить	48380
творчество	48379
художественный	48378
сутки	48377
честно	48376
ресурс	48375
поверхность	48374
свойство	48373
значительно	48372
привыкнуть	48371
доступ	48370
вечный	48369
брак	48368
стекло	48367
мероприятие	48366
обсуждение	48365
установка	48364
случайно	48363
подать	48362
бороться	48361
мужской	48360
гореть	48359
связанный	48358
лишний	48357
реформа	48356
задание	48355
встречать	48354
пригласить	48353
билет	48352
свежий	48351
обязанность	48350
ввести	48349
расход	48348
ведущий	48347
повторять	48346
отечественный	48345
владелец	48344
оборудование	48343
беда	48342
сообщать	48341
впереди	48340
англия	48339
немедленно	48338
должно	48337
крик	48336
семейный	48335
дядя	48334
показатель	48333
указывать	48332
развиваться	48331
формирование	48330
сигнал	48329
назначить	48328
китай	48327
борис	48326
исходить	48325
трава	48324
лечение	48323
ящик	48322
учреждение	48321
замок	48320
воздействие	48319
стул	48318
слегка	48317
светлый	48316
пропасть	48315
учитывать	48314
обстановка	48313
соответственно	48312
сказка	48311
расстояние	48310
набор	48309
зло	48308
шум	48307
доказать	48306
спокойный	48305
явиться	48304
цифра	48303
сложиться	48302
познакомиться	48301
веселый	48300
мол	48299
диск	48298
удобный	48297
таков	48296
меняться	48295
оценить	48294
кофе	48293
шея	48292
ранее	48291
американец	48290
шанс	48289
книжка	48288
произвести	48287
игрок	48286
готовиться	48285
действительность	48284
чтение	48283
лестница	48282
лодка	48281
продавать	48280
вне	48279
собирать	48278
давление	48277
буквально	48276
потребитель	48275
убийство	48274
религиозный	48273
закончиться	48272
кусок	48271
стратегия	48270
достоинство	48269
постель	48268
серия	48267
верхний	48266
основать	48265
процедура	48264
исключительно	48263
основное	48262
кадр	48261
рассмотреть	48260
штаб	48259
вставать	48258
выступление	48257
извинить	48256
внимательно	48255
юрий	48254
малыш	48253
вернуть	48252
еда	48251
милиция	48250
ожидание	48249
господь	48248
изучать	48247
философия	48246
смех	48245
громко	48244
многочисленный	48243
жизненный	48242
узкий	48241
ценный	48240
чиновник	48239
блок	48238
зайти	48237
прибыть	48236
страдать	48235
водитель	48234
концепция	48233
оттуда	48232
острый	48231
прислать	48230
мост	48229
поездка	48228
компьютерный	48227
разум	48226
угодно	48225
тишина	48224
субъект	48223
слух	48222
разработать	48221
далекий	48220
благо	48219
покупатель	48218
осень	48217
мистер	48216
париж	48215
увеличение	48214
удивительный	48213
подготовить	48212
танк	48211
должность	48210
записать	48209
зарплата	48208
обращать	48207
родственник	48206
наступить	48205
привет	48204
пакет	48203
зритель	48202
судья	48201
мечтать	48200
странно	48199
превратиться	48198
ресторан	48197
плата	48196
раньше	48195
законодательство	48194
задать	48193
остановить	48192
внезапно	48191
луна	48190
крайне	48189
охрана	48188
публикация	48187
кивнуть	48186
обсуждать	48185
х	48184
наверняка	48183
напомнить	48182
логика	48181
специально	48180
приезжать	48179
проводиться	48178
повторить	48177
синий	48176
сущность	48175
отдавать	48174
проверка	48173
следствие	48172
зеркало	48171
вдоль	48170
конечный	48169
обратный	48168
ладонь	48167
строка	48166
жесткий	48165
дальний	48164
ворота	48163
иванович	48162
чисто	48161
передавать	48160
продолжить	48159
мечта	48158
дмитрий	48157
питание	48156
прибыль	48155
файл	48154
флот	48153
интересовать	48152
религия	48151
божий	48150
плюс	48149
кошка	48148
саша	48147
характерный	48146
мария	48145
толстый	48144
общаться	48143
пятый	48142
важно	48141
висеть	48140
способствовать	48139
ужасный	48138
заказ	48137
отличный	48136
запас	48135
исполнение	48134
крыло	48133
редактор	48132
тон	48131
оборона	48130
дума	48129
полковник	48128
соседний	48127
разрешить	48126
выпустить	48125
заместитель	48124
достойный	48123
кризис	48122
спешить	48121
спор	48120
делаться	48119
озеро	48118
каков	48117
термин	48116
дикий	48115
круглый	48114
дно	48113
повернуться	48112
младший	48111
сми	48110
принятие	48109
эксперт	48108
уничтожить	48107
характеристика	48106
попадать	48105
некоторые	48104
совместный	48103
тепло	48102
следовательно	48101
меньший	48100
север	48099
индивидуальный	48098
темнота	48097
дыхание	48096
концерт	48095
минимум	48094
эксперимент	48093
павел	48092
предоставить	48091
региональный	48090
пища	48089
переговоры	48088
интервью	48087
агентство	48086
умирать	48085
сходить	48084
крепкий	48083
покупка	48082
генеральный	48081
погода	48080
ограничение	48079
воспитание	48078
христос	48077
сюжет	48076
китайский	48075
тенденция	48074
голубой	48073
грех	48072
присутствие	48071
производитель	48070
шутка	48069
молодежь	48068
проснуться	48067
атака	48066
регистрация	48065
окончание	48064
доклад	48063
клетка	48062
летчик	48061
кандидат	48060
символ	48059
везде	48058
практический	48057
перевести	48056
нуждаться	48055
постараться	48054
непосредственно	48053
сексуальный	48052
включая	48051
неизвестный	48050
несчастный	48049
слой	48048
музыкальный	48047
помимо	48046
назначение	48045
виноватый	48044
кой	48043
смена	48042
положительный	48041
мясо	48040
выделить	48039
парк	48038
видный	48037
статус	48036
тюрьма	48035
полтора	48034
наблюдение	48033
разобраться	48032
психологический	48031
заняться	48030
поднимать	48029
покинуть	48028
болеть	48027
фактически	48026
глупый	48025
представляться	48024
преимущество	48023
протянуть	48022
соглашение	48021
задний	48020
доступный	48019
предстоять	48018
куча	48017
задавать	48016
осторожно	48015
устраивать	48014
давай	48013
покой	48012
насчет	48011
бок	48010
добро	48009
независимый	48008
объяснение	48007
солнечный	48006
выразить	48005
трудность	48004
дурак	48003
елена	48002
сотрудничество	48001
площадка	48000
устать	47999
конь	47998
единица	47997
путешествие	47996
классический	47995
честный	47994
обязанный	47993
кот	47992
приказать	47991
де	47990
существенный	47989
взаимодействие	47988
империя	47987
сомневаться	47986
православный	47985
вздохнуть	47984
температура	47983
бросать	47982
отрасль	47981
обо	47980
платье	47979
труба	47978
стандарт	47977
отдых	47976
воспользоваться	47975
отчет	47974
злой	47973
добраться	47972
удаваться	47971
часы	47970
страсть	47969
цивилизация	47968
дивизия	47967
масло	47966
пациент	47965
денежный	47964
полиция	47963
юг	47962
редкий	47961
ставка	47960
соединить	47959
юридический	47958
вина	47957
ирина	47956
летать	47955
молоко	47954
костюм	47953
лоб	47952
стакан	47951
сухой	47950
дворец	47949
кончиться	47948
промышленность	47947
спорт	47946
марина	47945
обмен	47944
запретить	47943
жаль	47942
демократия	47941
взрыв	47940
широко	47939
пушкин	47938
особо	47937
стрелять	47936
молча	47935
убивать	47934
стремление	47933
отказ	47932
забота	47931
судебный	47930
нож	47929
вагон	47928
безусловно	47927
довольный	47926
популярный	47925
нефть	47924
последующий	47923
подписать	47922
мышление	47921
суббота	47920
округ	47919
выступить	47918
лечь	47917
рассчитывать	47916
очевидный	47915
пятьдесят	47914
управлять	47913
вещество	47912
академия	47911
продолжение	47910
сантиметр	47909
навсегда	47908
коллектив	47907
живот	47906
штука	47905
картинка	47904
корень	47903
желтый	47902
сложно	47901
затрата	47900
деревянный	47899
возвращение	47898
образец	47897
земной	47896
профессия	47895
оказывать	47894
школьный	47893
вон	47892
коммерческий	47891
половой	47890
сыграть	47889
гостиница	47888
кампания	47887
заболевание	47886
утверждение	47885
выдержать	47884
село	47883
почта	47882
космический	47881
повезти	47880
послушать	47879
ой	47878
слушатель	47877
привезти	47876
пауза	47875
палата	47874
эффективность	47873
кредит	47872
пьяный	47871
победить	47870
приложение	47869
заплатить	47868
уверенность	47867
убедиться	47866
сэр	47865
резкий	47864
лев	47863
сверху	47862
спрос	47861
различие	47860
учение	47859
трое	47858
отмечать	47857
телефонный	47856
воскресенье	47855
восприятие	47854
открыться	47853
грязный	47852
доказательство	47851
деловой	47850
пятница	47849
кольцо	47848
продавец	47847
захватить	47846
персонаж	47845
величина	47844
напряжение	47843
преподаватель	47842
обязательный	47841
найтись	47840
крестьянин	47839
приняться	47838
отказываться	47837
предположить	47836
поймать	47835
сельский	47834
подождать	47833
вершина	47832
строй	47831
доска	47830
японский	47829
секрет	47828
достигать	47827
защищать	47826
воспринимать	47825
предпочитать	47824
выдать	47823
япония	47822
ручка	47821
одинаковый	47820
ударить	47819
имущество	47818
серьезно	47817
курить	47816
свидетельствовать	47815
подтвердить	47814
броситься	47813
верно	47812
остальное	47811
взяться	47810
понедельник	47809
строгий	47808
дышать	47807
портрет	47806
противоположный	47805
схватить	47804
ядерный	47803
порог	47802
внести	47801
окончательно	47800
объединение	47799
сектор	47798
гулять	47797
подарить	47796
луч	47795
подробность	47794
заключить	47793
окружающий	47792
совершать	47791
крутой	47790
привычка	47789
уникальный	47788
лейтенант	47787
пресса	47786
испытание	47785
эмоция	47784
применять	47783
девять	47782
вступить	47781
транспорт	47780
наступление	47779
проявление	47778
хвост	47777
актер	47776
ленин	47775
рекламный	47774
василий	47773
воздушный	47772
вслед	47771
уголовный	47770
определяться	47769
свидетель	47768
килограмм	47767
экзамен	47766
вывести	47765
тянуть	47764
ощущать	47763
менеджер	47762
приятно	47761
каменный	47760
цикл	47759
удивление	47758
еврейский	47757
разумный	47756
инвестиция	47755
надпись	47754
случаться	47753
сумка	47752
евгений	47751
золото	47750
сигарета	47749
успешный	47748
забрать	47747
немало	47746
природный	47745
облако	47744
цитата	47743
полоса	47742
рейтинг	47741
реализовать	47740
таковой	47739
указание	47738
поход	47737
вынужденный	47736
владеть	47735
воин	47734
атмосфера	47733
том	47732
поступок	47731
обойтись	47730
баба	47729
последовать	47728
памятник	47727
спорить	47726
офис	47725
случайный	47724
отель	47723
телевидение	47722
архив	47721
осуществлять	47720
активно	47719
инженер	47718
удивиться	47717
нация	47716
строго	47715
успешно	47714
знакомство	47713
режиссер	47712
текущий	47711
дневник	47710
влиять	47709
убедить	47708
санкт	47707
бегать	47706
кнопка	47705
сделка	47704
неприятный	47703
петербург	47702
остаток	47701
аспект	47700
спортивный	47699
поддержать	47698
израиль	47697
программный	47696
секретарь	47695
выяснить	47694
распространение	47693
правовой	47692
признаться	47691
океан	47690
налоговый	47689
бесконечный	47688
скрывать	47687
посетитель	47686
мгновение	47685
отсутствовать	47684
сохранение	47683
больно	47682
умение	47681
император	47680
вселенная	47679
прожить	47678
намного	47677
признание	47676
губернатор	47675
стадия	47674
твердый	47673
останавливаться	47672
джон	47671
инициатива	47670
ремонт	47669
масштаб	47668
отпустить	47667
терпеть	47666
пятнадцать	47665
оказать	47664
летний	47663
снижение	47662
договориться	47661
наступать	47660
привлечь	47659
выиграть	47658
дым	47657
критика	47656
выражать	47655
оплата	47654
протяжение	47653
параметр	47652
лекция	47651
танец	47650
радоваться	47649
распоряжение	47648
щека	47647
вероятность	47646
татьяна	47645
заработать	47644
обсудить	47643
рубеж	47642
интеллектуальный	47641
коробка	47640
агент	47639
заменить	47638
согласие	47637
марка	47636
критерий	47635
посылать	47634
происхождение	47633
эфир	47632
смешной	47631
потребовать	47630
абсолютный	47629
приятель	47628
семинар	47627
метро	47626
вуз	47625
рекомендовать	47624
сервер	47623
публика	47622
молитва	47621
очки	47620
таблица	47619
юный	47618
сдать	47617
ненавидеть	47616
сопротивление	47615
справиться	47614
удача	47613
полицейский	47612
признавать	47611
сбор	47610
длина	47609
мирный	47608
колесо	47607
намерение	47606
дружба	47605
крест	47604
отлично	47603
неожиданный	47602
ужин	47601
двигатель	47600
длительный	47599
планировать	47598
юноша	47597
талант	47596
автомат	47595
перемена	47594
зверь	47593
голый	47592
дискуссия	47591
переживать	47590
труп	47589
прекратить	47588
поворот	47587
священник	47586
сочинение	47585
упражнение	47584
наказание	47583
стратегический	47582
выдавать	47581
моральный	47580
чрезвычайно	47579
упомянуть	47578
родить	47577
приближаться	47576
меч	47575
обработка	47574
мобильный	47573
ныне	47572
осуществляться	47571
непонятный	47570
сложность	47569
мешок	47568
совесть	47567
диван	47566
охота	47565
трудовой	47564
наркотик	47563
наверно	47562
сообщество	47561
гитлер	47560
пассажир	47559
областной	47558
описывать	47557
поэзия	47556
убрать	47555
закрывать	47554
премия	47553
рыночный	47552
достаточный	47551
опустить	47550
сценарий	47549
четко	47548
психология	47547
код	47546
жилье	47545
увы	47544
экипаж	47543
катя	47542
контролировать	47541
помощник	47540
кормить	47539
лед	47538
италия	47537
кость	47536
ассоциация	47535
предприниматель	47534
увеличить	47533
распространить	47532
спектакль	47531
порт	47530
петрович	47529
краска	47528
дочка	47527
предусмотреть	47526
ракета	47525
жениться	47524
постановление	47523
зря	47522
грязь	47521
свидетельство	47520
задуматься	47519
крикнуть	47518
песок	47517
темп	47516
избежать	47515
маша	47514
потолок	47513
аудитория	47512
привычный	47511
отпуск	47510
гарри	47509
тщательно	47508
анекдот	47507
ангел	47506
подобно	47505
монастырь	47504
внизу	47503
маршрут	47502
необычный	47501
пыль	47500
прочесть	47499
приглашать	47498
растение	47497
демократический	47496
проверять	47495
идеальный	47494
оборот	47493
падение	47492
бесплатный	47491
надеть	47490
никуда	47489
банка	47488
боец	47487
ровно	47486
введение	47485
аргумент	47484
ткань	47483
казахстан	47482
сохраниться	47481
пережить	47480
склад	47479
яйцо	47478
запрос	47477
нужда	47476
доверие	47475
нежный	47474
горло	47473
научить	47472
столик	47471
предназначить	47470
формат	47469
британский	47468
покрыть	47467
тратить	47466
существующий	47465
съесть	47464
выясниться	47463
адвокат	47462
уход	47461
опытный	47460
пистолет	47459
миша	47458
промышленный	47457
подросток	47456
горе	47455
бомба	47454
повернуть	47453
башня	47452
навстречу	47451
подразделение	47450
заведение	47449
питер	47448
социально	47447
навык	47446
хозяйка	47445
доставить	47444
вытащить	47443
богатство	47442
понадобиться	47441
уважать	47440
верховный	47439
мотив	47438
поражение	47437
туалет	47436
бытие	47435
сохранять	47434
беларусь	47433
тревога	47432
набрать	47431
защитить	47430
остановка	47429
з	47428
дорого	47427
жестокий	47426
крепко	47425
решиться	47424
реально	47423
лишить	47422
выходной	47421
административный	47420
дрожать	47419
близко	47418
плод	47417
судно	47416
борт	47415
проживать	47414
самостоятельно	47413
соединение	47412
впоследствии	47411
контракт	47410
диалог	47409
пахнуть	47408
заговорить	47407
свадьба	47406
туман	47405
прибор	47404
восторг	47403
подчеркнуть	47402
лорд	47401
качественный	47400
лена	47399
точность	47398
превращаться	47397
выпускать	47396
высказать	47395
девчонка	47394
персонал	47393
тайный	47392
воскликнуть	47391
майор	47390
оценивать	47389
обернуться	47388
молчание	47387
побежать	47386
мальчишка	47385
особенный	47384
предоставлять	47383
раздаться	47382
оператор	47381
конституция	47380
развивать	47379
пустить	47378
карточка	47377
подавать	47376
поселок	47375
поразить	47374
кодекс	47373
аналогичный	47372
беременность	47371
господи	47370
хранить	47369
исследователь	47368
исчезать	47367
француз	47366
замуж	47365
препарат	47364
игрушка	47363
весело	47362
неё	47361
конструкция	47360
сезон	47359
самостоятельный	47358
формула	47357
рассмотрение	47356
заглянуть	47355
пробовать	47354
посадить	47353
дон	47352
кулак	47351
физика	47350
всеобщий	47349
насилие	47348
жест	47347
нанести	47346
исходный	47345
вынудить	47344
обслуживание	47343
освободить	47342
иванов	47341
англичанин	47340
бригада	47339
вызов	47338
дешевый	47337
капля	47336
лаборатория	47335
спасение	47334
непосредственный	47333
гибель	47332
полчаса	47331
полка	47330
паспорт	47329
подозревать	47328
обязательство	47327
активность	47326
горный	47325
протокол	47324
дар	47323
рекомендация	47322
лекарство	47321
максимальный	47320
объявление	47319
минимальный	47318
илья	47317
одинокий	47316
мороз	47315
спуститься	47314
замечание	47313
карьера	47312
отдыхать	47311
стандартный	47310
высказывание	47309
ловить	47308
шар	47307
запомнить	47306
политик	47305
несомненно	47304
дима	47303
ресурсы	47302
альбом	47301
вокзал	47300
надежный	47299
записка	47298
вооруженный	47297
разбить	47296
справедливость	47295
коротко	47294
страдание	47293
нередко	47292
другие	47291
открываться	47290
действующий	47289
осуществление	47288
дача	47287
гарантия	47286
изделие	47285
партийный	47284
космос	47283
скорый	47282
привлекать	47281
противоречие	47280
нервный	47279
лондон	47278
горький	47277
отнюдь	47276
украинский	47275
воевать	47274
могила	47273
тест	47272
подъезд	47271
приобретать	47270
явный	47269
миг	47268
орудие	47267
сзади	47266
скромный	47265
чечня	47264
пятно	47263
заметный	47262
почва	47261
пуля	47260
груз	47259
польша	47258
коммунист	47257
инструкция	47256
двенадцать	47255
воображение	47254
грубый	47253
построение	47252
ага	47251
велеть	47250
германский	47249
посетить	47248
проявлять	47247
разнообразный	47246
отойти	47245
разделить	47244
ы	47243
сборник	47242
глобальный	47241
кафе	47240
факультет	47239
куст	47238
стихотворение	47237
методика	47236
догадаться	47235
битва	47234
интересоваться	47233
окружать	47232
советовать	47231
холод	47230
удивляться	47229
разведка	47228
успокоиться	47227
потенциал	47226
одиночество	47225
фантазия	47224
якобы	47223
производственный	47222
мина	47221
ответственный	47220
волк	47219
проявить	47218
ущерб	47217
незнакомый	47216
мокрый	47215
расширение	47214
важнейший	47213
закричать	47212
палатка	47211
салон	47210
великолепный	47209
доходить	47208
образовать	47207
наталья	47206
разрушить	47205
отражать	47204
лезть	47203
голод	47202
выстрел	47201
столетие	47200
ключевой	47199
шкаф	47198
николаевич	47197
победитель	47196
доверять	47195
независимо	47194
костер	47193
жанр	47192
зимний	47191
вступать	47190
философский	47189
решаться	47188
объективный	47187
трагедия	47186
уезжать	47185
священный	47184
жаловаться	47183
четверг	47182
фестиваль	47181
ненависть	47180
холм	47179
частота	47178
вечерний	47177
контекст	47176
копия	47175
удовлетворение	47174
направиться	47173
узел	47172
испытать	47171
психолог	47170
вред	47169
жалко	47168
финансирование	47167
нигде	47166
неплохо	47165
побывать	47164
идеология	47163
зарегистрировать	47162
командование	47161
отрицательный	47160
создаваться	47159
убеждение	47158
звание	47157
высоко	47156
жалеть	47155
скала	47154
вторник	47153
выше	47152
непременно	47151
обвинение	47150
искусственный	47149
вынести	47148
исключить	47147
антон	47146
литр	47145
крупнейший	47144
иисус	47143
учебник	47142
тьма	47141
превышать	47140
лента	47139
христианский	47138
недостаточно	47137
готовность	47136
начальство	47135
удивить	47134
проявляться	47133
лесной	47132
исполнять	47131
нагрузка	47130
объединить	47129
зарубежный	47128
душевный	47127
раб	47126
корреспондент	47125
спутник	47124
цепь	47123
пропустить	47122
потенциальный	47121
приниматься	47120
розовый	47119
почитать	47118
наташа	47117
идеал	47116
благодарить	47115
эпизод	47114
вечно	47113
учесть	47112
сетевой	47111
визит	47110
орден	47109
конкуренция	47108
таня	47107
колонна	47106
парламент	47105
собор	47104
танцевать	47103
соревнование	47102
произносить	47101
глупость	47100
максим	47099
эмоциональный	47098
перенести	47097
роза	47096
городок	47095
подтверждать	47094
распределение	47093
отправляться	47092
любитель	47091
бар	47090
неизвестно	47089
приличный	47088
содержаться	47087
обзор	47086
ст	47085
претензия	47084
позвать	47083
нападение	47082
рассматриваться	47081
рубашка	47080
итальянский	47079
тоска	47078
завтрак	47077
ниже	47076
пенсия	47075
восстановление	47074
турист	47073
инвестор	47072
переживание	47071
сравнить	47070
мода	47069
заложить	47068
разработчик	47067
везти	47066
макс	47065
рисовать	47064
возникновение	47063
вестись	47062
заказать	47061
стенка	47060
узнавать	47059
ведение	47058
единство	47057
мощность	47056
здорово	47055
иностранец	47054
статистика	47053
предупредить	47052
волноваться	47051
повести	47050
музыкант	47049
пьеса	47048
десятилетие	47047
пожать	47046
осознать	47045
блестящий	47044
убийца	47043
известие	47042
печальный	47041
улучшение	47040
коля	47039
яблоко	47038
сибирь	47037
слева	47036
заявлять	47035
местность	47034
экспедиция	47033
зарабатывать	47032
прогресс	47031
цитировать	47030
пояс	47029
королева	47028
квадратный	47027
заинтересовать	47026
выгодный	47025
начальный	47024
старуха	47023
ограничить	47022
нежели	47021
аэродром	47020
делиться	47019
допускать	47018
торопиться	47017
реагировать	47016
союзник	47015
раскрыть	47014
корпорация	47013
временной	47012
надоесть	47011
задержать	47010
сапог	47009
мелочь	47008
складываться	47007
дисциплина	47006
азия	47005
справа	47004
транспортный	47003
вначале	47002
аэропорт	47001
сокращение	47000
вовремя	46999
миф	46998
свободно	46997
авторский	46996
сбить	46995
кусочек	46994
неплохой	46993
берлин	46992
польский	46991
конкурент	46990
существенно	46989
маска	46988
четкий	46987
жалоба	46986
потребление	46985
опираться	46984
подпись	46983
прозрачный	46982
авиация	46981
корова	46980
завести	46979
применяться	46978
ложиться	46977
настаивать	46976
изучить	46975
напиток	46974
избрать	46973
освобождение	46972
двойной	46971
письменный	46970
приготовить	46969
сойти	46968
инвестиционный	46967
граф	46966
зачастую	46965
математика	46964
густой	46963
потребоваться	46962
римский	46961
сложить	46960
студия	46959
приход	46958
кремль	46957
авторитет	46956
отражение	46955
накануне	46954
мотор	46953
измерение	46952
небесный	46951
подлинный	46950
заметно	46949
отдельно	46948
исполнить	46947
восстановить	46946
предварительный	46945
искренне	46944
заботиться	46943
избавиться	46942
скрыть	46941
экологический	46940
молиться	46939
киев	46938
повесть	46937
вождь	46936
компонент	46935
нарушить	46934
гордость	46933
невеста	46932
передний	46931
отвести	46930
вклад	46929
русь	46928
говорят	46927
доказывать	46926
отнести	46925
соображение	46924
наблюдаться	46923
глухой	46922
металл	46921
малейший	46920
неправильный	46919
совещание	46918
краткий	46917
подходящий	46916
сопровождать	46915
теоретический	46914
пребывание	46913
нь	46912
ложь	46911
катастрофа	46910
окружение	46909
процессор	46908
справедливый	46907
профиль	46906
образоваться	46905
квартал	46904
законодательный	46903
эксплуатация	46902
домик	46901
окончательный	46900
пожар	46899
головной	46898
подъем	46897
анатолий	46896
металлический	46895
чудесный	46894
ленинград	46893
слуга	46892
осуществить	46891
удачный	46890
решительно	46889
переводить	46888
критический	46887
деятель	46886
нажать	46885
посоветовать	46884
руль	46883
потратить	46882
шестой	46881
блин	46880
дважды	46879
спускаться	46878
негативный	46877
свеча	46876
медведь	46875
оперативный	46874
помешать	46873
наверх	46872
прогноз	46871
опрос	46870
собеседник	46869
вернее	46868
публичный	46867
пожилой	46866
подсказать	46865
супруг	46864
устанавливать	46863
миссия	46862
свидание	46861
дедушка	46860
платформа	46859
володя	46858
тонна	46857
горизонт	46856
индия	46855
уверить	46854
сахар	46853
эволюция	46852
мебель	46851
типичный	46850
пустыня	46849
оригинальный	46848
внутрь	46847
обида	46846
призывать	46845
сочетание	46844
заканчиваться	46843
вооружение	46842
чашка	46841
справка	46840
прокуратура	46839
артист	46838
пожелать	46837
съезд	46836
профессионал	46835
позади	46834
приобретение	46833
принц	46832
график	46831
отдохнуть	46830
философ	46829
превратить	46828
сдавать	46827
племя	46826
юра	46825
ветка	46824
сталкиваться	46823
гнев	46822
захотеться	46821
почтовый	46820
слабость	46819
целиком	46818
консультант	46817
крепость	46816
церковный	46815
разделять	46814
разбираться	46813
правление	46812
сладкий	46811
видать	46810
ствол	46809
завершить	46808
дождаться	46807
независимость	46806
недавний	46805
долина	46804
довести	46803
каталог	46802
забор	46801
фото	46800
суровый	46799
невероятный	46798
пресс	46797
законный	46796
коллекция	46795
благодарность	46794
мгновенно	46793
преодолеть	46792
пугать	46791
целовать	46790
испугаться	46789
отчаяние	46788
спрятать	46787
призвать	46786
некогда	46785
награда	46784
обыкновенный	46783
поделиться	46782
добыча	46781
своеобразный	46780
противный	46779
царство	46778
ярко	46777
революционный	46776
течь	46775
молодец	46774
изменять	46773
ларина	46772
преследовать	46771
немножко	46770
ступень	46769
корпоративный	46768
взаимный	46767
государь	46766
легенда	46765
оппозиция	46764
установление	46763
посещать	46762
посредством	46761
ближний	46760
вплоть	46759
градус	46758
орать	46757
экземпляр	46756
демонстрировать	46755
цифровой	46754
холодно	46753
предположение	46752
настя	46751
тарелка	46750
хранение	46749
благородный	46748
грозить	46747
познание	46746
торчать	46745
издательство	46744
двинуться	46743
неудача	46742
издать	46741
пушка	46740
сломать	46739
муниципальный	46738
пасть	46737
снаряд	46736
сумасшедший	46735
мудрость	46734
мрачный	46733
исполнительный	46732
ядро	46731
историк	46730
медицина	46729
виртуальный	46728
тянуться	46727
тесный	46726
предок	46725
россиянин	46724
сок	46723
плыть	46722
громкий	46721
грозный	46720
рассуждение	46719
достаться	46718
предпринять	46717
расположение	46716
базовый	46715
сержант	46714
великобритания	46713
преступник	46712
видение	46711
класть	46710
избирательный	46709
электрический	46708
волновать	46707
рана	46706
серебряный	46705
гигантский	46704
царский	46703
словарь	46702
кафедра	46701
тотчас	46700
мышь	46699
заказчик	46698
смертный	46697
своё	46696
подписаться	46695
нина	46694
дурной	46693
вследствие	46692
вредный	46691
технологический	46690
блюдо	46689
биться	46688
посол	46687
лапа	46686
поза	46685
старинный	46684
волнение	46683
веревка	46682
придавать	46681
аккуратно	46680
руководить	46679
рота	46678
психический	46677
тетя	46676
нравственный	46675
поставка	46674
закрытый	46673
размышление	46672
константин	46671
беспокоиться	46670
архитектура	46669
математический	46668
прыгать	46667
связывать	46666
нарушать	46665
срочно	46664
одеть	46663
мука	46662
приступить	46661
отчего	46660
доставать	46659
изложить	46658
автоматически	46657
химический	46656
указ	46655
школьник	46654
запустить	46653
обычай	46652
община	46651
лампа	46650
материя	46649
столкнуться	46648
актуальный	46647
ветеран	46646
рок	46645
разрыв	46644
жилой	46643
лицензия	46642
ошибаться	46641
замена	46640
задумываться	46639
организатор	46638
прогулка	46637
прощать	46636
ужасно	46635
королевский	46634
сменить	46633
пустота	46632
опасаться	46631
подобрать	46630
ад	46629
образовательный	46628
рисковать	46627
комментировать	46626
тренировка	46625
ох	46624
осознавать	46623
рассуждать	46622
ежедневно	46621
грань	46620
божественный	46619
молодость	46618
юмор	46617
африка	46616
мягко	46615
твердо	46614
банковский	46613
страховой	46612
уничтожение	46611
устойчивый	46610
алкоголь	46609
пострадать	46608
дизайн	46607
приговор	46606
красиво	46605
управляющий	46604
гарантировать	46603
охотник	46602
расследование	46601
бесплатно	46600
спальня	46599
просмотр	46598
соотношение	46597
белорусский	46596
проза	46595
полномочие	46594
располагаться	46593
поправка	46592
ощутить	46591
скандал	46590
голодный	46589
пламя	46588
логический	46587
совпадать	46586
одеяло	46585
мышца	46584
взаимоотношение	46583
нарисовать	46582
изображать	46581
набирать	46580
укрепление	46579
вводить	46578
фабрика	46577
сторонник	46576
исследовать	46575
направлять	46574
съемка	46573
слепой	46572
пещера	46571
энергетический	46570
рыжий	46569
учеба	46568
утренний	46567
поцеловать	46566
четверть	46565
всемирный	46564
совершенный	46563
оформление	46562
намерен	46561
подушка	46560
соглашаться	46559
полагаться	46558
замысел	46557
цветной	46556
манера	46555
возразить	46554
призыв	46553
утвердить	46552
греческий	46551
валерий	46550
строиться	46549
талантливый	46548
ничего	46547
монитор	46546
дракон	46545
регулярно	46544
выставить	46543
препятствие	46542
волшебный	46541
истребитель	46540
матч	46539
фонарь	46538
официально	46537
подтверждение	46536
седьмой	46535
лифт	46534
изо	46533
производиться	46532
указанный	46531
длиться	46530
настроить	46529
департамент	46528
флаг	46527
владение	46526
элита	46525
батарея	46524
приключение	46523
пособие	46522
сервис	46521
любопытный	46520
окружающие	46519
покидать	46518
успевать	46517
коммунистический	46516
мудрый	46515
нормально	46514
пускать	46513
бледный	46512
вор	46511
обрести	46510
дорожка	46509
послание	46508
внук	46507
весть	46506
выражаться	46505
неприятность	46504
окончить	46503
рассвет	46502
склон	46501
провинция	46500
сформулировать	46499
дабы	46498
недалеко	46497
подряд	46496
пляж	46495
попасться	46494
выжить	46493
кончить	46492
благодарный	46491
хозяйственный	46490
поинтересоваться	46489
перо	46488
модный	46487
переставать	46486
игровой	46485
толк	46484
спасать	46483
избегать	46482
гордиться	46481
заполнить	46480
маркетинг	46479
железнодорожный	46478
браться	46477
книжный	46476
любопытство	46475
предполагаться	46474
ритм	46473
завершение	46472
подвиг	46471
нерв	46470
водить	46469
обмануть	46468
пилот	46467
отзыв	46466
голосование	46465
миссис	46464
христианин	46463
стыдно	46462
иллюзия	46461
гений	46460
плавать	46459
держава	46458
сплошной	46457
невидимый	46456
радостный	46455
академик	46454
оттого	46453
роды	46452
эй	46451
записывать	46450
трасса	46449
екатерина	46448
социалистический	46447
таки	46446
вадим	46445
нету	46444
даваться	46443
рим	46442
угрожать	46441
поместить	46440
продвижение	46439
проиграть	46438
курсы	46437
наибольший	46436
леонид	46435
кругом	46434
предоставление	46433
первоначальный	46432
вложить	46431
протест	46430
ограниченный	46429
выносить	46428
наполеон	46427
ак	46426
сооружение	46425
развитый	46424
сравнивать	46423
разместить	46422
михайлович	46421
тяжесть	46420
бытовой	46419
лечить	46418
турция	46417
запрет	46416
бюджетный	46415
выгода	46414
кавказ	46413
уголок	46412
максимум	46411
перерыв	46410
тренер	46409
москвич	46408
верх	46407
толстой	46406
удовлетворить	46405
опуститься	46404
подавлять	46403
изобразить	46402
шляпа	46401
репутация	46400
чём	46399
добиваться	46398
подчеркивать	46397
гроб	46396
ошибиться	46395
повышенный	46394
поздравлять	46393
употребление	46392
александрович	46391
напечатать	46390
выявить	46389
бассейн	46388
радостно	46387
мэр	46386
пояснить	46385
заявка	46384
внедрение	46383
валюта	46382
максимально	46381
врать	46380
кабина	46379
системный	46378
милиционер	46377
прокурор	46376
испания	46375
критик	46374
служебный	46373
бродить	46372
проговорить	46371
носитель	46370
дешево	46369
неизбежный	46368
куртка	46367
белье	46366
отчасти	46365
непонятно	46364
мозги	46363
грузия	46362
отказать	46361
общественность	46360
актив	46359
численность	46358
обойти	46357
незаметно	46356
заслужить	46355
достичь	46354
отправлять	46353
кладбище	46352
эхо	46351
утратить	46350
славный	46349
евро	46348
учащийся	46347
посадка	46346
ровный	46345
икона	46344
последовательность	46343
двести	46342
вчерашний	46341
добавлять	46340
ботинок	46339
шоу	46338
удобно	46337
штаны	46336
шутить	46335
храниться	46334
батальон	46333
показание	46332
специальность	46331
повесить	46330
трогать	46329
рассчитать	46328
холодильник	46327
ганапольский	46326
стих	46325
арестовать	46324
училище	46323
копейка	46322
раненый	46321
взор	46320
выбросить	46319
усмехнуться	46318
наполнить	46317
выскочить	46316
контора	46315
исход	46314
террорист	46313
чемодан	46312
коммуникация	46311
подвести	46310
пес	46309
инвалид	46308
соблюдать	46307
натура	46306
покачать	46305
распространяться	46304
приглашение	46303
комиссар	46302
вскочить	46301
вслух	46300
младенец	46299
развернуть	46298
употреблять	46297
баланс	46296
подозрение	46295
алиса	46294
виза	46293
универсальный	46292
послужить	46291
размышлять	46290
морда	46289
постановка	46288
внимательный	46287
сражение	46286
фрагмент	46285
дыра	46284
костя	46283
конкретно	46282
ценить	46281
уверенно	46280
торговать	46279
подвал	46278
занятый	46277
коснуться	46276
казать	46275
ложный	46274
семейство	46273
привлекательный	46272
плита	46271
атомный	46270
прервать	46269
заслуживать	46268
проход	46267
разрушение	46266
хор	46265
девица	46264
рукав	46263
украсть	46262
социализм	46261
шеф	46260
располагать	46259
атаковать	46258
секретный	46257
столовая	46256
посещение	46255
выводить	46254
симпатичный	46253
сделаться	46252
продаваться	46251
ш	46250
направляться	46249
предупреждать	46248
ч	46247
благоприятный	46246
палка	46245
выдающийся	46244
рай	46243
бровь	46242
заснуть	46241
переводчик	46240
посреди	46239
вырваться	46238
эх	46237
обещание	46236
совместно	46235
равновесие	46234
следователь	46233
замереть	46232
посольство	46231
бесполезный	46230
применить	46229
финляндия	46228
бумажка	46227
мисс	46226
бабка	46225
нить	46224
быт	46223
мастерская	46222
приезд	46221
подводный	46220
треть	46219
планирование	46218
пророк	46217
федор	46216
оао	46215
возражать	46214
пачка	46213
бизнесмен	46212
поначалу	46211
знамя	46210
охватить	46209
беспокоить	46208
частично	46207
плоть	46206
библия	46205
производительность	46204
настройка	46203
ветвь	46202
расширить	46201
духи	46200
склонный	46199
расстаться	46198
неоднократно	46197
грамм	46196
печь	46195
жуткий	46194
удивительно	46193
красавица	46192
изначально	46191
скрытый	46190
лиза	46189
такси	46188
сиять	46187
положенный	46186
соль	46185
прочь	46184
сметь	46183
окружить	46182
консультация	46181
бросаться	46180
придерживаться	46179
брюки	46178
районный	46177
приветствовать	46176
увеличиваться	46175
засмеяться	46174
прозвучать	46173
сперва	46172
вражеский	46171
повысить	46170
китаец	46169
платок	46168
засыпать	46167
вася	46166
рак	46165
просыпаться	46164
таинственный	46163
программист	46162
охранник	46161
доложить	46160
наряду	46159
коллективный	46158
видео	46157
биологический	46156
футбол	46155
эффективно	46154
признаваться	46153
вступление	46152
бред	46151
сбросить	46150
миля	46149
проклятый	46148
трудиться	46147
порода	46146
посторонний	46145
курица	46144
грустный	46143
чистота	46142
либеральный	46141
убежать	46140
бумажный	46139
отрезать	46138
обширный	46137
происшествие	46136
шоссе	46135
стучать	46134
отменить	46133
яма	46132
ножка	46131
подлежать	46130
идиот	46129
выплата	46128
создатель	46127
соблюдение	46126
скрываться	46125
плен	46124
снимок	46123
ложка	46122
топливо	46121
женя	46120
настать	46119
рождаться	46118
ковер	46117
еле	46116
громадный	46115
магия	46114
сражаться	46113
обнять	46112
заметка	46111
финал	46110
избиратель	46109
бессмысленный	46108
среднее	46107
счесть	46106
галерея	46105
полететь	46104
строительный	46103
монета	46102
финансы	46101
несчастье	46100
жидкость	46099
исправить	46098
слышно	46097
полгода	46096
голосовать	46095
фундаментальный	46094
увеличивать	46093
столб	46092
жених	46091
защитник	46090
специфический	46089
гнать	46088
автоматический	46087
присущий	46086
вирус	46085
денис	46084
бурный	46083
выехать	46082
обусловить	46081
охранять	46080
плотный	46079
мыть	46078
повлиять	46077
загадка	46076
забавный	46075
сунуть	46074
прошептать	46073
безумный	46072
творить	46071
минус	46070
свести	46069
отходить	46068
доза	46067
жалкий	46066
облик	46065
резерв	46064
проникнуть	46063
удержать	46062
исполнитель	46061
присоединиться	46060
устроиться	46059
популярность	46058
проехать	46057
смешно	46056
наслаждаться	46055
диплом	46054
цепочка	46053
тащить	46052
автомобильный	46051
мораль	46050
мусор	46049
арест	46048
формироваться	46047
юрист	46046
пропаганда	46045
борода	46044
тариф	46043
беседовать	46042
нефтяной	46041
разделение	46040
подробный	46039
повторяться	46038
терпение	46037
робот	46036
шапка	46035
выслушать	46034
удалить	46033
скрыться	46032
откровенно	46031
худой	46030
рядовой	46029
отбор	46028
увеличиться	46027
усталость	46026
старушка	46025
уснуть	46024
выпасть	46023
полюбить	46022
искренний	46021
выделять	46020
рыцарь	46019
дежурный	46018
отрицать	46017
светлана	46016
выделяться	46015
частица	46014
динамика	46013
педагог	46012
ирак	46011
всерьез	46010
иоанн	46009
локоть	46008
свойственный	46007
посидеть	46006
звено	46005
ивановна	46004
заслуга	46003
продемонстрировать	46002
преобразование	46001
оля	46000
регулирование	45999
формальный	45998
испортить	45997
гостиная	45996
прятаться	45995
шок	45994
тур	45993
бандит	45992
наслаждение	45991
уступать	45990
законопроект	45989
туча	45988
близость	45987
свернуть	45986
гитара	45985
видеться	45984
позитивный	45983
балкон	45982
объясняться	45981
щит	45980
спокойствие	45979
всевозможный	45978
тыл	45977
догадываться	45976
осмотреть	45975
египет	45974
привлечение	45973
выпускник	45972
недвижимость	45971
монах	45970
поцелуй	45969
прощение	45968
обвинять	45967
чемпионат	45966
артиллерия	45965
собственник	45964
невольно	45963
доставка	45962
оттенок	45961
приз	45960
напряженный	45959
иск	45958
поступление	45957
действительный	45956
гипотеза	45955
постоять	45954
командовать	45953
колония	45952
ввиду	45951
маг	45950
отъезд	45949
забить	45948
размещение	45947
пожалеть	45946
ранить	45945
уверять	45944
возбудить	45943
театральный	45942
лозунг	45941
выбраться	45940
разглядывать	45939
страхование	45938
пот	45937
надолго	45936
пребывать	45935
развлечение	45934
папка	45933
юность	45932
посуда	45931
прикрыть	45930
сформировать	45929
стрелка	45928
достоевский	45927
обозначить	45926
маркс	45925
принципиальный	45924
доставлять	45923
фаза	45922
напасть	45921
сорт	45920
кровавый	45919
обидеть	45918
фашист	45917
турнир	45916
звездный	45915
заканчивать	45914
ванная	45913
противоречить	45912
восприниматься	45911
проспект	45910
разобрать	45909
вынуть	45908
темно	45907
стойка	45906
приложить	45905
предлагаться	45904
мыслить	45903
грузовик	45902
полдень	45901
свыше	45900
уставиться	45899
георгий	45898
стрельба	45897
править	45896
оформить	45895
болото	45894
контрольный	45893
авария	45892
интеллект	45891
леди	45890
захват	45889
послышаться	45888
перечень	45887
развернуться	45886
сохраняться	45885
расходиться	45884
инстинкт	45883
обсуждаться	45882
дорожный	45881
строчка	45880
возглавлять	45879
раса	45878
успокоить	45877
классный	45876
побережье	45875
отозваться	45874
карл	45873
крышка	45872
желудок	45871
васильевич	45870
ведро	45869
тактика	45868
нуль	45867
молния	45866
стеклянный	45865
чеченский	45864
японец	45863
лавка	45862
тезис	45861
разглядеть	45860
вносить	45859
григорий	45858
плащ	45857
оглянуться	45856
значимый	45855
принадлежность	45854
рухнуть	45853
возрастать	45852
важность	45851
суждение	45850
заболеть	45849
компенсация	45848
командующий	45847
облегчение	45846
словом	45845
валяться	45844
поставщик	45843
христианство	45842
уточнить	45841
недовольный	45840
казак	45839
наблюдатель	45838
рукопись	45837
поглядеть	45836
пользование	45835
меню	45834
платеж	45833
смелый	45832
удерживать	45831
таблетка	45830
изготовление	45829
принципиально	45828
медаль	45827
языковой	45826
ведомство	45825
беспокойство	45824
педагогический	45823
моряк	45822
оправдать	45821
седой	45820
поэтический	45819
джордж	45818
одинаково	45817
формировать	45816
планироваться	45815
мощь	45814
желательно	45813
приблизиться	45812
придать	45811
ельцин	45810
величайший	45809
видимость	45808
акцент	45807
супруга	45806
замолчать	45805
приблизительно	45804
ломать	45803
правительственный	45802
торжественный	45801
предшествовать	45800
дьявол	45799
ружье	45798
примечание	45797
блеск	45796
пальто	45795
оптимальный	45794
вставить	45793
вопреки	45792
бунтман	45791
халат	45790
арабский	45789
снизу	45788
крыса	45787
казнь	45786
служащий	45785
развод	45784
драгоценный	45783
колебание	45782
безопасный	45781
муха	45780
заодно	45779
цк	45778
капитализм	45777
устав	45776
снг	45775
весенний	45774
могучий	45773
делить	45772
ледяной	45771
жара	45770
разбудить	45769
рассмеяться	45768
предупреждение	45767
нынче	45766
велосипед	45765
оон	45764
фантастический	45763
рецепт	45762
сан	45761
махнуть	45760
соня	45759
смесь	45758
творение	45757
кредитный	45756
картошка	45755
мелодия	45754
загадочный	45753
студенческий	45752
отыскать	45751
вкусный	45750
шестьдесят	45749
пробормотать	45748
полно	45747
потерпеть	45746
мастерство	45745
радиостанция	45744
конгресс	45743
повсюду	45742
внешность	45741
пешком	45740
персональный	45739
бюро	45738
раздражать	45737
столкновение	45736
идеологический	45735
отложить	45734
штраф	45733
испанский	45732
воспринять	45731
сниться	45730
мучить	45729
джо	45728
дополнение	45727
подчиненный	45726
цех	45725
подчиняться	45724
волга	45723
здравоохранение	45722
решительный	45721
наружу	45720
сократить	45719
лунный	45718
упоминать	45717
прошедший	45716
приоритет	45715
бензин	45714
ленинградский	45713
обрадоваться	45712
повышать	45711
вмешательство	45710
зерно	45709
ток	45708
стоянка	45707
гонка	45706
обувь	45705
заново	45704
льгота	45703
сие	45702
дневной	45701
неизбежно	45700
объединять	45699
коренной	45698
демонстрация	45697
временный	45696
гармония	45695
ориентация	45694
модуль	45693
крым	45692
подвергаться	45691
пообещать	45690
повседневный	45689
милость	45688
элементарный	45687
анализировать	45686
интерфейс	45685
стрела	45684
охватывать	45683
давить	45682
усиление	45681
неверный	45680
группировка	45679
люк	45678
восьмой	45677
турецкий	45676
претендовать	45675
отобрать	45674
праздничный	45673
уста	45672
петров	45671
переехать	45670
квалификация	45669
незначительный	45668
сыр	45667
незаконный	45666
ха	45665
снежный	45664
сергеевич	45663
президентский	45662
скучно	45661
исключительный	45660
обман	45659
зрелище	45658
национальность	45657
купец	45656
провод	45655
гриб	45654
фрукт	45653
ненужный	45652
глянуть	45651
немалый	45650
баня	45649
открыто	45648
миновать	45647
передовой	45646
дарить	45645
потрясать	45644
пулемет	45643
тупой	45642
плоский	45641
церемония	45640
ступенька	45639
переносить	45638
большевик	45637
возбуждение	45636
живопись	45635
советник	45634
оригинал	45633
предстоящий	45632
соперник	45631
поручить	45630
балл	45629
бокал	45628
юбка	45627
стр	45626
экспорт	45625
драться	45624
новгород	45623
худший	45622
конституционный	45621
вспышка	45620
стабильность	45619
прохожий	45618
сиденье	45617
людмила	45616
разведчик	45615
нищий	45614
разрешать	45613
обнаруживать	45612
альтернативный	45611
функциональный	45610
инспектор	45609
налить	45608
понести	45607
возрасти	45606
интерпретация	45605
отвернуться	45604
свинья	45603
потрясти	45602
рациональный	45601
попадаться	45600
желающий	45599
предъявить	45598
скорее	45597
латинский	45596
прибавить	45595
охотно	45594
воспитывать	45593
аня	45592
железо	45591
госпиталь	45590
геннадий	45589
поменять	45588
намек	45587
передо	45586
ванна	45585
хрен	45584
вдвоем	45583
оторвать	45582
климат	45581
лук	45580
целевой	45579
постройка	45578
сопровождаться	45577
пленка	45576
иран	45575
старость	45574
разнообразие	45573
первичный	45572
администратор	45571
сопровождение	45570
кожаный	45569
змея	45568
грустно	45567
биография	45566
отверстие	45565
экспертиза	45564
белоруссия	45563
гордый	45562
рюкзак	45561
строение	45560
кружка	45559
ноутбук	45558
галина	45557
поклонник	45556
покончить	45555
молодежный	45554
травма	45553
скучный	45552
крутить	45551
стремительно	45550
сорвать	45549
тетка	45548
ежедневный	45547
адмирал	45546
походить	45545
прислушиваться	45544
аж	45543
дура	45542
обязать	45541
бедро	45540
потомок	45539
тв	45538
операционный	45537
отнять	45536
осветить	45535
слон	45534
полезть	45533
предусматривать	45532
печатный	45531
любовный	45530
непрерывный	45529
панель	45528
сдача	45527
патрон	45526
интеллигенция	45525
магический	45524
приступ	45523
феномен	45522
вертолет	45521
пароль	45520
отечество	45519
гениальный	45518
забирать	45517
рассылка	45516
полноценный	45515
печаль	45514
опора	45513
освещение	45512
пейзаж	45511
печатать	45510
совершенство	45509
военно	45508
артур	45507
кончаться	45506
боевик	45505
овладеть	45504
снаружи	45503
заглядывать	45502
речка	45501
совокупность	45500
торговец	45499
пиджак	45498
величество	45497
каша	45496
жажда	45495
космонавт	45494
пехота	45493
драка	45492
фашистский	45491
диагноз	45490
стесняться	45489
земельный	45488
вытекать	45487
сводиться	45486
иллюстрация	45485
сережа	45484
сводить	45483
мысленно	45482
возрождение	45481
частый	45480
завоевать	45479
ежегодно	45478
следом	45477
раздаваться	45476
сибирский	45475
солидный	45474
порыв	45473
обновление	45472
кошмар	45471
композиция	45470
сотовый	45469
интеграция	45468
исключать	45467
преимущественно	45466
гуманитарный	45465
натуральный	45464
хитрый	45463
застать	45462
проезд	45461
решающий	45460
диапазон	45459
предпочтение	45458
подхватить	45457
кукла	45456
влюбленный	45455
света	45454
прыжок	45453
уголь	45452
выделение	45451
головка	45450
чемпион	45449
наносить	45448
листок	45447
периодически	45446
почетный	45445
ноготь	45444
фунт	45443
носок	45442
ярость	45441
колхоз	45440
машинка	45439
сверкать	45438
пред	45437
мяч	45436
николаевна	45435
повреждение	45434
мвд	45433
топор	45432
воплощение	45431
ориентироваться	45430
изнутри	45429
жаркий	45428
диета	45427
ес	45426
часовой	45425
поправить	45424
путем	45423
присесть	45422
заработный	45421
современник	45420
пар	45419
канада	45418
конверт	45417
вена	45416
ориентировать	45415
отмечаться	45414
ремень	45413
отпускать	45412
коммунизм	45411
снизить	45410
мм	45409
тем	45408
наилучший	45407
подземный	45406
ус	45405
ник	45404
карандаш	45403
вылететь	45402
разряд	45401
ругаться	45400
заяц	45399
вкладывать	45398
любовник	45397
дальнейшее	45396
зафиксировать	45395
извлечь	45394
нелепый	45393
радовать	45392
неподалеку	45391
неправильно	45390
индекс	45389
прятать	45388
принцесса	45387
лужа	45386
сосуд	45385
хаос	45384
самоуправление	45383
сырой	45382
давний	45381
трагический	45380
психика	45379
асфальт	45378
светить	45377
воинский	45376
чувствоваться	45375
поделать	45374
орел	45373
портал	45372
уничтожать	45371
реплика	45370
плотно	45369
паша	45368
некуда	45367
объявлять	45366
удержаться	45365
тесно	45364
инфраструктура	45363
никита	45362
сессия	45361
телеграмма	45360
верующий	45359
умственный	45358
кинотеатр	45357
ритуал	45356
комплект	45355
смело	45354
филиал	45353
учительница	45352
себе	45351
вечность	45350
танковый	45349
организационный	45348
тренинг	45347
сообразить	45346
светиться	45345
наивный	45344
ознакомиться	45343
коньяк	45342
дефицит	45341
оглядываться	45340
отчетливо	45339
осенний	45338
залив	45337
рваться	45336
сжечь	45335
посчитать	45334
выдвинуть	45333
правитель	45332
передаваться	45331
пацан	45330
пожелание	45329
поддержание	45328
пенсионер	45327
бесконечно	45326
стук	45325
сравнительно	45324
рожать	45323
обходиться	45322
крестьянский	45321
поддаваться	45320
касса	45319
слабо	45318
простор	45317
наказать	45316
мент	45315
здравый	45314
программирование	45313
сеанс	45312
четверо	45311
научно	45310
подружка	45309
сжать	45308
поесть	45307
столичный	45306
возвратиться	45305
скамейка	45304
спортсмен	45303
телевизионный	45302
перечислить	45301
юля	45300
старт	45299
св	45298
скот	45297
изобретение	45296
годиться	45295
обучать	45294
усесться	45293
петровна	45292
алгоритм	45291
заключенный	45290
освоение	45289
кататься	45288
перестройка	45287
полевой	45286
относительный	45285
проделать	45284
медленный	45283
застыть	45282
работодатель	45281
кирпич	45280
убеждать	45279
клиника	45278
невозможность	45277
порождать	45276
аренда	45275
пропускать	45274
предпочесть	45273
исполниться	45272
тропа	45271
сосредоточить	45270
матрос	45269
механический	45268
затылок	45267
раздражение	45266
водный	45265
ру	45264
задумчиво	45263
инфляция	45262
наметить	45261
локальный	45260
потянуться	45259
степь	45258
календарь	45257
закат	45256
грубо	45255
внезапный	45254
дожидаться	45253
ширина	45252
доноситься	45251
оранжевый	45250
повредить	45249
поспешить	45248
всюду	45247
написание	45246
шептать	45245
субъективный	45244
демон	45243
десятый	45242
поп	45241
гнездо	45240
одиннадцать	45239
торжество	45238
модернизация	45237
переписка	45236
барьер	45235
питаться	45234
возвращать	45233
митинг	45232
представиться	45231
прижать	45230
опера	45229
сознательный	45228
госпожа	45227
самоубийство	45226
прибегать	45225
ранг	45224
мыло	45223
поэма	45222
коррупция	45221
оркестр	45220
запрещать	45219
шарик	45218
ваня	45217
жир	45216
газовый	45215
грохот	45214
орбита	45213
освободиться	45212
финский	45211
подразумевать	45210
палочка	45209
вручить	45208
беременный	45207
пожаловаться	45206
превращать	45205
госдума	45204
направо	45203
упорно	45202
аромат	45201
подбородок	45200
минск	45199
триста	45198
осудить	45197
надевать	45196
суп	45195
ооо	45194
объятие	45193
полночь	45192
вытянуть	45191
буря	45190
разочарование	45189
око	45188
совершенствование	45187
общежитие	45186
упустить	45185
аналитик	45184
гражданство	45183
огонек	45182
разрабатывать	45181
обитатель	45180
прочный	45179
соседка	45178
фильтр	45177
должный	45176
тронуть	45175
урал	45174
ерунда	45173
резать	45172
проникать	45171
мужество	45170
эстония	45169
шофер	45168
параллельно	45167
провал	45166
задержка	45165
вправе	45164
убежденный	45163
животный	45162
физически	45161
вопль	45160
ура	45159
физик	45158
клясться	45157
стабильный	45156
жирный	45155
товарный	45154
недолго	45153
знакомиться	45152
сопротивляться	45151
нежно	45150
гладкий	45149
призрак	45148
провожать	45147
условный	45146
регулярный	45145
мышка	45144
адекватный	45143
ай	45142
таможенный	45141
захватывать	45140
внешне	45139
экскурсия	45138
семя	45137
супер	45136
продолжительность	45135
украшение	45134
уменьшение	45133
стройный	45132
публиковать	45131
депрессия	45130
энергетика	45129
радикальный	45128
справляться	45127
уделять	45126
лишиться	45125
вашингтон	45124
сериал	45123
разорвать	45122
овощ	45121
противостоять	45120
сновидение	45119
виновный	45118
фокус	45117
обозначать	45116
пожарный	45115
болтать	45114
проживание	45113
связаться	45112
отражаться	45111
буш	45110
одевать	45109
симптом	45108
переулок	45107
бочка	45106
одеваться	45105
поворачиваться	45104
сомнительный	45103
развести	45102
болезненный	45101
осколок	45100
регулировать	45099
ось	45098
тяжкий	45097
плоскость	45096
раскрывать	45095
закрепить	45094
дистанция	45093
прилететь	45092
годовой	45091
увлечение	45090
обследование	45089
дрова	45088
мадам	45087
отступить	45086
терроризм	45085
ричард	45084
респондент	45083
обряд	45082
нестись	45081
видимый	45080
заря	45079
привязать	45078
издатель	45077
предать	45076
й	45075
отставка	45074
заголовок	45073
отступать	45072
улучшить	45071
изредка	45070
делегация	45069
трамвай	45068
комбинация	45067
попросту	45066
зависть	45065
роскошный	45064
высказаться	45063
окраина	45062
скучать	45061
потребительский	45060
прохождение	45059
подача	45058
комедия	45057
мед	45056
латвия	45055
экономист	45054
решетка	45053
парламентский	45052
деревенский	45051
специфика	45050
функционирование	45049
выключить	45048
вольный	45047
нота	45046
ругать	45045
альтернатива	45044
слышный	45043
расстрелять	45042
шампанское	45041
значимость	45040
женатый	45039
обидеться	45038
пропадать	45037
усилить	45036
специализированный	45035
дурацкий	45034
выполняться	45033
героиня	45032
девятый	45031
перебить	45030
ручей	45029
расслабиться	45028
перспективный	45027
вспыхнуть	45026
гараж	45025
уступить	45024
екатеринбург	45023
кончать	45022
тестирование	45021
джек	45020
се	45019
изменяться	45018
ген	45017
жуков	45016
задумать	45015
чин	45014
заполнять	45013
отбросить	45012
включение	45011
новичок	45010
преступный	45009
идёт	45008
крыльцо	45007
издавать	45006
рубрика	45005
поражать	45004
укрепить	45003
драма	45002
концентрация	45001
заблуждение	45000
налево	44999
дева	44998
перемещение	44997
филипп	44996
спектр	44995
греция	44994
командировка	44993
махать	44992
комплексный	44991
удачно	44990
щель	44989
стальной	44988
звуковой	44987
простота	44986
актриса	44985
ограничивать	44984
чудовищный	44983
рог	44982
грек	44981
выезжать	44980
совершение	44979
прелесть	44978
заключать	44977
глеб	44976
помолчать	44975
поработать	44974
чуждый	44973
осознание	44972
потянуть	44971
возврат	44970
коричневый	44969
напрямую	44968
силовой	44967
недоумение	44966
шкура	44965
армейский	44964
ислам	44963
иосиф	44962
залить	44961
предварительно	44960
упаковка	44959
неизменный	44958
ликвидация	44957
царить	44956
винтовка	44955
перевозка	44954
долгосрочный	44953
отклик	44952
абстрактный	44951
сырье	44950
неудачный	44949
родные	44948
сюрприз	44947
майкл	44946
семен	44945
вырвать	44944
наследник	44943
похороны	44942
юлия	44941
довод	44940
мусульманин	44939
набить	44938
убирать	44937
менеджмент	44936
огненный	44935
окошко	44934
аналитический	44933
благополучно	44932
стадо	44931
упоминаться	44930
порция	44929
тротуар	44928
паника	44927
рейс	44926
рождество	44925
ручной	44924
светский	44923
обстоять	44922
характеризовать	44921
мат	44920
академический	44919
колебаться	44918
запереть	44917
наверху	44916
пробить	44915
сходство	44914
вздрогнуть	44913
осмотр	44912
осторожный	44911
терапия	44910
этнический	44909
глазок	44908
становление	44907
плакат	44906
вечеринка	44905
хх	44904
основываться	44903
наряд	44902
покойный	44901
обожать	44900
блестеть	44899
бык	44898
заработок	44897
нём	44896
владимирович	44895
новейший	44894
симпатия	44893
примитивный	44892
прорыв	44891
коэффициент	44890
материнский	44889
напрасно	44888
степан	44887
мишка	44886
угадать	44885
индивид	44884
поблагодарить	44883
восстание	44882
республиканский	44881
влажный	44880
опускаться	44879
отвратительный	44878
вылет	44877
пик	44876
пригодиться	44875
похоронить	44874
верность	44873
нормативный	44872
павлович	44871
дверца	44870
удобство	44869
импульс	44868
однозначно	44867
слышаться	44866
сознательно	44865
кивать	44864
приготовление	44863
ильич	44862
литва	44861
невинный	44860
повторение	44859
наследие	44858
поляк	44857
сгореть	44856
боковой	44855
ограничиваться	44854
пирамида	44853
сволочь	44852
различать	44851
вежливо	44850
татарин	44849
потихоньку	44848
ночевать	44847
ставиться	44846
откровенный	44845
качать	44844
тираж	44843
убитый	44842
череп	44841
ит	44840
чайник	44839
устанавливаться	44838
кирилл	44837
лариса	44836
нетерпение	44835
мак	44834
убыток	44833
экономия	44832
душ	44831
легкость	44830
уложить	44829
завидовать	44828
обнимать	44827
энтузиазм	44826
допрос	44825
породить	44824
отклонение	44823
урожай	44822
архитектор	44821
авиационный	44820
адам	44819
отличать	44818
епископ	44817
освещать	44816
невысокий	44815
выложить	44814
творец	44813
турок	44812
спрятаться	44811
висок	44810
подъехать	44809
поручение	44808
удовлетворять	44807
пузырь	44806
неожиданность	44805
недостаточный	44804
ласковый	44803
приемлемый	44802
дружить	44801
смертельный	44800
козел	44799
чрезвычайный	44798
тамара	44797
жилищный	44796
дерьмо	44795
выработать	44794
усталый	44793
уволить	44792
жилище	44791
кисть	44790
огород	44789
секция	44788
защитный	44787
освоить	44786
абонент	44785
гвоздь	44784
пенсионный	44783
запуск	44782
очерк	44781
лукашенко	44780
наклониться	44779
равенство	44778
реконструкция	44777
новосибирск	44776
яд	44775
изба	44774
культ	44773
обезьяна	44772
акционер	44771
схватка	44770
писание	44769
составление	44768
спирт	44767
медный	44766
континент	44765
встречный	44764
убегать	44763
бомбардировщик	44762
фантастика	44761
опоздать	44760
сработать	44759
портфель	44758
единственно	44757
сдерживать	44756
строитель	44755
руководствоваться	44754
алексеевич	44753
представительство	44752
агрессивный	44751
проголосовать	44750
серебро	44749
наследство	44748
ян	44747
базар	44746
уличный	44745
премьер	44744
кружок	44743
спуск	44742
полнота	44741
писаться	44740
презентация	44739
звон	44738
скидка	44737
кгб	44736
подключение	44735
сердечный	44734
категорически	44733
индийский	44732
правоохранительный	44731
жалость	44730
тварь	44729
азербайджан	44728
конструктор	44727
сокровище	44726
параллельный	44725
колоссальный	44724
перчатка	44723
бедность	44722
украшать	44721
причинить	44720
ева	44719
предельный	44718
лишать	44717
микрофон	44716
уменьшить	44715
командный	44714
аркадий	44713
сдаваться	44712
дескать	44711
прибытие	44710
формулировка	44709
аналогия	44708
стимулировать	44707
содействие	44706
семьдесят	44705
тогдашний	44704
колбаса	44703
пластиковый	44702
территориальный	44701
корзина	44700
оторваться	44699
свалиться	44698
кинуть	44697
инструктор	44696
традиционно	44695
превращение	44694
непростой	44693
опускать	44692
задница	44691
фактический	44690
имидж	44689
иерархия	44688
ссылаться	44687
стресс	44686
экспериментальный	44685
заплакать	44684
квадрат	44683
полотенце	44682
платон	44681
содержимое	44680
клавиша	44679
изложение	44678
цивилизованный	44677
лишение	44676
опасение	44675
лампочка	44674
юкос	44673
оплатить	44672
индустрия	44671
перевернуть	44670
сельскохозяйственный	44669
путешествовать	44668
молочный	44667
струя	44666
галстук	44665
обманывать	44664
последовательный	44663
граната	44662
развить	44661
нрав	44660
измена	44659
наградить	44658
обижаться	44657
кинуться	44656
вдали	44655
нападать	44654
кабель	44653
туфля	44652
сжимать	44651
отнестись	44650
изящный	44649
накопить	44648
превосходить	44647
пение	44646
статуя	44645
обвинить	44644
трезвый	44643
моё	44642
монстр	44641
протягивать	44640
распад	44639
возражение	44638
украсить	44637
беречь	44636
проводник	44635
шагать	44634
высказывать	44633
возить	44632
неведомый	44631
проектирование	44630
унести	44629
прекращение	44628
петербургский	44627
устранить	44626
нежность	44625
сынок	44624
грамота	44623
швеция	44622
химия	44621
тысячелетие	44620
тревожный	44619
заповедь	44618
пруд	44617
входной	44616
выживание	44615
стыд	44614
заменять	44613
толкать	44612
бабочка	44611
автономный	44610
игнорировать	44609
разойтись	44608
пробка	44607
влюбиться	44606
лень	44605
мрак	44604
артиллерийский	44603
подобие	44602
восхищение	44601
препятствовать	44600
отчаянный	44599
ходорковский	44598
совпадение	44597
забросить	44596
выразиться	44595
чаша	44594
рама	44593
биржа	44592
временно	44591
поселение	44590
мотивация	44589
структурный	44588
дитя	44587
валентин	44586
оплачивать	44585
буржуазный	44584
интуиция	44583
спинка	44582
ничуть	44581
снижать	44580
отразить	44579
араб	44578
стихия	44577
отвращение	44576
исследовательский	44575
ведьма	44574
колодец	44573
выгнать	44572
географический	44571
отстать	44570
анкета	44569
условно	44568
роберт	44567
марш	44566
завершиться	44565
рвать	44564
обслуживать	44563
заклинание	44562
аллах	44561
ловушка	44560
взятка	44559
оказание	44558
колледж	44557
родительский	44556
пароход	44555
новогодний	44554
грандиозный	44553
упор	44552
девка	44551
бормотать	44550
издержка	44549
расстройство	44548
клан	44547
незнакомец	44546
ан	44545
овца	44544
сосна	44543
отвезти	44542
промежуток	44541
валютный	44540
окрестность	44539
толчок	44538
фут	44537
оболочка	44536
валентина	44535
выезд	44534
вдвое	44533
дружеский	44532
классификация	44531
декларация	44530
виталий	44529
близкие	44528
случайность	44527
функционировать	44526
отступление	44525
нисколько	44524
прощаться	44523
сниматься	44522
билл	44521
разновидность	44520
шерсть	44519
гром	44518
мгу	44517
тупик	44516
интенсивный	44515
пленный	44514
твориться	44513
одиночка	44512
матушка	44511
превосходство	44510
конфета	44509
ь	44508
преподавать	44507
ла	44506
грамотный	44505
этика	44504
челюсть	44503
наложить	44502
романтический	44501
срочный	44500
расставить	44499
вмешиваться	44498
приближение	44497
переворот	44496
бухгалтерский	44495
необыкновенный	44494
жарко	44493
проезжать	44492
ползти	44491
интонация	44490
шведский	44489
стереотип	44488
нато	44487
закономерность	44486
собачий	44485
прикрывать	44484
сумерки	44483
разрушать	44482
съездить	44481
дж	44480
упоминание	44479
благополучие	44478
беженец	44477
улететь	44476
воспитать	44475
диссертация	44474
оправдание	44473
ролик	44472
заряд	44471
взвод	44470
плевать	44469
преодоление	44468
пластинка	44467
легкое	44466
эдуард	44465
вздох	44464
успокаивать	44463
маршал	44462
провалиться	44461
отвергнуть	44460
изготовить	44459
редкость	44458
очко	44457
придумывать	44456
сотрудничать	44455
австралия	44454
прекратиться	44453
агрессия	44452
табличка	44451
выстроить	44450
профилактика	44449
групповой	44448
крутиться	44447
одобрить	44446
марс	44445
вич	44444
поляна	44443
некого	44442
поздравить	44441
новенький	44440
стая	44439
уютный	44438
подбирать	44437
очистить	44436
занятость	44435
наполовину	44434
сбежать	44433
дуть	44432
мучиться	44431
гибкий	44430
выдерживать	44429
умолять	44428
встроить	44427
ворона	44426
гоголь	44425
поистине	44424
выучить	44423
гвардия	44422
джинсы	44421
очнуться	44420
жительство	44419
заказывать	44418
стимул	44417
соотечественник	44416
заложник	44415
сорваться	44414
конвенция	44413
непрерывно	44412
двигать	44411
отпечаток	44410
избранный	44409
повториться	44408
выдача	44407
покрытие	44406
чересчур	44405
должностной	44404
определиться	44403
армения	44402
графический	44401
композитор	44400
интимный	44399
накрыть	44398
швейцария	44397
покрывать	44396
отрывок	44395
сука	44394
зад	44393
отставать	44392
неподвижный	44391
колонка	44390
рюмка	44389
печка	44388
притом	44387
глупо	44386
владыка	44385
образованный	44384
кадровый	44383
чудовище	44382
купол	44381
тигр	44380
фотограф	44379
плотность	44378
ласково	44377
обходить	44376
вырезать	44375
смит	44374
деление	44373
ввод	44372
жаждать	44371
сетка	44370
эстетический	44369
олигарх	44368
любезный	44367
путать	44366
всадник	44365
замечательно	44364
австрия	44363
ответный	44362
рыбка	44361
излишний	44360
газпром	44359
юбилей	44358
ловко	44357
салат	44356
матрица	44355
полотно	44354
вблизи	44353
документация	44352
нелегкий	44351
атом	44350
справочник	44349
витрина	44348
аналог	44347
управленческий	44346
повествование	44345
киевский	44344
жар	44343
палуба	44342
деться	44341
сотворить	44340
поиграть	44339
капиталистический	44338
приватизация	44337
союзный	44336
оппонент	44335
посредник	44334
недовольство	44333
официант	44332
электричество	44331
наладить	44330
выбить	44329
плавание	44328
щенок	44327
спид	44326
зелень	44325
разбирать	44324
надежность	44323
дальше	44322
сколь	44321
заводить	44320
невероятно	44319
старец	44318
наполнять	44317
расписание	44316
дипломат	44315
задеть	44314
подавить	44313
кубок	44312
вертикальный	44311
сегмент	44310
горшок	44309
обидно	44308
мамаша	44307
неважно	44306
наводить	44305
модератор	44304
кушать	44303
подключить	44302
сознавать	44301
средневековый	44300
грудной	44299
нибудь	44298
пан	44297
давид	44296
пирог	44295
откровение	44294
алеша	44293
первоначально	44292
промежуточный	44291
боб	44290
ирония	44289
пускай	44288
рекомендоваться	44287
отработать	44286
осуждать	44285
афганистан	44284
славянский	44283
безумие	44282
закурить	44281
приподнять	44280
позаботиться	44279
величие	44278
ожидаться	44277
изумление	44276
штурм	44275
поисковый	44274
выработка	44273
банальный	44272
тетрадь	44271
сердиться	44270
певец	44269
вложение	44268
шуметь	44267
поискать	44266
доехать	44265
исчезновение	44264
склонность	44263
лига	44262
набережная	44261
гордо	44260
энергичный	44259
назначать	44258
магнитный	44257
негр	44256
проявиться	44255
коммунальный	44254
уговорить	44253
клавиатура	44252
олимпиада	44251
залезть	44250
аппаратура	44249
ликвидировать	44248
удивлять	44247
поведать	44246
армянин	44245
стража	44244
пограничный	44243
злоба	44242
оскорбление	44241
кончик	44240
букет	44239
кассета	44238
налет	44237
профсоюз	44236
поселиться	44235
медсестра	44234
обложка	44233
кпк	44232
позор	44231
вдова	44230
парижский	44229
тихонько	44228
европеец	44227
находка	44226
шлем	44225
меньшинство	44224
нарастать	44223
сарай	44222
чувствительный	44221
установленный	44220
повторный	44219
изобрести	44218
ван	44217
добыть	44216
престол	44215
вздыхать	44214
бешеный	44213
купаться	44212
пытка	44211
навести	44210
парочка	44209
проанализировать	44208
пристально	44207
критиковать	44206
здешний	44205
мчаться	44204
горожанин	44203
воробьев	44202
кролик	44201
фундамент	44200
бал	44199
спонсор	44198
королевство	44197
герцог	44196
оборачиваться	44195
ссора	44194
останавливать	44193
внушать	44192
оправдывать	44191
разводить	44190
именовать	44189
подводить	44188
кран	44187
удивленно	44186
порядочный	44185
роковой	44184
ступать	44183
песенка	44182
петя	44181
восемьдесят	44180
олень	44179
настойчиво	44178
барабан	44177
катер	44176
платный	44175
парус	44174
любоваться	44173
отключить	44172
равнодушный	44171
зажечь	44170
корея	44169
коль	44168
удаляться	44167
ежегодный	44166
расставаться	44165
минувший	44164
злость	44163
вторжение	44162
эра	44161
рожа	44160
властный	44159
жестокость	44158
сосредоточиться	44157
тряпка	44156
показ	44155
залог	44154
ферма	44153
познать	44152
отделить	44151
порок	44150
искра	44149
оргазм	44148
монополия	44147
запланировать	44146
койка	44145
выигрывать	44144
аптека	44143
догнать	44142
парадокс	44141
титул	44140
треугольник	44139
детектив	44138
подозрительный	44137
кислород	44136
вращаться	44135
прыгнуть	44134
плавно	44133
вампир	44132
атрибут	44131
северо	44130
ран	44129
витамин	44128
аппетит	44127
заверить	44126
инстанция	44125
отныне	44124
отмена	44123
роскошь	44122
крошечный	44121
напугать	44120
толком	44119
ниша	44118
сдаться	44117
маргарита	44116
презерватив	44115
чеченец	44114
гласить	44113
добровольный	44112
враждебный	44111
мартин	44110
удаление	44109
немногий	44108
люся	44107
сказаться	44106
кошелек	44105
восстанавливать	44104
восхищаться	44103
относить	44102
распахнуть	44101
кора	44100
круто	44099
неправда	44098
криминальный	44097
уловить	44096
расположиться	44095
добровольно	44094
поверх	44093
бедствие	44092
барон	44091
тяга	44090
скользить	44089
хирург	44088
рыбак	44087
фотоаппарат	44086
организованный	44085
рычаг	44084
недоступный	44083
простыня	44082
формально	44081
израильский	44080
наименование	44079
девяносто	44078
заинтересованный	44077
прикладной	44076
диаметр	44075
смотреться	44074
колокол	44073
побеждать	44072
одетый	44071
аукцион	44070
стон	44069
проститутка	44068
неизменно	44067
противоположность	44066
пятьсот	44065
увлекаться	44064
поглядывать	44063
варить	44062
жанна	44061
исламский	44060
чистить	44059
тора	44058
месторождение	44057
маркетинговый	44056
теряться	44055
отразиться	44054
фирменный	44053
пустяк	44052
очаг	44051
спеть	44050
символический	44049
гладить	44048
удалиться	44047
компромисс	44046
жан	44045
выставлять	44044
лишенный	44043
забраться	44042
жилец	44041
смелость	44040
солнышко	44039
кира	44038
грузинский	44037
капуста	44036
уменьшаться	44035
нервно	44034
обедать	44033
печально	44032
инновационный	44031
дружно	44030
меж	44029
воображать	44028
сказываться	44027
бессмертный	44026
смутный	44025
погибший	44024
газетный	44023
выкинуть	44022
тематика	44021
погрузиться	44020
розничный	44019
путешественник	44018
сажать	44017
тройка	44016
ка	44015
обладатель	44014
индеец	44013
отчаянно	44012
задержаться	44011
лить	44010
дизайнер	44009
бег	44008
дырка	44007
начинающий	44006
причём	44005
бухгалтер	44004
констатировать	44003
преследование	44002
подбор	44001
совершаться	44000
спецслужба	43999
хлопнуть	43998
проследить	43997
вмешаться	43996
туристический	43995
ясность	43994
блондинка	43993
жопа	43992
кпрф	43991
отстаивать	43990
елка	43989
поразительный	43988
комп	43987
прописать	43986
обитать	43985
довестись	43984
господство	43983
загрузка	43982
апостол	43981
трусы	43980
внесение	43979
инфекция	43978
галактика	43977
фсб	43976
спичка	43975
электроэнергия	43974
интерьер	43973
своём	43972
портить	43971
устранение	43970
маневр	43969
кпсс	43968
мучительный	43967
аль	43966
договариваться	43965
облегчить	43964
компьютерра	43963
полоска	43962
русло	43961
вал	43960
взлететь	43959
предпосылка	43958
отделять	43957
холл	43956
босс	43955
предлог	43954
олимпийский	43953
шевелиться	43952
водиться	43951
воровать	43950
извиняться	43949
заговор	43948
предпринимать	43947
служение	43946
пройтись	43945
казань	43944
просторный	43943
распространять	43942
всячески	43941
сочувствие	43940
всероссийский	43939
петля	43938
поворачивать	43937
суета	43936
евангелие	43935
шумный	43934
погодить	43933
предстать	43932
статистический	43931
остро	43930
уговаривать	43929
ничтожный	43928
подчинить	43927
эскадрилья	43926
медик	43925
ревность	43924
трещина	43923
намереваться	43922
недра	43921
зам	43920
камин	43919
предъявлять	43918
противостояние	43917
экспертный	43916
прилавок	43915
издержки	43914
отчетность	43913
продвигаться	43912
гад	43911
франк	43910
линейный	43909
протекать	43908
мотоцикл	43907
доброта	43906
сталинский	43905
накопление	43904
престижный	43903
скука	43902
копье	43901
шепот	43900
тропинка	43899
шина	43898
подполковник	43897
батюшка	43896
бесконечность	43895
нервничать	43894
мудрец	43893
закрытие	43892
комсомольский	43891
продолжительный	43890
наркоман	43889
скакать	43888
беспорядок	43887
герман	43886
федорович	43885
шпион	43884
кипеть	43883
предельно	43882
снижаться	43881
бревно	43880
туризм	43879
кривой	43878
го	43877
закрыться	43876
докладывать	43875
резиновый	43874
ноль	43873
ласка	43872
шедевр	43871
взорваться	43870
коса	43869
удостоверение	43868
каникулы	43867
бесчисленный	43866
просмотреть	43865
взамен	43864
веко	43863
хлопать	43862
допустимый	43861
всяческий	43860
алла	43859
избавить	43858
пролететь	43857
классика	43856
пульт	43855
мировоззрение	43854
бак	43853
станок	43852
определенно	43851
поспешно	43850
наткнуться	43849
шахта	43848
фашизм	43847
полюс	43846
любовница	43845
алый	43844
нейтральный	43843
вторичный	43842
нехороший	43841
луг	43840
осматривать	43839
футбольный	43838
военнослужащий	43837
засунуть	43836
теоретически	43835
занести	43834
жидкий	43833
грусть	43832
преданный	43831
бессознательный	43830
вправо	43829
насекомое	43828
партизан	43827
молчаливый	43826
разбитый	43825
убедительный	43824
массив	43823
эрик	43822
венедиктов	43821
этакий	43820
ростов	43819
таскать	43818
шагнуть	43817
излучение	43816
очутиться	43815
даша	43814
армянский	43813
замерзнуть	43812
вячеслав	43811
фракция	43810
разноцветный	43809
гроза	43808
торжественно	43807
присылать	43806
прибывать	43805
бренд	43804
возглавить	43803
хрупкий	43802
выпивать	43801
напиться	43800
будда	43799
октябрьский	43798
невыносимый	43797
сертификат	43796
сказочный	43795
вытаскивать	43794
чайный	43793
мелькать	43792
запомниться	43791
адаптация	43790
эшелон	43789
жутко	43788
дипломатический	43787
шкала	43786
фонтан	43785
заорать	43784
соединять	43783
страстный	43782
урод	43781
включаться	43780
людской	43779
основатель	43778
лауреат	43777
толкнуть	43776
конкурентный	43775
ворваться	43774
котел	43773
выявление	43772
проработать	43771
тормоз	43770
преодолевать	43769
патриарх	43768
мониторинг	43767
энциклопедия	43766
см	43765
одесса	43764
натянуть	43763
королев	43762
сообщаться	43761
увезти	43760
знаток	43759
хан	43758
будить	43757
трибуна	43756
разрешаться	43755
приводиться	43754
виднеться	43753
софья	43752
предпринимательство	43751
хохотать	43750
застрять	43749
чертов	43748
глоток	43747
благотворительный	43746
организовывать	43745
принтер	43744
недоверие	43743
ввп	43742
прикосновение	43741
надя	43740
конкурировать	43739
кислота	43738
ухаживать	43737
сходный	43736
голубь	43735
добывать	43734
проволока	43733
морально	43732
обрабатывать	43731
скончаться	43730
чехов	43729
издалека	43728
иерусалим	43727
смущать	43726
мороженое	43725
белок	43724
легендарный	43723
усиливать	43722
смирнов	43721
табак	43720
соображать	43719
низко	43718
алекс	43717
нанять	43716
преобладать	43715
обозначение	43714
моделирование	43713
неясный	43712
завет	43711
обнаружиться	43710
поставлять	43709
усиливаться	43708
предотвратить	43707
пожаловать	43706
увести	43705
владивосток	43704
неловко	43703
математик	43702
просвещение	43701
кузнецов	43700
сверх	43699
завернуть	43698
муравей	43697
лопата	43696
заехать	43695
питать	43694
характеризоваться	43693
даль	43692
провинциальный	43691
ограничиться	43690
благополучный	43689
исток	43688
откликнуться	43687
жестко	43686
завалить	43685
богиня	43684
коляска	43683
закрываться	43682
количественный	43681
александра	43680
физиономия	43679
мелькнуть	43678
передвижение	43677
отметка	43676
кол	43675
прогрессивный	43674
населенный	43673
связка	43672
классовый	43671
впадать	43670
привыкать	43669
раствор	43668
нажимать	43667
немой	43666
превосходный	43665
чрезмерный	43664
спустить	43663
вежливый	43662
предоставляться	43661
возмущение	43660
вылезать	43659
завтрашний	43658
джентльмен	43657
скачать	43656
влечь	43655
влево	43654
ассортимент	43653
повар	43652
устный	43651
мусульманский	43650
бегство	43649
опросить	43648
огурец	43647
доводить	43646
пена	43645
ребро	43644
выстрелить	43643
рецензия	43642
леша	43641
известность	43640
прах	43639
подоконник	43638
пробежать	43637
излагать	43636
толкование	43635
прикрытие	43634
ежели	43633
лидия	43632
телеканал	43631
участь	43630
настоящее	43629
интервал	43628
былой	43627
тщательный	43626
логичный	43625
братец	43624
дополнительно	43623
губерния	43622
постучать	43621
торопливо	43620
винт	43619
деяние	43618
кое	43617
отдаленный	43616
фига	43615
вика	43614
православие	43613
голландия	43612
затруднение	43611
сильнейший	43610
брачный	43609
горбачев	43608
порвать	43607
допускаться	43606
сара	43605
багаж	43604
толщина	43603
трижды	43602
нехватка	43601
устойчивость	43600
зажать	43599
мистический	43598
чушь	43597
возиться	43596
синдром	43595
сияние	43594
веба	43593
доктрина	43592
трястись	43591
истерика	43590
штурман	43589
утрата	43588
уцелеть	43587
фланг	43586
жевать	43585
такт	43584
донести	43583
справедливо	43582
носиться	43581
глагол	43580
одеться	43579
обоснование	43578
угодить	43577
горячо	43576
генри	43575
рекорд	43574
хуан	43573
открытка	43572
итальянец	43571
примета	43570
электричка	43569
хм	43568
сугубо	43567
мгновенье	43566
прощание	43565
лысый	43564
кружиться	43563
пышный	43562
предвыборный	43561
цирк	43560
почка	43559
колючий	43558
президиум	43557
клинический	43556
затронуть	43555
новинка	43554
обрушиться	43553
твердить	43552
сбегать	43551
вознаграждение	43550
старина	43549
птичий	43548
орех	43547
продумать	43546
презрение	43545
речевой	43544
возбуждать	43543
спаситель	43542
равнина	43541
подвергнуться	43540
секта	43539
присвоить	43538
отвергать	43537
предание	43536
зао	43535
сбыт	43534
вой	43533
массаж	43532
злобный	43531
горизонтальный	43530
затянуться	43529
обижать	43528
целостность	43527
джеймс	43526
посылка	43525
пустынный	43524
балтийский	43523
повестка	43522
бездна	43521
хакер	43520
катиться	43519
запасной	43518
дожить	43517
вообразить	43516
полярный	43515
террор	43514
якорь	43513
прочно	43512
вправду	43511
уравнение	43510
бакс	43509
разбор	43508
согласовать	43507
персона	43506
горечь	43505
телесный	43504
продюсер	43503
месть	43502
католический	43501
счастливо	43500
покраснеть	43499
пролетариат	43498
география	43497
архитектурный	43496
гимназия	43495
усвоить	43494
алло	43493
сборная	43492
железа	43491
банда	43490
даром	43489
демократ	43488
анастасия	43487
помеха	43486
растеряться	43485
крейсер	43484
васильевна	43483
египетский	43482
аплодисменты	43481
вероятный	43480
дэвид	43479
завязать	43478
генетический	43477
сдержать	43476
безработица	43475
объективно	43474
вычислительный	43473
горько	43472
мирно	43471
поздравление	43470
перекресток	43469
разом	43468
социологический	43467
конструктивный	43466
митрополит	43465
сочинять	43464
пошлина	43463
солдатский	43462
благосостояние	43461
снятие	43460
кавказский	43459
фальшивый	43458
снизиться	43457
подвергать	43456
грант	43455
выраженный	43454
слушаться	43453
ц	43452
расстроить	43451
веселье	43450
жюри	43449
крем	43448
достоверный	43447
обосновать	43446
свод	43445
пассивный	43444
лечиться	43443
заинтересоваться	43442
поклониться	43441
плюнуть	43440
звучание	43439
теракт	43438
древность	43437
томас	43436
прижаться	43435
ансамбль	43434
крохотный	43433
предательство	43432
прохладный	43431
метафора	43430
резюме	43429
фиксировать	43428
грядущий	43427
нора	43426
печень	43425
егор	43424
мини	43423
интенсивность	43422
таракан	43421
руслан	43420
нтв	43419
обочина	43418
противоречивый	43417
сходиться	43416
близнец	43415
старательно	43414
преподавание	43413
ос	43412
героический	43411
выбрасывать	43410
переезд	43409
размах	43408
предвидеть	43407
договоренность	43406
прижимать	43405
глина	43404
переработка	43403
трон	43402
летный	43401
взнос	43400
ксения	43399
хвалить	43398
стрелковый	43397
пищевой	43396
ленинский	43395
алтарь	43394
очаровательный	43393
рвануть	43392
референдум	43391
одобрение	43390
гул	43389
крючок	43388
биология	43387
балет	43386
инна	43385
реализоваться	43384
квалифицированный	43383
рыдать	43382
чайка	43381
склониться	43380
запросто	43379
стремительный	43378
божество	43377
метаться	43376
порошок	43375
выяснять	43374
пушкинский	43373
документальный	43372
добродетель	43371
выписать	43370
узор	43369
выслать	43368
джим	43367
стадион	43366
дрожь	43365
человечек	43364
трясти	43363
подписывать	43362
согласование	43361
роддом	43360
трудящийся	43359
либерал	43358
новорожденный	43357
секретарша	43356
подсознание	43355
подсказывать	43354
проповедь	43353
запускать	43352
факс	43351
комфорт	43350
трансформация	43349
преступность	43348
парашют	43347
господствовать	43346
перенос	43345
верхушка	43344
горка	43343
процентный	43342
связываться	43341
цензура	43340
птичка	43339
мутный	43338
интрига	43337
складывать	43336
многолетний	43335
ранение	43334
стирать	43333
сойтись	43332
недаром	43331
неопределенный	43330
насквозь	43329
сумочка	43328
обломок	43327
пересечь	43326
шуба	43325
загнать	43324
бокс	43323
мамин	43322
смириться	43321
рискнуть	43320
поблизости	43319
ударный	43318
петух	43317
упираться	43316
компенсировать	43315
немыслимый	43314
заветный	43313
стрелок	43312
античный	43311
двадцатый	43310
убежище	43309
последовательно	43308
проба	43307
котенок	43306
ведать	43305
визуальный	43304
оцениваться	43303
инженерный	43302
кидать	43301
умерший	43300
бес	43299
упрек	43298
ненадолго	43297
сонный	43296
отнимать	43295
погрузить	43294
драматический	43293
ягода	43292
неприятель	43291
личностный	43290
нитка	43289
сдвиг	43288
неудобный	43287
стоп	43286
пыльный	43285
благословение	43284
уральский	43283
крымский	43282
витя	43281
массивный	43280
отправка	43279
нищета	43278
гимн	43277
патриот	43276
жрец	43275
шестнадцать	43274
пристрастие	43273
гигант	43272
бульвар	43271
нарочно	43270
дуб	43269
присниться	43268
воздействовать	43267
словесный	43266
синтез	43265
уборка	43264
суждено	43263
шить	43262
привозить	43261
страничка	43260
проглотить	43259
перехватить	43258
опасно	43257
местечко	43256
припомнить	43255
составной	43254
шахматы	43253
задыхаться	43252
ущелье	43251
кристалл	43250
десятка	43249
шелковый	43248
цвести	43247
промолчать	43246
переменная	43245
университетский	43244
познакомить	43243
сти	43242
наружный	43241
вилка	43240
старичок	43239
галя	43238
пепел	43237
частенько	43236
слыхать	43235
прихожая	43234
сплошь	43233
ведомость	43232
добираться	43231
полководец	43230
мамочка	43229
езда	43228
тормозить	43227
мэри	43226
завершать	43225
охотиться	43224
снести	43223
избыток	43222
подчинение	43221
импорт	43220
повиснуть	43219
безумно	43218
мурманск	43217
механик	43216
возмещение	43215
спорный	43214
борисович	43213
влезть	43212
змей	43211
взволновать	43210
освобождать	43209
динамический	43208
контур	43207
гудеть	43206
раковина	43205
выдержка	43204
ячейка	43203
бродский	43202
андреевич	43201
валя	43200
моментально	43199
брэнд	43198
зрелый	43197
проигрывать	43196
аккуратный	43195
смениться	43194
страховка	43193
тактический	43192
фигурка	43191
набраться	43190
базироваться	43189
лабиринт	43188
побить	43187
прислушаться	43186
разбросать	43185
ремесло	43184
затрагивать	43183
ослабить	43182
целоваться	43181
обыск	43180
терпеливо	43179
попить	43178
выигрыш	43177
выбираться	43176
обретать	43175
акционерный	43174
фрейд	43173
низший	43172
ввс	43171
зоя	43170
взорвать	43169
рабство	43168
сашка	43167
вытереть	43166
подвергнуть	43165
каюта	43164
попадание	43163
чувствительность	43162
окоп	43161
практиковать	43160
конфигурация	43159
надзор	43158
приказывать	43157
ярмарка	43156
экспозиция	43155
заключительный	43154
хроника	43153
скульптура	43152
распорядиться	43151
неприятно	43150
библейский	43149
косвенный	43148
техник	43147
ира	43146
инспекция	43145
откладывать	43144
органический	43143
отказывать	43142
прорваться	43141
лгать	43140
читаться	43139
разбойник	43138
переходный	43137
скамья	43136
погулять	43135
люба	43134
обыденный	43133
свалить	43132
террористический	43131
шоколад	43130
броня	43129
зрительный	43128
предисловие	43127
пуговица	43126
треск	43125
произвол	43124
проклятие	43123
вдохновение	43122
ленивый	43121
волшебник	43120
оптимизм	43119
ошибочный	43118
приют	43117
особа	43116
периодический	43115
привязанность	43114
верста	43113
африканский	43112
премьера	43111
унижение	43110
медитация	43109
расширять	43108
отводить	43107
банкир	43106
неполный	43105
ук	43104
трактор	43103
думаться	43102
задолженность	43101
обнаружение	43100
общественно	43099
интеллигентный	43098
последователь	43097
восемнадцать	43096
яков	43095
затянуть	43094
занавес	43093
переть	43092
щелкнуть	43091
прочтение	43090
эмиграция	43089
сформироваться	43088
таять	43087
гибнуть	43086
психиатр	43085
хит	43084
высказываться	43083
передвигаться	43082
приемный	43081
индивидуальность	43080
вцепиться	43079
тюремный	43078
вылетать	43077
укол	43076
стаж	43075
привилегия	43074
фондовый	43073
струна	43072
полина	43071
наливать	43070
нахмуриться	43069
вешать	43068
коалиция	43067
раздавать	43066
колдун	43065
погоня	43064
проноситься	43063
кубик	43062
попов	43061
мех	43060
соловьев	43059
физиологический	43058
тревожить	43057
грипп	43056
уплата	43055
алена	43054
подсчет	43053
профессионально	43052
оксана	43051
погладить	43050
рассыпаться	43049
перебирать	43048
булгаков	43047
лыжа	43046
автоматизация	43045
пополам	43044
бетонный	43043
прицел	43042
лиса	43041
маяк	43040
влиятельный	43039
избить	43038
правильность	43037
механика	43036
вихрь	43035
обучаться	43034
антенна	43033
публично	43032
венера	43031
погибать	43030
курорт	43029
разочаровать	43028
мар	43027
замкнутый	43026
предшественник	43025
осторожность	43024
плач	43023
направленность	43022
генрих	43021
схожий	43020
племянник	43019
попрощаться	43018
оборудовать	43017
ас	43016
стенд	43015
приспособить	43014
погубить	43013
хитрость	43012
отрываться	43011
взлет	43010
приветствие	43009
пропуск	43008
управляемый	43007
ощущаться	43006
родовой	43005
воспитатель	43004
осложнение	43003
уронить	43002
рубить	43001
инцидент	43000
издеваться	42999
желанный	42998
презирать	42997
частичный	42996
игла	42995
хронический	42994
приготовиться	42993
аллея	42992
сливаться	42991
пылать	42990
вплотную	42989
индикатор	42988
извинение	42987
алмаз	42986
сэм	42985
близ	42984
побег	42983
молоток	42982
поверхностный	42981
утонуть	42980
экология	42979
этический	42978
ребёнка	42977
отрицательно	42976
рельс	42975
наедине	42974
бюллетень	42973
пчела	42972
бен	42971
сталь	42970
отвлекать	42969
лошадиный	42968
раздумье	42967
оптический	42966
указатель	42965
гид	42964
вырастать	42963
неудобно	42962
упорный	42961
ускорение	42960
побочный	42959
тотальный	42958
классик	42957
иль	42956
соколов	42955
оглядеться	42954
хлопоты	42953
дополнить	42952
летопись	42951
помещаться	42950
червь	42949
возложить	42948
обидный	42947
диктатура	42946
самец	42945
поликлиника	42944
негодяй	42943
оный	42942
валить	42941
указываться	42940
собачка	42939
налогообложение	42938
отличить	42937
шикарный	42936
мрачно	42935
адресовать	42934
императорский	42933
фасад	42932
счёт	42931
кайф	42930
барышня	42929
завоевание	42928
гадость	42927
убедительно	42926
имхо	42925
наплевать	42924
закупка	42923
буржуазия	42922
лад	42921
жрать	42920
теща	42919
шрифт	42918
контейнер	42917
отход	42916
оскорбить	42915
шинель	42914
палач	42913
позабыть	42912
алкогольный	42911
качественно	42910
предчувствие	42909
михайловна	42908
расширяться	42907
наставник	42906
догонять	42905
злиться	42904
сытый	42903
подвижный	42902
майк	42901
разбиться	42900
личной	42899
отреагировать	42898
пионер	42897
норвегия	42896
сторож	42895
вестник	42894
восхождение	42893
некто	42892
санкция	42891
прочитывать	42890
праздновать	42889
разложить	42888
спастись	42887
бутерброд	42886
сборка	42885
испуг	42884
соблазн	42883
джип	42882
питерский	42881
слияние	42880
значок	42879
прическа	42878
ласкать	42877
уставать	42876
похвала	42875
арсенал	42874
ускорить	42873
особняк	42872
пожить	42871
просидеть	42870
литератор	42869
поглощать	42868
литься	42867
пресловутый	42866
неподвижно	42865
приспособление	42864
различаться	42863
цепляться	42862
бас	42861
выпадать	42860
увольнение	42859
просматривать	42858
достигаться	42857
снабдить	42856
социология	42855
пересекать	42854
пират	42853
лягушка	42852
востребовать	42851
прозвище	42850
глубинный	42849
хохот	42848
коли	42847
романов	42846
сократиться	42845
первое	42844
четырнадцать	42843
погружаться	42842
комар	42841
крайность	42840
арена	42839
оборонительный	42838
достойно	42837
потрясение	42836
каблук	42835
александровна	42834
прелестный	42833
впрямь	42832
расспрашивать	42831
общность	42830
кузов	42829
обновить	42828
уделить	42827
наземный	42826
диктовать	42825
студентка	42824
кухонный	42823
ет	42822
свадебный	42821
воспроизведение	42820
пообщаться	42819
текстовый	42818
мостик	42817
накормить	42816
беслан	42815
вица	42814
аборт	42813
испуганно	42812
досада	42811
публиковаться	42810
мобильник	42809
коллегия	42808
задолго	42807
перебраться	42806
ограда	42805
репрессия	42804
приток	42803
охотничий	42802
имперский	42801
гонять	42800
паровоз	42799
крепостной	42798
продовольствие	42797
га	42796
топ	42795
продвинуть	42794
оглядеть	42793
бронзовый	42792
обобщение	42791
супружеский	42790
злодей	42789
другое	42788
погаснуть	42787
гагарин	42786
обрыв	42785
гриша	42784
звенеть	42783
рев	42782
живописный	42781
сочетаться	42780
нежелательный	42779
укладываться	42778
виктория	42777
наглый	42776
дефект	42775
рита	42774
постигнуть	42773
блаженный	42772
составляющая	42771
нижегородский	42770
ракетный	42769
мурманский	42768
изрядно	42767
изволить	42766
отбить	42765
элитный	42764
убогий	42763
поединок	42762
запирать	42761
дернуть	42760
емкость	42759
очертание	42758
придётся	42757
лопнуть	42756
ный	42755
скрипка	42754
лирический	42753
отрезок	42752
казино	42751
перемещаться	42750
невский	42749
гарнизон	42748
стукнуть	42747
борец	42746
догадка	42745
зубной	42744
развалиться	42743
экономить	42742
ль	42741
абзац	42740
наказывать	42739
взаимосвязь	42738
понемногу	42737
диагностика	42736
кратко	42735
фрэнк	42734
тост	42733
превысить	42732
франц	42731
хорошенько	42730
силуэт	42729
милосердие	42728
въехать	42727
компетенция	42726
благой	42725
воспроизводить	42724
мундир	42723
болтаться	42722
васильев	42721
архангельский	42720
развалины	42719
скелет	42718
чешский	42717
влад	42716
елизавета	42715
свист	42714
зловещий	42713
чё	42712
сенатор	42711
возмутиться	42710
сочувствовать	42709
привязывать	42708
сено	42707
обречь	42706
братство	42705
няня	42704
отзываться	42703
умеренный	42702
лондонский	42701
свое	42700
поклон	42699
дуга	42698
тонкость	42697
возвратить	42696
исторически	42695
приступать	42694
отрицание	42693
неблагоприятный	42692
внутренне	42691
предатель	42690
миграция	42689
эротический	42688
размахивать	42687
пострадавший	42686
бывало	42685
покойник	42684
авто	42683
кучка	42682
простейший	42681
мерседес	42680
густо	42679
рождественский	42678
жечь	42677
издали	42676
селение	42675
дискотека	42674
наделить	42673
капитальный	42672
покров	42671
несправедливый	42670
влечение	42669
сломаться	42668
стройка	42667
соленый	42666
купе	42665
обыватель	42664
вглядываться	42663
выбежать	42662
сожалеть	42661
мертвец	42660
безразличный	42659
задерживаться	42658
джонни	42657
разногласие	42656
выдвигать	42655
современность	42654
свердловский	42653
пришелец	42652
суша	42651
возрастной	42650
вытирать	42649
фермер	42648
разворачиваться	42647
узбекистан	42646
возвышаться	42645
комплимент	42644
репортаж	42643
град	42642
икра	42641
жестоко	42640
рывок	42639
пьер	42638
гитлеровец	42637
землетрясение	42636
вывезти	42635
казнить	42634
нахождение	42633
парадный	42632
выдумать	42631
провозгласить	42630
коррекция	42629
коготь	42628
изъять	42627
порадовать	42626
присоединяться	42625
тоталитарный	42624
резолюция	42623
фотка	42622
экзотический	42621
минеральный	42620
походка	42619
уносить	42618
родственный	42617
бланк	42616
матка	42615
лебедь	42614
пасха	42613
подбежать	42612
взаимодействовать	42611
сундук	42610
внучка	42609
консервативный	42608
устраиваться	42607
живо	42606
кража	42605
нулевой	42604
интеллигент	42603
тонуть	42602
небось	42601
осмыслить	42600
лечебный	42599
молдова	42598
туманный	42597
голландский	42596
благодать	42595
парад	42594
реабилитация	42593
доброволец	42592
уран	42591
ком	42590
разбивать	42589
противодействие	42588
весы	42587
разгар	42586
крах	42585
впредь	42584
выдаваться	42583
уменьшиться	42582
земляк	42581
извиниться	42580
давность	42579
поощрять	42578
загореться	42577
мыслитель	42576
незадолго	42575
ректор	42574
учитываться	42573
таможня	42572
приоткрыть	42571
помниться	42570
обучить	42569
руководящий	42568
приговорить	42567
модем	42566
похитить	42565
коробочка	42564
клятва	42563
телега	42562
плясать	42561
прихватить	42560
заведомо	42559
однозначный	42558
нетрудно	42557
старшина	42556
немедленный	42555
исправлять	42554
жук	42553
вооружить	42552
кличка	42551
чудный	42550
лида	42549
дружный	42548
осетия	42547
казахский	42546
груда	42545
сбрасывать	42544
врезаться	42543
ля	42542
амбиция	42541
сидение	42540
лик	42539
вынимать	42538
растительный	42537
осваивать	42536
императрица	42535
жать	42534
серега	42533
павловна	42532
бессмертие	42531
репетиция	42530
исправление	42529
грузовой	42528
казарма	42527
рыбалка	42526
изд	42525
тесто	42524
задаваться	42523
уменьшать	42522
полезно	42521
картофель	42520
небрежно	42519
отсек	42518
ахматова	42517
желаемый	42516
вычисление	42515
лезвие	42514
вылезти	42513
мерзкий	42512
косметика	42511
проникновение	42510
конечность	42509
русскоязычный	42508
тренироваться	42507
зарегистрироваться	42506
женька	42505
ил	42504
тронуться	42503
поперек	42502
крошка	42501
разгром	42500
иркутск	42499
подставить	42498
тусклый	42497
намекать	42496
вставлять	42495
нежелание	42494
приписывать	42493
бунт	42492
николаев	42491
роща	42490
саня	42489
терминология	42488
необычайно	42487
пятерка	42486
выглянуть	42485
штурмовик	42484
пригодный	42483
выручка	42482
обилие	42481
распоряжаться	42480
снабжение	42479
гормон	42478
помещать	42477
ющенко	42476
слушание	42475
укреплять	42474
выть	42473
бремя	42472
угодный	42471
пробираться	42470
плеер	42469
памятный	42468
графика	42467
возвести	42466
сдвинуть	42465
перевал	42464
курение	42463
паутина	42462
семнадцать	42461
снаряжение	42460
доминировать	42459
принятый	42458
ткнуть	42457
навязывать	42456
бессильный	42455
азиатский	42454
седло	42453
гвардейский	42452
правота	42451
умолчание	42450
полигон	42449
журналистика	42448
больничный	42447
подчас	42446
положительно	42445
претендент	42444
устремиться	42443
корона	42442
прочность	42441
модификация	42440
болгария	42439
валера	42438
поздороваться	42437
предсказать	42436
повиноваться	42435
коза	42434
несомненный	42433
многократно	42432
выгодно	42431
украинец	42430
коварный	42429
аккумулятор	42428
револьвер	42427
благословить	42426
переспросить	42425
кривая	42424
обмениваться	42423
сущий	42422
закуска	42421
плановый	42420
блокнот	42419
гусь	42418
увлечь	42417
почерк	42416
прибежать	42415
ценовой	42414
побрать	42413
перелом	42412
поддерживаться	42411
досуг	42410
световой	42409
супермаркет	42408
весить	42407
ребеночек	42406
реактор	42405
отрывать	42404
майка	42403
посему	42402
царица	42401
отбирать	42400
окраска	42399
скорбь	42398
евросоюз	42397
облигация	42396
постепенный	42395
вспомогательный	42394
маяковский	42393
бюрократия	42392
неинтересный	42391
имение	42390
конный	42389
неповторимый	42388
оп	42387
устареть	42386
утка	42385
санитарный	42384
вектор	42383
унитаз	42382
барак	42381
мемуары	42380
реестр	42379
мерцать	42378
острота	42377
стереть	42376
оправдываться	42375
кандидатура	42374
ресница	42373
авторитетный	42372
чердак	42371
снейп	42370
казенный	42369
сверстник	42368
яркость	42367
финн	42366
бодрый	42365
слог	42364
несовершеннолетний	42363
кремлевский	42362
торт	42361
магнитофон	42360
гадать	42359
методический	42358
неважный	42357
оптимизация	42356
смешанный	42355
озаботить	42354
пробыть	42353
куба	42352
экс	42351
пальма	42350
оскорблять	42349
башка	42348
пушистый	42347
жадно	42346
самара	42345
молоденький	42344
листва	42343
выясняться	42342
провокация	42341
лебедев	42340
оснастить	42339
реалия	42338
речной	42337
культурно	42336
ориентир	42335
неопределенность	42334
приоритетный	42333
веселиться	42332
стивен	42331
чат	42330
пятка	42329
извне	42328
комсомолец	42327
альберт	42326
самостоятельность	42325
сочинить	42324
британия	42323
слиться	42322
национализм	42321
развитой	42320
подписание	42319
раскрытие	42318
эпидемия	42317
провайдер	42316
линейка	42315
заблудиться	42314
дремать	42313
дверной	42312
впасть	42311
великолепно	42310
укрыться	42309
талия	42308
показательный	42307
электроника	42306
усадьба	42305
лекарственный	42304
софт	42303
бомж	42302
ненормальный	42301
воплотить	42300
андреев	42299
нравственность	42298
австрийский	42297
хребет	42296
орлов	42295
марксизм	42294
въезд	42293
надлежать	42292
аварийный	42291
чек	42290
мраморный	42289
цент	42288
пятеро	42287
патриотизм	42286
идеально	42285
доверить	42284
чубайс	42283
хранитель	42282
вывеска	42281
дань	42280
рыбный	42279
импортный	42278
ныть	42277
дворянин	42276
ть	42275
спартак	42274
вдобавок	42273
тринадцать	42272
всём	42271
прекращать	42270
яхта	42269
номинация	42268
дрогнуть	42267
песчаный	42266
стартовать	42265
финансировать	42264
заголовка	42263
объектив	42262
забегать	42261
казна	42260
загрязнение	42259
гном	42258
рон	42257
хрущев	42256
альфа	42255
моисей	42254
лениво	42253
рассудок	42252
долгожданный	42251
поделить	42250
заход	42249
ирландия	42248
прокомментировать	42247
дополнять	42246
сейф	42245
отцовский	42244
истинно	42243
схватиться	42242
майя	42241
качаться	42240
минутка	42239
корм	42238
обработать	42237
достоверность	42236
троллейбус	42235
специализация	42234
одержать	42233
постсоветский	42232
фонарик	42231
паук	42230
подписка	42229
баран	42228
сэкономить	42227
могущество	42226
перепись	42225
координаты	42224
расцвет	42223
утешение	42222
кишка	42221
стас	42220
зять	42219
тоннель	42218
пошутить	42217
навестить	42216
молекула	42215
посередине	42214
непонимание	42213
рао	42212
отравить	42211
пк	42210
склонить	42209
потомство	42208
взойти	42207
верблюд	42206
причинять	42205
замедлить	42204
комбинат	42203
длительность	42202
зоопарк	42201
детишки	42200
прирост	42199
беспомощный	42198
листовка	42197
стонать	42196
экстремальный	42195
заливать	42194
канон	42193
предотвращение	42192
складка	42191
рубаха	42190
насмешка	42189
обои	42188
достояние	42187
задействовать	42186
скромно	42185
материально	42184
придворный	42183
певица	42182
блокада	42181
увлечься	42180
греметь	42179
дрянь	42178
занавеска	42177
заданный	42176
масштабный	42175
воспитательный	42174
объединиться	42173
уместный	42172
отдельность	42171
алкоголик	42170
процветать	42169
возмущаться	42168
перечислять	42167
прага	42166
честность	42165
рсфср	42164
тьфу	42163
побыть	42162
дюйм	42161
кастрюля	42160
разыскать	42159
клейн	42158
никитин	42157
эволюционный	42156
отдача	42155
смысловой	42154
врожденный	42153
преданность	42152
разборка	42151
пояснять	42150
вспомниться	42149
гребень	42148
самка	42147
отомстить	42146
тайга	42145
протестовать	42144
пульс	42143
ощутимый	42142
грамотно	42141
приземлиться	42140
искажение	42139
помидор	42138
кирпичный	42137
димка	42136
покушение	42135
свитер	42134
проектный	42133
размещаться	42132
конкурсный	42131
восходить	42130
извлекать	42129
блаженство	42128
христов	42127
приемник	42126
ожить	42125
вводиться	42124
замужем	42123
блокировать	42122
знакомая	42121
налицо	42120
спиртное	42119
мари	42118
чертеж	42117
смешать	42116
изобилие	42115
поплыть	42114
пир	42113
упадок	42112
негодование	42111
донестись	42110
пересечение	42109
сатана	42108
безнадежный	42107
партнерство	42106
тайно	42105
помереть	42104
спускать	42103
улетать	42102
темнеть	42101
пшеница	42100
пространственный	42099
веровать	42098
употребить	42097
являть	42096
празднование	42095
посмеяться	42094
сухо	42093
некоммерческий	42092
погасить	42091
обыкновенно	42090
склоняться	42089
откинуться	42088
бухта	42087
береза	42086
главнокомандующий	42085
мид	42084
отдаваться	42083
символизировать	42082
индустриальный	42081
глобализация	42080
незаметный	42079
пожертвовать	42078
артем	42077
мучение	42076
ветерок	42075
применительно	42074
особь	42073
шекспир	42072
цветовой	42071
крона	42070
увидеться	42069
низ	42068
монолог	42067
сердито	42066
вертикаль	42065
семенович	42064
любопытно	42063
нии	42062
залп	42061
приблизить	42060
ницше	42059
фара	42058
сравнительный	42057
генератор	42056
манипуляция	42055
лавочка	42054
грузин	42053
немногие	42052
исчерпать	42051
дружок	42050
швейцарский	42049
пересмотреть	42048
сало	42047
ядовитый	42046
татарский	42045
рига	42044
литовский	42043
десант	42042
казанский	42041
засада	42040
безо	42039
повышаться	42038
изгнать	42037
отвлечься	42036
координация	42035
детальный	42034
поползти	42033
мерка	42032
чувственный	42031
содействовать	42030
уезд	42029
обход	42028
вертеться	42027
потреблять	42026
вращение	42025
преграда	42024
разъяснение	42023
резервный	42022
мучительно	42021
могущественный	42020
дания	42019
калифорния	42018
винить	42017
казачий	42016
преемник	42015
эльф	42014
ховать	42013
римлянин	42012
поднос	42011
основательно	42010
бум	42009
развестись	42008
осмелиться	42007
андреевна	42006
заведовать	42005
прекращаться	42004
автомашина	42003
нацелить	42002
обвиняемый	42001
пошёл	42000
совать	41999
стан	41998
соседство	41997
марья	41996
югославия	41995
влага	41994
устало	41993
ми	41992
неудобство	41991
решимость	41990
воротник	41989
сближение	41988
безработный	41987
описываться	41986
храбрый	41985
троица	41984
ринуться	41983
предсказание	41982
ассоциироваться	41981
воробей	41980
оперативно	41979
вилла	41978
фиолетовый	41977
вскрикнуть	41976
садик	41975
жкх	41974
шаблон	41973
упереться	41972
сбивать	41971
банкротство	41970
оперировать	41969
умело	41968
бельгия	41967
сосать	41966
наглядный	41965
сравнимый	41964
всевышний	41963
альянс	41962
сбоку	41961
безобразие	41960
партизанский	41959
грунт	41958
пристальный	41957
вкусно	41956
дэн	41955
жизненно	41954
иллюстрировать	41953
григорьевич	41952
вырастить	41951
добавка	41950
светло	41949
почтенный	41948
смертельно	41947
отвлечь	41946
ваза	41945
парадоксальный	41944
крещение	41943
жадный	41942
штирлиц	41941
милицейский	41940
послевоенный	41939
обморок	41938
хата	41937
профессионализм	41936
испугать	41935
воронеж	41934
поддаться	41933
замирать	41932
сбой	41931
быстрота	41930
даёт	41929
прилагать	41928
недопустимый	41927
выяснение	41926
сергеевна	41925
надежно	41924
купюра	41923
станислав	41922
предписание	41921
полуостров	41920
крокодил	41919
ползать	41918
перец	41917
усилиться	41916
вова	41915
будка	41914
подражать	41913
одновременный	41912
сорокин	41911
пришёл	41910
джин	41909
печататься	41908
хранилище	41907
бедняга	41906
раскольников	41905
старание	41904
непривычный	41903
боря	41902
социолог	41901
привлекательность	41900
венгрия	41899
дергать	41898
надлежащий	41897
произвольный	41896
красавец	41895
троцкий	41894
поспать	41893
кормление	41892
несправедливость	41891
контраст	41890
нюанс	41889
трактовка	41888
равнодушно	41887
есенин	41886
шахматный	41885
блог	41884
хищник	41883
некрасивый	41882
измерять	41881
отходы	41880
вылезть	41879
пух	41878
шапочка	41877
инсулин	41876
нечистый	41875
либерализм	41874
ди	41873
подъезжать	41872
очевидец	41871
пермь	41870
жареный	41869
прерывать	41868
побуждать	41867
удалять	41866
баку	41865
запеть	41864
коктейль	41863
посметь	41862
нлп	41861
парить	41860
вспыхивать	41859
швырнуть	41858
вовлечь	41857
прикоснуться	41856
изобретатель	41855
специализироваться	41854
скользкий	41853
слюна	41852
вскрыть	41851
совпасть	41850
хорошенький	41849
лак	41848
помчаться	41847
действо	41846
белка	41845
эмигрант	41844
напарник	41843
демографический	41842
монтаж	41841
подмосковье	41840
отодвинуть	41839
пешеход	41838
единичный	41837
петька	41836
подлый	41835
избыточный	41834
напрягать	41833
уточнение	41832
бор	41831
нелегко	41830
устоять	41829
недоразумение	41828
судорожно	41827
забивать	41826
удариться	41825
подданный	41824
вспоминаться	41823
робкий	41822
зажигать	41821
добавление	41820
офицерский	41819
сирота	41818
тележка	41817
вырабатывать	41816
следственный	41815
подавление	41814
замешательство	41813
красноярск	41812
красноярский	41811
опровергнуть	41810
эскадра	41809
выплатить	41808
опция	41807
непредсказуемый	41806
стихийный	41805
кинжал	41804
облегчать	41803
обнажить	41802
обнаженный	41801
правонарушение	41800
активист	41799
настольный	41798
затея	41797
предпринимательский	41796
калитка	41795
водяной	41794
ветхий	41793
ся	41792
боеприпасы	41791
приказание	41790
скотина	41789
вручную	41788
здоровенный	41787
пропорция	41786
престиж	41785
иудей	41784
обнаруживаться	41783
податься	41782
цветаева	41781
спам	41780
гонорар	41779
варвар	41778
исполняться	41777
рискованный	41776
пословица	41775
вовсю	41774
буфет	41773
огневой	41772
неотъемлемый	41771
водопад	41770
славянин	41769
стипендия	41768
радиус	41767
грамматика	41766
вычислить	41765
информировать	41764
пафос	41763
запутаться	41762
боксер	41761
безусловный	41760
хижина	41759
золотистый	41758
ритуальный	41757
участковый	41756
развал	41755
пастух	41754
информационно	41753
пробиваться	41752
приемная	41751
пролетать	41750
типография	41749
прим	41748
сострадание	41747
субстанция	41746
копать	41745
султан	41744
банан	41743
майский	41742
парта	41741
кит	41740
широта	41739
присутствующий	41738
отопление	41737
шаман	41736
семенов	41735
копыто	41734
напоследок	41733
пониматься	41732
чехия	41731
радуга	41730
увлекательный	41729
караул	41728
раздумывать	41727
утверждаться	41726
методология	41725
впечатлять	41724
дюжина	41723
терминал	41722
полезность	41721
варшава	41720
гамма	41719
туннель	41718
грабить	41717
персидский	41716
спад	41715
вздумать	41714
киоск	41713
канцелярия	41712
ссориться	41711
тыкать	41710
неограниченный	41709
яростный	41708
разыскивать	41707
финальный	41706
сбыться	41705
знатный	41704
реветь	41703
шрам	41702
изысканный	41701
истечение	41700
лидерство	41699
рождать	41698
вакансия	41697
серебристый	41696
уведомление	41695
чистка	41694
цилиндр	41693
компетентный	41692
показываться	41691
ср	41690
династия	41689
брошюра	41688
трюк	41687
обстрел	41686
продавщица	41685
медь	41684
воскресный	41683
рояль	41682
шепнуть	41681
патриотический	41680
уильям	41679
высочайший	41678
угрюмый	41677
дворник	41676
штамп	41675
мыс	41674
фюрер	41673
ника	41672
житейский	41671
сочетать	41670
чепуха	41669
алфавит	41668
трактат	41667
отделаться	41666
лука	41665
нева	41664
бразилия	41663
говно	41662
взлетать	41661
дорогостоящий	41660
проем	41659
толковать	41658
должное	41657
разрабатываться	41656
перекрыть	41655
уточнять	41654
втроем	41653
пассажирский	41652
транс	41651
искренность	41650
электрон	41649
принудительный	41648
воровство	41647
надобность	41646
сладко	41645
нереальный	41644
рк	41643
одноклассник	41642
пробиться	41641
списать	41640
форд	41639
штатный	41638
правосудие	41637
арка	41636
свалка	41635
негромко	41634
кредитор	41633
революционер	41632
обильный	41631
ильин	41630
накопиться	41629
заповедник	41628
пальчик	41627
разлука	41626
жуковский	41625
мельница	41624
реформирование	41623
заинтересованность	41622
эл	41621
приставать	41620
прикинуть	41619
расчетный	41618
создаться	41617
хоронить	41616
зеркальный	41615
промысел	41614
похудеть	41613
трогательный	41612
заявитель	41611
вулкан	41610
продлить	41609
кружить	41608
челябинск	41607
бутылочка	41606
зарасти	41605
упрямый	41604
систематический	41603
тоненький	41602
выкладывать	41601
авангард	41600
юстиция	41599
сп	41598
утешать	41597
употребляться	41596
переменный	41595
касьянов	41594
улучшать	41593
иркутский	41592
сварить	41591
курсант	41590
сокращать	41589
оскар	41588
домен	41587
молить	41586
соратник	41585
нелегальный	41584
контактный	41583
гипноз	41582
боязнь	41581
недорогой	41580
опомниться	41579
чернила	41578
защищаться	41577
перепутать	41576
испанец	41575
расстрел	41574
щедрый	41573
усмешка	41572
идейный	41571
вымыть	41570
страстно	41569
пополнение	41568
растерянность	41567
румыния	41566
туго	41565
одолеть	41564
скользнуть	41563
сперма	41562
пестрый	41561
годовщина	41560
визг	41559
анонимный	41558
маньяк	41557
ужинать	41556
бережно	41555
ленка	41554
волков	41553
лазерный	41552
срываться	41551
запрещаться	41550
переделать	41549
шов	41548
налогоплательщик	41547
подносить	41546
поглотить	41545
мошенник	41544
медиа	41543
родство	41542
уступка	41541
подражание	41540
мужественный	41539
прапорщик	41538
укладывать	41537
пьянство	41536
безграничный	41535
четверка	41534
выдохнуть	41533
подготовиться	41532
тепловой	41531
потеряться	41530
хвататься	41529
нехорошо	41528
опаздывать	41527
даровать	41526
выписывать	41525
бегом	41524
потерпевший	41523
вперёд	41522
пронзительный	41521
эстонский	41520
пейджер	41519
передумать	41518
недостойный	41517
запоминать	41516
носовой	41515
раздеваться	41514
легион	41513
арбитражный	41512
овраг	41511
квантовый	41510
разрезать	41509
пробуждение	41508
павильон	41507
машинально	41506
лапка	41505
скважина	41504
пирожок	41503
осуждение	41502
морозов	41501
индивидуум	41500
напряженность	41499
кант	41498
сбережение	41497
капелька	41496
михайлов	41495
тощий	41494
ландшафт	41493
монархия	41492
виноград	41491
симонов	41490
проложить	41489
издательский	41488
миска	41487
стартовый	41486
краткосрочный	41485
гудок	41484
побуждение	41483
сударь	41482
значиться	41481
глотать	41480
уязвимый	41479
второстепенный	41478
курьер	41477
выглядывать	41476
зависимый	41475
оборвать	41474
коммерсант	41473
папаша	41472
офисный	41471
инерция	41470
напряженно	41469
очистка	41468
дежурство	41467
солидарность	41466
растерянно	41465
равнодушие	41464
леха	41463
павлов	41462
сухопутный	41461
экономически	41460
дисплей	41459
кредитование	41458
созреть	41457
наемный	41456
пласт	41455
упускать	41454
лимон	41453
шишка	41452
бля	41451
дико	41450
краснеть	41449
порой	41448
сословие	41447
смутно	41446
татарстан	41445
ма	41444
изоляция	41443
раствориться	41442
аппаратный	41441
влагалище	41440
ржавый	41439
датчик	41438
репортер	41437
иуда	41436
неторопливо	41435
многообразие	41434
тополь	41433
повязка	41432
разбирательство	41431
одобрять	41430
первобытный	41429
вступительный	41428
карманный	41427
санаторий	41426
переписать	41425
умудриться	41424
свершиться	41423
безнадежно	41422
псевдоним	41421
комендант	41420
сувенир	41419
внушительный	41418
старенький	41417
марта	41416
поди	41415
авраам	41414
мэрия	41413
фуражка	41412
ё	41411
прикол	41410
минуть	41409
яростно	41408
месячный	41407
майерс	41406
пожимать	41405
туалетный	41404
серьезность	41403
нырнуть	41402
искушение	41401
заросль	41400
необычайный	41399
забава	41398
диана	41397
викторович	41396
идентификация	41395
содержательный	41394
дискриминация	41393
предназначение	41392
фанат	41391
эдик	41390
собеседование	41389
уводить	41388
летучий	41387
срывать	41386
босой	41385
перила	41384
вопить	41383
клочок	41382
снайпер	41381
перебивать	41380
севастополь	41379
пермский	41378
хрустальный	41377
гитлеровский	41376
настойчивый	41375
кп	41374
зенитный	41373
рассердиться	41372
выслушивать	41371
координатор	41370
идентичность	41369
поливать	41368
прилично	41367
болельщик	41366
комфортный	41365
целесообразный	41364
гайдар	41363
поменяться	41362
чулок	41361
осел	41360
толик	41359
неспособный	41358
коленка	41357
сокращаться	41356
жила	41355
ух	41354
подозрительно	41353
капиталист	41352
ньютон	41351
вариация	41350
вовочка	41349
футболка	41348
рубка	41347
противно	41346
девичий	41345
мусорный	41344
пророчество	41343
разрушительный	41342
усмотрение	41341
колокольчик	41340
доставаться	41339
пьяница	41338
гена	41337
гибкость	41336
упрекать	41335
оформлять	41334
ступить	41333
пивной	41332
подтверждаться	41331
грешный	41330
тусовка	41329
терзать	41328
завещание	41327
солженицын	41326
любезно	41325
ухудшение	41324
увидать	41323
аквариум	41322
продовольственный	41321
сустав	41320
теоретик	41319
двухэтажный	41318
траектория	41317
остаётся	41316
двойка	41315
сталинград	41314
посвящать	41313
боярин	41312
героин	41311
пусто	41310
наутро	41309
установиться	41308
дк	41307
именоваться	41306
проповедовать	41305
варенье	41304
скрипеть	41303
тупо	41302
виновник	41301
скатерть	41300
испуганный	41299
корма	41298
намеренно	41297
пожениться	41296
сахарный	41295
чарльз	41294
психотерапевт	41293
декорация	41292
бриллиант	41291
вещание	41290
открытость	41289
эвакуация	41288
насущный	41287
запястье	41286
трёх	41285
законодатель	41284
бюрократический	41283
обозрение	41282
неуверенно	41281
княгиня	41280
придурок	41279
отстоять	41278
джунгли	41277
выращивать	41276
скинуть	41275
задерживать	41274
раскрываться	41273
грош	41272
мясной	41271
покорить	41270
кинематограф	41269
загрузить	41268
превзойти	41267
спираль	41266
выплачивать	41265
обитель	41264
мгновенный	41263
втянуть	41262
убираться	41261
наизусть	41260
байкал	41259
выразительный	41258
джонатан	41257
смутиться	41256
учредитель	41255
неспособность	41254
улечься	41253
нобелевский	41252
быстренько	41251
скрип	41250
выпивка	41249
развиться	41248
затеять	41247
штык	41246
приезжий	41245
як	41244
марфа	41243
юпитер	41242
производительный	41241
записной	41240
шторм	41239
горючее	41238
заем	41237
навязчивый	41236
скопление	41235
корточки	41234
укрытие	41233
российско	41232
составитель	41231
машинный	41230
робко	41229
наподобие	41228
насчитывать	41227
величественный	41226
графиня	41225
истец	41224
холдинг	41223
навязать	41222
заподозрить	41221
пастернак	41220
душить	41219
продержаться	41218
раскалить	41217
притворяться	41216
колея	41215
предназначаться	41214
кустарник	41213
служитель	41212
врата	41211
подскочить	41210
кондиционер	41209
прожектор	41208
теперешний	41207
восторженный	41206
духовность	41205
дозор	41204
опережать	41203
восстать	41202
шорох	41201
стив	41200
клей	41199
прокат	41198
раздеться	41197
угостить	41196
стыдиться	41195
дерзкий	41194
ненавистный	41193
типа	41192
сенат	41191
красить	41190
указательный	41189
поправлять	41188
историко	41187
мелко	41186
проблемный	41185
достопримечательность	41184
самочувствие	41183
раиса	41182
харьков	41181
негде	41180
кланяться	41179
процветание	41178
мишень	41177
салфетка	41176
родня	41175
экспансия	41174
послушный	41173
ледник	41172
мо	41171
маркиз	41170
розыск	41169
государственность	41168
таз	41167
поттер	41166
скверный	41165
суворов	41164
похвалить	41163
хулиган	41162
накладывать	41161
тачка	41160
рация	41159
законность	41158
браун	41157
поспорить	41156
примерный	41155
разъяснить	41154
взвесить	41153
зов	41152
восход	41151
выручить	41150
продвинуться	41149
процитировать	41148
оборонный	41147
обитание	41146
опухоль	41145
оговорка	41144
мк	41143
пересмотр	41142
стержень	41141
герб	41140
вписываться	41139
бинокль	41138
прославить	41137
выскакивать	41136
груша	41135
упорство	41134
вырываться	41133
обеспокоить	41132
инициатор	41131
целостный	41130
учредить	41129
сдохнуть	41128
поговорка	41127
отправление	41126
выхватить	41125
донесение	41124
буквальный	41123
торги	41122
инопланетянин	41121
зрелость	41120
грабеж	41119
унылый	41118
помойка	41117
акула	41116
эмпирический	41115
действенный	41114
норовить	41113
безупречный	41112
несоответствие	41111
ложа	41110
самосознание	41109
экспресс	41108
сент	41107
измерить	41106
синяк	41105
братский	41104
вяло	41103
оптовый	41102
включиться	41101
дивный	41100
позвоночник	41099
различить	41098
разгромить	41097
шепотом	41096
раздавить	41095
представать	41094
звездочка	41093
обязывать	41092
тематический	41091
двоюродный	41090
забытый	41089
бессмысленно	41088
вражда	41087
лирика	41086
дмитриевич	41085
уютно	41084
иномарка	41083
звонкий	41082
усадить	41081
кристина	41080
тетушка	41079
мишель	41078
расстегнуть	41077
терраса	41076
конюшня	41075
заграничный	41074
псковский	41073
вздрагивать	41072
инновация	41071
улочка	41070
косяк	41069
погон	41068
парализовать	41067
покоиться	41066
наглядно	41065
ворчать	41064
обдумать	41063
смущение	41062
пленник	41061
следование	41060
дядька	41059
эль	41058
пробегать	41057
колоть	41056
лужков	41055
весло	41054
рис	41053
проклинать	41052
редактировать	41051
причудливый	41050
подготовительный	41049
отвлекаться	41048
надвигаться	41047
трафик	41046
сосок	41045
опрокинуть	41044
поджидать	41043
соединиться	41042
соединяться	41041
предрассудок	41040
бомбить	41039
правящий	41038
мотивировать	41037
вертеть	41036
юношеский	41035
жадность	41034
виски	41033
диалектика	41032
взятие	41031
развлекаться	41030
забавно	41029
провоцировать	41028
автономия	41027
боже	41026
блеснуть	41025
штучка	41024
размещать	41023
машинист	41022
элегантный	41021
рассказчик	41020
собрат	41019
скобка	41018
распустить	41017
педагогика	41016
рефлекс	41015
глухо	41014
дилер	41013
спс	41012
напрасный	41011
пробел	41010
себестоимость	41009
форт	41008
эстетика	41007
сворачивать	41006
духовенство	41005
помещик	41004
приписать	41003
эгоизм	41002
абхазия	41001
пахать	41000
драйвер	40999
терапевт	40998
ндс	40997
скачок	40996
гавань	40995
земский	40994
цельный	40993
затихнуть	40992
вселенский	40991
неприличный	40990
числиться	40989
угощать	40988
идиотский	40987
духовно	40986
миллер	40985
затмение	40984
первенство	40983
опередить	40982
толковый	40981
ловкий	40980
оппозиционный	40979
оккупировать	40978
насильственный	40977
нажатие	40976
дежурить	40975
сменяться	40974
скоростной	40973
опоздание	40972
переодеться	40971
скудный	40970
барин	40969
обеспечиваться	40968
диабет	40967
воистину	40966
страж	40965
ступня	40964
съедать	40963
си	40962
раскол	40961
предсказывать	40960
обхватить	40959
контент	40958
злоупотребление	40957
монарх	40956
магистраль	40955
сугроб	40954
корейский	40953
девиз	40952
прилив	40951
стихнуть	40950
копирование	40949
беззащитный	40948
побледнеть	40947
козлов	40946
кавалер	40945
стопка	40944
распространиться	40943
адресат	40942
прошлогодний	40941
соус	40940
обыкновение	40939
поморщиться	40938
суверенитет	40937
неформальный	40936
веранда	40935
рифма	40934
малость	40933
пробраться	40932
менталитет	40931
яковлев	40930
ноздря	40929
вонючий	40928
лабораторный	40927
распределять	40926
ухватиться	40925
выпрямиться	40924
данила	40923
обрывок	40922
призвание	40921
необыкновенно	40920
интегрировать	40919
пластмассовый	40918
казахстанский	40917
перевернуться	40916
дивизион	40915
опереться	40914
хлебников	40913
возглас	40912
па	40911
попугай	40910
останки	40909
трансляция	40908
рейд	40907
отличительный	40906
притягивать	40905
прозрачность	40904
исповедь	40903
травка	40902
разразиться	40901
конвой	40900
кумир	40899
футболист	40898
древесина	40897
мостовая	40896
выходец	40895
софия	40894
невиданный	40893
должник	40892
пер	40891
искусственно	40890
бешенство	40889
обрадовать	40888
бархатный	40887
подверженный	40886
всматриваться	40885
бесшумно	40884
совокупный	40883
увлекать	40882
инвестировать	40881
педаль	40880
бо	40879
раскрыться	40878
здороваться	40877
правдивый	40876
подсчитать	40875
внушить	40874
выборка	40873
зрачок	40872
деваться	40871
бродяга	40870
бесценный	40869
толя	40868
наставление	40867
новосибирский	40866
расстроиться	40865
ок	40864
атеист	40863
доводиться	40862
хмыкнуть	40861
повозка	40860
надобно	40859
бонус	40858
шут	40857
неверно	40856
рыть	40855
сбиться	40854
попутно	40853
примечательный	40852
карета	40851
гаишник	40850
подразумеваться	40849
переправа	40848
возвышенный	40847
состязание	40846
спец	40845
вто	40844
подчиниться	40843
возмутить	40842
древнейший	40841
сторонний	40840
уродливый	40839
спутниковый	40838
вылечить	40837
прогнозировать	40836
присоединение	40835
унаследовать	40834
стаканчик	40833
бит	40832
светка	40831
смуглый	40830
ураган	40829
шелк	40828
зараза	40827
фишка	40826
целесообразность	40825
преобразовать	40824
стойкий	40823
отслеживать	40822
эфирный	40821
изгнание	40820
митя	40819
черепаха	40818
маруся	40817
челябинский	40816
обменяться	40815
тим	40814
уткнуться	40813
копировать	40812
неприязнь	40811
праведный	40810
мафия	40809
катушка	40808
крестный	40807
сшить	40806
жириновский	40805
док	40804
буркнуть	40803
застрелить	40802
кувшин	40801
альбац	40800
вручать	40799
телекомпания	40798
лос	40797
тонко	40796
греть	40795
безобидный	40794
реактивный	40793
погружение	40792
евгения	40791
сводка	40790
подсудимый	40789
незнание	40788
щедро	40787
рекламировать	40786
шокировать	40785
журнальный	40784
геометрия	40783
малышка	40782
повлечь	40781
карелия	40780
ать	40779
гнусный	40778
загородный	40777
риторика	40776
декоративный	40775
взаимопонимание	40774
поклясться	40773
легальный	40772
пограничник	40771
потечь	40770
ломаться	40769
обследовать	40768
изначальный	40767
управляться	40766
спасаться	40765
штора	40764
выдумка	40763
конек	40762
мексика	40761
цыган	40760
нья	40759
восклицать	40758
краевой	40757
подмигнуть	40756
монография	40755
кусать	40754
абсурд	40753
эйнштейн	40752
лихорадка	40751
инет	40750
пуститься	40749
вялый	40748
санитар	40747
будни	40746
ростовский	40745
тамошний	40744
вежливость	40743
паренек	40742
энергично	40741
сопоставление	40740
григорьев	40739
задевать	40738
муза	40737
алексеевна	40736
всплеск	40735
нарушитель	40734
лестничный	40733
ходьба	40732
прислониться	40731
ин	40730
шерстяной	40729
таксист	40728
осмысление	40727
апельсин	40726
расклад	40725
спрыгнуть	40724
присяжный	40723
эксклюзивный	40722
одиноко	40721
покачиваться	40720
смоленск	40719
таить	40718
применимый	40717
сжигать	40716
выдавить	40715
раздать	40714
беспроводный	40713
браузер	40712
ребятишки	40711
метрополитен	40710
вериться	40709
панорама	40708
скромность	40707
захлопнуть	40706
венец	40705
ослабление	40704
воспроизводство	40703
задержание	40702
эссе	40701
концептуальный	40700
служанка	40699
щетка	40698
стимулирование	40697
аспирант	40696
излишне	40695
навеки	40694
недолгий	40693
правозащитный	40692
парадигма	40691
регламент	40690
соорудить	40689
приучить	40688
ведомый	40687
переполнить	40686
внедрить	40685
свежесть	40684
будильник	40683
липкий	40682
улучшиться	40681
бухгалтерия	40680
озвучить	40679
жизнедеятельность	40678
пристать	40677
выписка	40676
срыв	40675
иголка	40674
музейный	40673
призрачный	40672
ребёнок	40671
ливень	40670
охарактеризовать	40669
фургон	40668
возобновить	40667
воспроизвести	40666
небывалый	40665
печенье	40664
помахать	40663
шнур	40662
аристотель	40661
поднести	40660
объединяться	40659
караван	40658
грызть	40657
глотка	40656
крыться	40655
принудить	40654
ларек	40653
комсомол	40652
гороскоп	40651
удочка	40650
нестандартный	40649
незачем	40648
подружиться	40647
новгородский	40646
оккупация	40645
транспортировка	40644
единомышленник	40643
шумно	40642
воз	40641
послушно	40640
неуверенность	40639
национал	40638
садовый	40637
умелый	40636
счетчик	40635
имущественный	40634
запечатлеть	40633
библиотечный	40632
заразить	40631
марат	40630
пренебрегать	40629
сулить	40628
федя	40627
распахнуться	40626
сыщик	40625
вскакивать	40624
киселев	40623
вывоз	40622
откинуть	40621
внушение	40620
гендерный	40619
интеллектуал	40618
подтолкнуть	40617
присвоение	40616
кончина	40615
рапорт	40614
красоваться	40613
риа	40612
непостижимый	40611
брежнев	40610
половинка	40609
береговой	40608
срезать	40607
чуткий	40606
насчёт	40605
полушарие	40604
эмоционально	40603
бодро	40602
раскрытый	40601
задрать	40600
романтика	40599
берлинский	40598
пугаться	40597
стареть	40596
омск	40595
лексика	40594
прототип	40593
побудить	40592
ед	40591
зачет	40590
итоговый	40589
отбрасывать	40588
ний	40587
всплыть	40586
брести	40585
компактный	40584
тосковать	40583
перелет	40582
беляев	40581
пронизывать	40580
вибрация	40579
сигара	40578
влететь	40577
подействовать	40576
недовольно	40575
венок	40574
дружественный	40573
своевременный	40572
покорно	40571
березовский	40570
двенадцатый	40569
психологически	40568
мило	40567
рой	40566
гимнастика	40565
фиксированный	40564
миллиметр	40563
подаваться	40562
спровоцировать	40561
драгоценность	40560
тургенев	40559
пиратский	40558
пролетарский	40557
резиденция	40556
почтение	40555
языческий	40554
сосновый	40553
кб	40552
зина	40551
напрячься	40550
швед	40549
пучок	40548
аллергия	40547
непреодолимый	40546
канадский	40545
кошачий	40544
наркомания	40543
сладость	40542
сжаться	40541
вдохнуть	40540
урегулирование	40539
феликс	40538
смертность	40537
воспитанник	40536
сен	40535
трапеза	40534
ким	40533
отважный	40532
тщетно	40531
захаров	40530
кузнец	40529
наглость	40528
наличные	40527
сс	40526
браслет	40525
путевка	40524
посоветоваться	40523
ежик	40522
леня	40521
странность	40520
мнимый	40519
мобилизация	40518
шура	40517
разрывать	40516
ворон	40515
обострение	40514
тревожно	40513
лихо	40512
чарли	40511
пролив	40510
багажник	40509
адский	40508
лингвистический	40507
прикрепить	40506
вскинуть	40505
шашка	40504
пружина	40503
пристань	40502
фронтовой	40501
арт	40500
эквивалент	40499
косточка	40498
умолкнуть	40497
зарядить	40496
пригород	40495
устремить	40494
свисать	40493
таиться	40492
алик	40491
оконный	40490
русско	40489
путаться	40488
невежество	40487
табуретка	40486
развязать	40485
нетерпеливо	40484
ревновать	40483
удел	40482
степанович	40481
приверженец	40480
суетиться	40479
таджикистан	40478
потереть	40477
записываться	40476
отсрочка	40475
подкрепление	40474
аналогично	40473
оклад	40472
бармен	40471
вытеснить	40470
лет	40469
брюхо	40468
прибавлять	40467
джаз	40466
факел	40465
наличный	40464
темперамент	40463
смещение	40462
участница	40461
байка	40460
сводный	40459
заимствовать	40458
капать	40457
подножие	40456
вынуждать	40455
листочек	40454
забиться	40453
удостоить	40452
очищать	40451
патология	40450
синоним	40449
планка	40448
принуждение	40447
зонтик	40446
подошва	40445
сирена	40444
нквд	40443
гнилой	40442
локомотив	40441
понестись	40440
растерять	40439
хирургический	40438
потащить	40437
льготный	40436
воронежский	40435
доренко	40434
делегат	40433
параграф	40432
унижать	40431
обреченный	40430
доступность	40429
отсчет	40428
изумительный	40427
уделяться	40426
расхождение	40425
сокол	40424
концертный	40423
средневековье	40422
беспокойный	40421
единение	40420
наркотический	40419
катерин	40418
интенсивно	40417
забыться	40416
подержать	40415
светофор	40414
путаница	40413
субсидия	40412
вс	40411
материк	40410
нашёл	40409
финансово	40408
борисов	40407
журналистский	40406
перечисленный	40405
припев	40404
прокатиться	40403
фотографировать	40402
отменять	40401
освобождаться	40400
калибр	40399
странник	40398
архивный	40397
покуда	40396
пообедать	40395
днк	40394
щелчок	40393
тумбочка	40392
католик	40391
гегель	40390
мифология	40389
погашение	40388
гм	40387
кара	40386
смутить	40385
пролить	40384
осада	40383
капризный	40382
молотов	40381
тверской	40380
сортир	40379
обдумывать	40378
белоснежный	40377
васька	40376
расплатиться	40375
хлынуть	40374
заботливый	40373
усомниться	40372
трепет	40371
познавательный	40370
параллель	40369
напор	40368
разворот	40367
ао	40366
курский	40365
топить	40364
кишечник	40363
чип	40362
фр	40361
предметный	40360
вьетнам	40359
смежный	40358
плитка	40357
накрывать	40356
смущенно	40355
рваный	40354
радиоактивный	40353
наступательный	40352
квота	40351
оратор	40350
нарезать	40349
окурок	40348
чехословакия	40347
горничная	40346
нагнуться	40345
крупно	40344
проделывать	40343
тимур	40342
просматриваться	40341
повсеместно	40340
наделать	40339
рукоятка	40338
джейн	40337
гей	40336
потенциально	40335
покоситься	40334
верхом	40333
бородатый	40332
однородный	40331
фй	40330
немаловажный	40329
арбуз	40328
язва	40327
днепр	40326
стражник	40325
волевой	40324
типовой	40323
буйный	40322
гаснуть	40321
довольствоваться	40320
гармоничный	40319
вскричать	40318
разъем	40317
воспаление	40316
стопа	40315
жертвовать	40314
зенит	40313
закономерный	40312
видеокамера	40311
логически	40310
новое	40309
всплывать	40308
крушение	40307
юбилейный	40306
прикасаться	40305
богатырь	40304
костыль	40303
равно	40302
очищение	40301
официантка	40300
подростковый	40299
косвенно	40298
удаленный	40297
привычно	40296
нехитрый	40295
мерзавец	40294
юго	40293
дистанционный	40292
окрасить	40291
словосочетание	40290
шприц	40289
еэс	40288
аграрный	40287
миронов	40286
посланник	40285
уполномочить	40284
патент	40283
репертуар	40282
жалованье	40281
отчуждение	40280
нащупать	40279
привидение	40278
пиар	40277
морщина	40276
недоумевать	40275
теннис	40274
копаться	40273
пояснение	40272
покорный	40271
перечитывать	40270
пашка	40269
сюжетный	40268
отто	40267
ого	40266
узи	40265
дискурс	40264
подземелье	40263
болтовня	40262
равняться	40261
бактерия	40260
простираться	40259
раунд	40258
сборный	40257
фу	40256
иммигрант	40255
доцент	40254
эстрада	40253
саратов	40252
геометрический	40251
трещать	40250
совхоз	40249
запретный	40248
наташка	40247
прогуляться	40246
парик	40245
справочный	40244
воскресение	40243
дергаться	40242
взирать	40241
общепринятый	40240
гумилев	40239
минский	40238
необъяснимый	40237
сова	40236
удельный	40235
вышка	40234
технически	40233
тропический	40232
геологический	40231
ото	40230
ассамблея	40229
двойник	40228
политически	40227
вероника	40226
функциональность	40225
агитация	40224
отчетливый	40223
диктатор	40222
гласность	40221
отклонить	40220
сани	40219
мозговой	40218
представительный	40217
чума	40216
мел	40215
пенис	40214
лицензионный	40213
созерцание	40212
райский	40211
валенок	40210
экспонат	40209
кипяток	40208
купля	40207
танцевальный	40206
неофициальный	40205
мечеть	40204
вавилон	40203
электромагнитный	40202
клюв	40201
встревожить	40200
призванный	40199
клевета	40198
храбрость	40197
поклоняться	40196
выявлять	40195
угу	40194
уполномоченный	40193
отталкивать	40192
имитировать	40191
посвящение	40190
ловля	40189
динамо	40188
несложный	40187
периферия	40186
островок	40185
позорный	40184
манер	40183
клоун	40182
днём	40181
рушиться	40180
доходность	40179
проскочить	40178
мигать	40177
бесполезно	40176
лопатка	40175
неуклюжий	40174
приостановить	40173
реорганизация	40172
настоять	40171
нездоровый	40170
святыня	40169
заведующий	40168
неохотно	40167
кризисный	40166
смыть	40165
цска	40164
интерпретировать	40163
проститься	40162
детально	40161
дымиться	40160
крюк	40159
блуждать	40158
поощрение	40157
туловище	40156
гектар	40155
одиночный	40154
вещать	40153
магистр	40152
цветочек	40151
формулировать	40150
папироса	40149
блядь	40148
подталкивать	40147
вакуум	40146
разыгрывать	40145
записаться	40144
тошнота	40143
излучать	40142
психиатрический	40141
неуместный	40140
сурово	40139
нанесение	40138
расплачиваться	40137
отраслевой	40136
односторонний	40135
черчилль	40134
петровский	40133
кооператив	40132
би	40131
окружной	40130
нанимать	40129
сокровенный	40128
привод	40127
свистеть	40126
пионерский	40125
холст	40124
концерн	40123
завтракать	40122
обогнать	40121
контроллер	40120
бесплодный	40119
приморский	40118
оттолкнуть	40117
раскладывать	40116
рождаемость	40115
коттедж	40114
стекать	40113
лагерный	40112
заводской	40111
винни	40110
знаменитость	40109
образовывать	40108
шевелить	40107
пропитать	40106
напрочь	40105
сослаться	40104
фигня	40103
пехотный	40102
растянуться	40101
сахаров	40100
инфаркт	40099
писательский	40098
поль	40097
жид	40096
физиология	40095
плодотворный	40094
шашлык	40093
полис	40092
прибрежный	40091
бедняк	40090
хмурый	40089
правозащитник	40088
богато	40087
вытянуться	40086
шататься	40085
поместье	40084
пень	40083
абрамович	40082
расписать	40081
порочный	40080
актерский	40079
обаяние	40078
заполнение	40077
трепетать	40076
бросок	40075
самарский	40074
чуять	40073
нырять	40072
иваныч	40071
разместиться	40070
археолог	40069
осесть	40068
диаграмма	40067
распределить	40066
приподняться	40065
конница	40064
голливуд	40063
раскопка	40062
эдвард	40061
своевременно	40060
выброс	40059
крылатый	40058
роса	40057
геополитический	40056
пакетик	40055
ярлык	40054
беспощадный	40053
вывозить	40052
прививка	40051
воздержаться	40050
разведывательный	40049
владислав	40048
ответчик	40047
марго	40046
цезарь	40045
щелкать	40044
бушевать	40043
серийный	40042
чинить	40041
изолировать	40040
убеждаться	40039
контингент	40038
рацион	40037
подпольный	40036
пьянка	40035
всецело	40034
настраивать	40033
клара	40032
экспортный	40031
азарт	40030
болезненно	40029
вернер	40028
мах	40027
йога	40026
самолюбие	40025
венгерский	40024
кашель	40023
вписать	40022
ограбить	40021
иммунитет	40020
фигурировать	40019
обвести	40018
аполлон	40017
андерсен	40016
миллионер	40015
ипотечный	40014
высокопоставленный	40013
дарвин	40012
обком	40011
закусить	40010
реализм	40009
напевать	40008
вдох	40007
наследственный	40006
минфин	40005
коврик	40004
автограф	40003
переселение	40002
отрыв	40001
переглянуться	40000
зайцев	39999
кейт	39998
архиепископ	39997
искусный	39996
теорема	39995
помиловать	39994
вексель	39993
покурить	39992
конкурентоспособность	39991
несовместимый	39990
разуметься	39989
бесспорный	39988
объемный	39987
синагога	39986
лаять	39985
стиснуть	39984
мгла	39983
владимировна	39982
неприемлемый	39981
бомбардировка	39980
отдаться	39979
алюминиевый	39978
окрестный	39977
сыпаться	39976
идентифицировать	39975
впустить	39974
отчество	39973
навещать	39972
дебаты	39971
одарить	39970
ле	39969
задушить	39968
исказить	39967
фридрих	39966
лидировать	39965
предаваться	39964
дтп	39963
подмосковный	39962
преувеличение	39961
местонахождение	39960
питательный	39959
торжествовать	39958
комок	39957
хлопок	39956
докладчик	39955
солома	39954
притча	39953
задумчивый	39952
строфа	39951
опека	39950
углубление	39949
трус	39948
ронять	39947
джексон	39946
мускул	39945
новиков	39944
опровержение	39943
подлец	39942
обеденный	39941
консульство	39940
этикетка	39939
пуск	39938
кислый	39937
виться	39936
побояться	39935
психотерапия	39934
дивиденд	39933
любящий	39932
закинуть	39931
престарелый	39930
перегородка	39929
восхитительный	39928
сверкающий	39927
завершаться	39926
губка	39925
инициировать	39924
мборот	39923
миниатюрный	39922
сидоров	39921
алтай	39920
неэффективный	39919
умница	39918
перегрузка	39917
ба	39916
ной	39915
большевистский	39914
косить	39913
неудачник	39912
насчитываться	39911
чашечка	39910
пластина	39909
живёт	39908
сохранность	39907
разумно	39906
нашествие	39905
шоколадный	39904
манить	39903
присаживаться	39902
прозвать	39901
обзавестись	39900
завладеть	39899
переноситься	39898
пруссия	39897
небытие	39896
блистать	39895
фольклор	39894
богач	39893
прибалтика	39892
ирландский	39891
каковой	39890
недоставать	39889
растаять	39888
иврит	39887
болтянский	39886
глыба	39885
абориген	39884
сеять	39883
разрез	39882
воронка	39881
окончиться	39880
разложение	39879
немногое	39878
забастовка	39877
админ	39876
бесспорно	39875
патруль	39874
банкет	39873
устье	39872
сверхъестественный	39871
агрегат	39870
нарушаться	39869
посыпаться	39868
получатель	39867
вдыхать	39866
орда	39865
луи	39864
насыщенный	39863
котелок	39862
цб	39861
любимец	39860
понижение	39859
клок	39858
дворянский	39857
возлагать	39856
богородица	39855
полюбоваться	39854
коран	39853
полость	39852
потрепать	39851
усть	39850
голодать	39849
достаток	39848
гаи	39847
комментатор	39846
нотариус	39845
опустеть	39844
смятение	39843
стабилизация	39842
изъятие	39841
предпочтительно	39840
возлюбленный	39839
мрамор	39838
матрас	39837
ние	39836
рейн	39835
конан	39834
трусики	39833
наблюдательный	39832
избрание	39831
подорвать	39830
окликнуть	39829
сочи	39828
покатиться	39827
пропорциональный	39826
переплет	39825
макушка	39824
устремляться	39823
радужный	39822
леонтьев	39821
бригадир	39820
слать	39819
взывать	39818
артефакт	39817
псих	39816
сжатый	39815
товарищество	39814
лазер	39813
благотворительность	39812
канава	39811
адекватно	39810
брызги	39809
рузвельт	39808
зажигалка	39807
мистика	39806
преподавательский	39805
суммарный	39804
повидать	39803
грамматический	39802
киргизия	39801
новизна	39800
грузить	39799
выпускаться	39798
резинка	39797
отстранить	39796
токио	39795
прилегать	39794
карен	39793
прорвать	39792
раздраженно	39791
ра	39790
архангельск	39789
закладка	39788
незабываемый	39787
дразнить	39786
пересекаться	39785
электростанция	39784
пародия	39783
причал	39782
двинуть	39781
осведомиться	39780
подрасти	39779
прочая	39778
присмотреться	39777
утешить	39776
тони	39775
глиняный	39774
гримаса	39773
черед	39772
выключать	39771
лай	39770
азербайджанский	39769
работоспособность	39768
подсказка	39767
хобби	39766
кидаться	39765
львов	39764
мыться	39763
раввин	39762
линза	39761
косой	39760
порох	39759
бессилие	39758
переводиться	39757
отравление	39756
верование	39755
задрожать	39754
остроумный	39753
мельчайший	39752
бетон	39751
недуг	39750
перрон	39749
выстраивать	39748
жак	39747
федоровна	39746
неужто	39745
националист	39744
сверкнуть	39743
примыкать	39742
безуспешно	39741
назначаться	39740
грабитель	39739
водоем	39738
однообразный	39737
высадка	39736
федоров	39735
алексеев	39734
аккорд	39733
чудак	39732
замужество	39731
проспать	39730
автобусный	39729
дуэль	39728
накинуть	39727
лихорадочно	39726
глубь	39725
неровный	39724
кабак	39723
грубость	39722
превышение	39721
толпиться	39720
прописка	39719
покрывало	39718
внутренность	39717
восьмерка	39716
табачный	39715
релиз	39714
путник	39713
зарезать	39712
словечко	39711
скомандовать	39710
прецедент	39709
присяга	39708
застраховать	39707
укусить	39706
мошенничество	39705
кри	39704
оживление	39703
штрих	39702
скорпион	39701
стянуть	39700
изнасилование	39699
судорога	39698
налететь	39697
отображение	39696
лукавый	39695
богослужение	39694
охлаждение	39693
ознакомление	39692
топать	39691
назло	39690
словесность	39689
вовка	39688
накапливаться	39687
нехотя	39686
насильно	39685
колька	39684
скульптор	39683
оглавление	39682
голландец	39681
твердость	39680
ювелирный	39679
оживленный	39678
прижиматься	39677
визжать	39676
воедино	39675
приветливый	39674
чреватый	39673
платонов	39672
пай	39671
дядюшка	39670
проблематика	39669
казах	39668
выбегать	39667
регистрировать	39666
подбросить	39665
скрестить	39664
упаковать	39663
примирение	39662
тереть	39661
зазвонить	39660
газон	39659
поразительно	39658
укрыть	39657
куриный	39656
прислуга	39655
полемика	39654
прогуливаться	39653
теплота	39652
акустический	39651
ослепительный	39650
атаман	39649
выпускной	39648
завопить	39647
методологический	39646
канат	39645
племянница	39644
усердно	39643
матвей	39642
вредить	39641
избирать	39640
потерянный	39639
мачта	39638
спешка	39637
балка	39636
переезжать	39635
переступить	39634
колокольня	39633
зав	39632
отослать	39631
джонс	39630
выживать	39629
лось	39628
афины	39627
машка	39626
мириться	39625
доброжелательный	39624
неравенство	39623
спецификация	39622
карлик	39621
рисование	39620
ров	39619
великан	39618
одиннадцатый	39617
поправиться	39616
потемнеть	39615
дачный	39614
раскачиваться	39613
славиться	39612
гран	39611
бритва	39610
подолгу	39609
интерактивный	39608
молдавия	39607
вытягивать	39606
каска	39605
ухватить	39604
дикарь	39603
усиленно	39602
вдаль	39601
танкист	39600
семантический	39599
спальный	39598
расстраиваться	39597
пекин	39596
зацепиться	39595
фыркнуть	39594
биолог	39593
листать	39592
послезавтра	39591
смирение	39590
свита	39589
корка	39588
эрекция	39587
дик	39586
спецназ	39585
совместить	39584
сожрать	39583
жарить	39582
обоснованный	39581
спасательный	39580
розетка	39579
эдакий	39578
мосиенко	39577
благородство	39576
наименьший	39575
эвм	39574
неуловимый	39573
иранский	39572
состоятельный	39571
буфер	39570
хлам	39569
срабатывать	39568
трата	39567
совершенствоваться	39566
консул	39565
упрямо	39564
деликатный	39563
иракский	39562
четыреста	39561
палестина	39560
преподобный	39559
гусеница	39558
коми	39557
усовершенствование	39556
узник	39555
крис	39554
катастрофический	39553
венеция	39552
клин	39551
ингушетия	39550
авторитарный	39549
беглый	39548
сослуживец	39547
сербский	39546
выкуп	39545
цитирование	39544
норматив	39543
розыгрыш	39542
преподнести	39541
развязка	39540
воззрение	39539
эго	39538
таиланд	39537
слесарь	39536
помыть	39535
ташкент	39534
мобилизовать	39533
нацистский	39532
житься	39531
пластик	39530
колода	39529
хлебный	39528
ул	39527
влюбляться	39526
институциональный	39525
выставочный	39524
насладиться	39523
тветить	39522
совместимый	39521
деятельный	39520
константинович	39519
пыл	39518
высадить	39517
нарядный	39516
тиран	39515
сжатие	39514
забвение	39513
развлекательный	39512
красноармеец	39511
утопия	39510
разделиться	39509
женитьба	39508
мироздание	39507
капот	39506
ефремов	39505
чикаго	39504
комбинезон	39503
постулат	39502
противопоставить	39501
археологический	39500
директива	39499
спрашиваться	39498
динамичный	39497
еж	39496
вологда	39495
настойчивость	39494
презрительно	39493
приговаривать	39492
расправа	39491
поручик	39490
круговой	39489
стихотворенье	39488
начинание	39487
свекровь	39486
потрогать	39485
конвейер	39484
строгость	39483
настрой	39482
безымянный	39481
пузырек	39480
вглубь	39479
оправдаться	39478
прокладка	39477
сдвинуться	39476
недалекий	39475
заготовка	39474
расстреливать	39473
опорный	39472
проф	39471
разбежаться	39470
лина	39469
светильник	39468
зацепить	39467
ухмыльнуться	39466
платежный	39465
триумф	39464
рента	39463
спереди	39462
псков	39461
покрыться	39460
нпо	39459
обладание	39458
мышечный	39457
бурно	39456
идол	39455
ганс	39454
дистрибьютор	39453
развертывание	39452
распасться	39451
добродушный	39450
вверху	39449
сенсация	39448
бах	39447
эксплуатировать	39446
гривна	39445
тома	39444
брань	39443
размножение	39442
затратить	39441
изобразительный	39440
полосатый	39439
причастный	39438
наброситься	39437
химик	39436
ходатайство	39435
палестинский	39434
съехать	39433
баннер	39432
вхождение	39431
ион	39430
трактовать	39429
ель	39428
избежание	39427
врываться	39426
колпак	39425
глюк	39424
жалобно	39423
понизить	39422
исповедовать	39421
пристав	39420
наклоняться	39419
тапочки	39418
синтетический	39417
продвигать	39416
популяция	39415
клип	39414
насмерть	39413
социум	39412
астроном	39411
оберегать	39410
загонять	39409
порекомендовать	39408
промелькнуть	39407
похлопать	39406
хождение	39405
безразличие	39404
метель	39403
аксиома	39402
выспаться	39401
буддизм	39400
спасительный	39399
техникум	39398
ввоз	39397
продуктивный	39396
павлик	39395
взрываться	39394
дубовый	39393
гостевой	39392
подставлять	39391
дина	39390
датский	39389
свечка	39388
отворачиваться	39387
носик	39386
норвежский	39385
вахта	39384
чутье	39383
окинуть	39382
красочный	39381
стишок	39380
сдержанный	39379
феодальный	39378
дагестан	39377
муниципалитет	39376
колхозный	39375
прям	39374
устранять	39373
подделка	39372
нарком	39371
толстяк	39370
манипулировать	39369
хищный	39368
нечаянно	39367
множественный	39366
краснодарский	39365
лермонтов	39364
кураж	39363
опровергать	39362
поклонение	39361
шествие	39360
бишь	39359
ик	39358
условность	39357
оскорбительный	39356
умирающий	39355
упрощенный	39354
почет	39353
тимошенко	39352
хабаровск	39351
поболтать	39350
астрономический	39349
предусматриваться	39348
подбить	39347
перерезать	39346
джонсон	39345
покаяние	39344
исцеление	39343
одержимый	39342
военнопленный	39341
элизабет	39340
нововведение	39339
эвакуировать	39338
натягивать	39337
томск	39336
ск	39335
аэс	39334
лихой	39333
рельеф	39332
прощальный	39331
коммерция	39330
алкоголизм	39329
безобразный	39328
тугой	39327
этак	39326
растворяться	39325
чужак	39324
оливер	39323
приведение	39322
лом	39321
англо	39320
крестьянство	39319
лева	39318
нары	39317
шарф	39316
подтянуть	39315
забираться	39314
декан	39313
отмахнуться	39312
заемщик	39311
папочка	39310
комнатка	39309
дипломатия	39308
экстренный	39307
затруднять	39306
ярослав	39305
стиральный	39304
бухаров	39303
извлечение	39302
квитанция	39301
траншея	39300
волокно	39299
цру	39298
профсоюзный	39297
политолог	39296
полнейший	39295
гражданка	39294
фома	39293
ласточка	39292
картонный	39291
византийский	39290
регистр	39289
али	39288
драматург	39287
преуспеть	39286
форточка	39285
череда	39284
чайковский	39283
недостаточность	39282
замкнуть	39281
затопить	39280
мигрант	39279
каково	39278
поводок	39277
ягодица	39276
подсистема	39275
баночка	39274
тюменский	39273
напоить	39272
снабжать	39271
подполье	39270
политбюро	39269
сертификация	39268
информатика	39267
покровитель	39266
проповедник	39265
княжество	39264
гоняться	39263
худо	39262
дубинка	39261
отделка	39260
шнурок	39259
катить	39258
струйка	39257
затягивать	39256
спохватиться	39255
пи	39254
дальность	39253
оговорить	39252
калининград	39251
заткнуться	39250
манифест	39249
натиск	39248
отбивать	39247
бунин	39246
вдалеке	39245
запросить	39244
сношение	39243
избивать	39242
милостивый	39241
намечаться	39240
шипеть	39239
намекнуть	39238
выздоровление	39237
таинство	39236
малолетний	39235
депутатский	39234
нацист	39233
трудоустройство	39232
набоков	39231
лепесток	39230
коммуникативный	39229
незаконно	39228
опознать	39227
выступ	39226
тренировочный	39225
стрелец	39224
смоленский	39223
рубцов	39222
пятилетний	39221
поучительный	39220
сверток	39219
баллон	39218
попутчик	39217
удивленный	39216
вывернуть	39215
нагло	39214
услыхать	39213
доработка	39212
вентилятор	39211
энтузиаст	39210
чертовски	39209
десантник	39208
веский	39207
избавление	39206
валиться	39205
устремление	39204
аудитор	39203
яна	39202
наследование	39201
уклад	39200
монастырский	39199
напрашиваться	39198
тракт	39197
идентичный	39196
башмак	39195
катание	39194
распознать	39193
переместиться	39192
опушка	39191
пристроить	39190
подопечный	39189
гостья	39188
совершенствовать	39187
сопутствовать	39186
содружество	39185
витька	39184
компартия	39183
дарья	39182
камешек	39181
волгоградский	39180
кофейный	39179
издевательство	39178
тошнить	39177
рявкнуть	39176
буратино	39175
свирепый	39174
доменный	39173
эталон	39172
цветочный	39171
цыпленок	39170
произношение	39169
унизить	39168
утопить	39167
шуршать	39166
ожесточенный	39165
повыситься	39164
отличиться	39163
успокаиваться	39162
споткнуться	39161
проекция	39160
лошадка	39159
ася	39158
гардероб	39157
промах	39156
пепельница	39155
проваливаться	39154
гол	39153
ежемесячный	39152
заносить	39151
авиакомпания	39150
волчий	39149
галлюцинация	39148
дорожить	39147
фет	39146
тренировать	39145
балтика	39144
почесать	39143
энгельс	39142
лужайка	39141
бумажник	39140
рвануться	39139
голливудский	39138
возлюбленная	39137
ментальный	39136
яковлевич	39135
неизбежность	39134
рассеять	39133
ностальгия	39132
нидерланды	39131
ис	39130
заткнуть	39129
мох	39128
расставание	39127
трехмерный	39126
иероглиф	39125
изнасиловать	39124
корректировка	39123
кинг	39122
каприз	39121
объективность	39120
сливки	39119
подсознательный	39118
повелитель	39117
чадо	39116
затаить	39115
ярославль	39114
отвага	39113
уют	39112
поужинать	39111
приднестровье	39110
спутать	39109
аудит	39108
чрезмерно	39107
страховщик	39106
растить	39105
оживиться	39104
перераспределение	39103
владимирский	39102
наведение	39101
вт	39100
кромка	39099
вологодский	39098
телохранитель	39097
актуальность	39096
сплетня	39095
марксистский	39094
иа	39093
корректный	39092
аноним	39091
ложе	39090
бугор	39089
чехол	39088
урон	39087
клинок	39086
афиша	39085
добавляться	39084
погреб	39083
абстракция	39082
дочерний	39081
общечеловеческий	39080
починить	39079
бессонница	39078
овладение	39077
отрабатывать	39076
высунуться	39075
бородин	39074
холмс	39073
итого	39072
весомый	39071
злобно	39070
нависнуть	39069
феникс	39068
дернуться	39067
слетать	39066
мозаика	39065
промокнуть	39064
упругий	39063
алина	39062
дальневосточный	39061
окровавленный	39060
староста	39059
сломить	39058
зачатие	39057
приличие	39056
непременный	39055
утечка	39054
апр	39053
парнишка	39052
усердие	39051
соловей	39050
плотина	39049
маршрутка	39048
прибегнуть	39047
клава	39046
напоминание	39045
ожог	39044
разгон	39043
раздобыть	39042
закладывать	39041
регистрационный	39040
мстить	39039
назарбаев	39038
продлиться	39037
сабля	39036
окт	39035
простоять	39034
преувеличивать	39033
ножницы	39032
прослушать	39031
бездомный	39030
невзирая	39029
надзиратель	39028
трактир	39027
разнести	39026
насос	39025
говорящий	39024
магазинчик	39023
подлость	39022
кроватка	39021
озадачить	39020
вручение	39019
дымка	39018
радикально	39017
контролер	39016
высылать	39015
оборваться	39014
безжалостный	39013
профилактический	39012
хриплый	39011
благословенный	39010
воткнуть	39009
овладевать	39008
неразумный	39007
землянка	39006
алтайский	39005
чрез	39004
сердитый	39003
грешник	39002
гибдд	39001
динамик	39000
перевезти	38999
начинка	38998
выкупить	38997
котлета	38996
ученица	38995
забеременеть	38994
неловкий	38993
прусский	38992
выстроиться	38991
пухлый	38990
зевать	38989
ассистент	38988
дошкольный	38987
аргументация	38986
трибунал	38985
одаренный	38984
полумрак	38983
целенаправленный	38982
патологический	38981
лицей	38980
осмотреться	38979
поганый	38978
копа	38977
поросенок	38976
пренебрежение	38975
сфотографировать	38974
милан	38973
мыльный	38972
прилетать	38971
павловский	38970
эффектный	38969
побеседовать	38968
усиленный	38967
смешаться	38966
ярославский	38965
кошмарный	38964
самооценка	38963
социалист	38962
клад	38961
прибыльный	38960
предосторожность	38959
чех	38958
хутор	38957
носилки	38956
стебель	38955
изрядный	38954
гравитационный	38953
виток	38952
разговорный	38951
растительность	38950
роспись	38949
пята	38948
запятая	38947
пулеметный	38946
мира	38945
наивно	38944
плацдарм	38943
мужичок	38942
циничный	38941
воплощать	38940
медведев	38939
сменять	38938
юрьевич	38937
вдохновлять	38936
вязать	38935
незамедлительно	38934
резина	38933
взыскание	38932
медлить	38931
ломоносов	38930
передатчик	38929
царапина	38928
паста	38927
согнуть	38926
настоятельно	38925
сжиматься	38924
потрудиться	38923
разорить	38922
альпинист	38921
константинополь	38920
напрягаться	38919
распадаться	38918
гадкий	38917
новшество	38916
теневой	38915
аудио	38914
трап	38913
тайком	38912
материться	38911
ржать	38910
непохожий	38909
огорчение	38908
прут	38907
измучить	38906
канцлер	38905
иудейский	38904
куб	38903
электорат	38902
бурый	38901
прояснить	38900
любимая	38899
геолог	38898
сочный	38897
кыргызстан	38896
гастроль	38895
романтик	38894
неудачно	38893
рассудить	38892
очарование	38891
скотт	38890
спб	38889
моча	38888
отделиться	38887
смешивать	38886
превосходно	38885
баржа	38884
компас	38883
кнут	38882
обаятельный	38881
телец	38880
интуитивно	38879
воскреснуть	38878
людовик	38877
разгадать	38876
зашагать	38875
экстаз	38874
ощупь	38873
цыпочки	38872
панк	38871
браво	38870
награждение	38869
ускользать	38868
двусторонний	38867
лэнгдон	38866
переключение	38865
степной	38864
реставрация	38863
бдительность	38862
ахнуть	38861
выстраиваться	38860
развивающийся	38859
дозвониться	38858
ишь	38857
тетрадка	38856
морозный	38855
перечисление	38854
леонардо	38853
наравне	38852
жилищно	38851
оживить	38850
разозлиться	38849
водород	38848
фараон	38847
скупой	38846
материализм	38845
созвездие	38844
сть	38843
маловероятный	38842
соседский	38841
жорж	38840
пламенный	38839
фея	38838
погром	38837
преждевременный	38836
победный	38835
возводить	38834
варвара	38833
взобраться	38832
наклонить	38831
консервы	38830
мор	38829
мультимедийный	38828
лепить	38827
миллиграмм	38826
прикидывать	38825
гладко	38824
мятеж	38823
сквер	38822
доспехи	38821
витать	38820
пробивать	38819
оглядывать	38818
бычкова	38817
декрет	38816
выдернуть	38815
переполнять	38814
калининградский	38813
оспаривать	38812
предводитель	38811
лояльность	38810
косметический	38809
трехлетний	38808
скандальный	38807
навалиться	38806
пациентка	38805
чугунный	38804
расслабляться	38803
прогонять	38802
отгонять	38801
цинизм	38800
инструментальный	38799
вкратце	38798
шестерка	38797
струиться	38796
уклон	38795
незаменимый	38794
пастор	38793
чекист	38792
софи	38791
кепка	38790
сервисный	38789
познавать	38788
тбилиси	38787
сознаться	38786
трос	38785
выкрикивать	38784
притащить	38783
прерываться	38782
уплатить	38781
извиваться	38780
идеолог	38779
винный	38778
дворянство	38777
постигать	38776
шорты	38775
алмат	38774
подонок	38773
викторовна	38772
паркер	38771
адъютант	38770
столовый	38769
неустойчивый	38768
рать	38767
блестяще	38766
обозреватель	38765
повалить	38764
матфей	38763
соприкосновение	38762
приманка	38761
терпеливый	38760
лентяй	38759
сант	38758
белорус	38757
нива	38756
масть	38755
флакон	38754
логотип	38753
оборотень	38752
горсть	38751
кабельный	38750
альманах	38749
прохлада	38748
взад	38747
ша	38746
паразит	38745
папин	38744
вздор	38743
водоросль	38742
подборка	38741
гончаров	38740
ударение	38739
сносить	38738
малое	38737
спасатель	38736
колготки	38735
пакистан	38734
свинец	38733
пелена	38732
гамлет	38731
конъюнктура	38730
наемник	38729
тор	38728
стемнеть	38727
даниил	38726
шёл	38725
внедрять	38724
шарить	38723
оборотный	38722
святитель	38721
красть	38720
закрепление	38719
резонанс	38718
трубочка	38717
путём	38716
симфония	38715
противотанковый	38714
избранник	38713
улика	38712
лео	38711
ремонтировать	38710
генетика	38709
захоронение	38708
доверенность	38707
проворчать	38706
шпага	38705
подозреваемый	38704
продиктовать	38703
голодовка	38702
углевод	38701
гарант	38700
сбербанк	38699
кассовый	38698
посев	38697
избушка	38696
затормозить	38695
соломон	38694
прокричать	38693
безопасно	38692
высохнуть	38691
редактирование	38690
негатив	38689
валерия	38688
черпать	38687
сократ	38686
вильгельм	38685
клапан	38684
личико	38683
альфред	38682
заполучить	38681
шлюха	38680
совмещать	38679
сережка	38678
шланг	38677
маргарет	38676
миллилитр	38675
сирия	38674
моём	38673
позавтракать	38672
игрушечный	38671
поджечь	38670
символика	38669
переливаться	38668
обретение	38667
соврать	38666
инвестирование	38665
клубок	38664
лотерея	38663
гк	38662
распознавать	38661
святость	38660
волость	38659
предположительно	38658
безжалостно	38657
пробудить	38656
британец	38655
цениться	38654
вестибюль	38653
ограниченность	38652
противовес	38651
изобретать	38650
петроград	38649
припадок	38648
проситься	38647
наяву	38646
притихнуть	38645
противиться	38644
ринг	38643
иерархический	38642
дворцовый	38641
наполниться	38640
заражение	38639
сопоставимый	38638
озабоченность	38637
марков	38636
лукойл	38635
самодельный	38634
прикладывать	38633
плот	38632
лавина	38631
переложить	38630
наивысший	38629
загорелый	38628
увд	38627
амнистия	38626
утвердиться	38625
разогнать	38624
шестеро	38623
ода	38622
необъятный	38621
изгиб	38620
взаимоотношения	38619
истинность	38618
чудом	38617
подкрепить	38616
волосатый	38615
мюнхен	38614
брюсов	38613
издаваться	38612
отсылать	38611
растянуть	38610
ниточка	38609
обогащение	38608
уфа	38607
монгол	38606
машенька	38605
разыграть	38604
усвоение	38603
интерфакс	38602
карма	38601
деградация	38600
кипр	38599
перевозить	38598
разъяснять	38597
неизвестность	38596
эдак	38595
удачливый	38594
желательный	38593
мыслительный	38592
молдавский	38591
колониальный	38590
монгольский	38589
чело	38588
позавидовать	38587
израильтянин	38586
рейх	38585
средь	38584
путеводитель	38583
соскучиться	38582
исчисление	38581
взаимно	38580
подрывать	38579
комбат	38578
высоцкий	38577
завестись	38576
самовар	38575
бесследно	38574
черноморский	38573
миномет	38572
волшебство	38571
тина	38570
порча	38569
незамеченный	38568
лилия	38567
кабинка	38566
сатурн	38565
байт	38564
м	38563
прямоугольный	38562
остыть	38561
смягчить	38560
пропагандистский	38559
начисто	38558
долой	38557
интернациональный	38556
национально	38555
повтор	38554
беспрецедентный	38553
пожертвование	38552
громкость	38551
лешка	38550
смущаться	38549
угнетать	38548
метафизический	38547
истекать	38546
умудряться	38545
оворить	38544
португалия	38543
военачальник	38542
расхохотаться	38541
раздвинуть	38540
тратиться	38539
тридцатый	38538
гвардеец	38537
вонять	38536
станица	38535
признанный	38534
шварц	38533
пирс	38532
распечатать	38531
годный	38530
туземец	38529
подпрыгивать	38528
эмблема	38527
имитация	38526
выдвигаться	38525
мандельштам	38524
непредвиденный	38523
телескоп	38522
добросовестный	38521
грозно	38520
инстинктивно	38519
дотянуться	38518
колотить	38517
артиллерист	38516
развлекать	38515
переписывать	38514
рассказываться	38513
согражданин	38512
царевич	38511
лохматый	38510
прослушивание	38509
наместник	38508
дельфин	38507
огда	38506
рекламодатель	38505
критически	38504
похищение	38503
охранный	38502
пожирать	38501
адресный	38500
пополнить	38499
лот	38498
претерпеть	38497
халява	38496
пересчитать	38495
стационарный	38494
неоспоримый	38493
объявляться	38492
ыть	38491
сложение	38490
семечко	38489
им	38488
доблестный	38487
грянуть	38486
смешение	38485
сняться	38484
неудивительно	38483
знакомить	38482
узы	38481
оперный	38480
сигнализация	38479
похмелье	38478
транзит	38477
шлюпка	38476
перекусить	38475
крепление	38474
фиксация	38473
затвор	38472
микроскоп	38471
надоедать	38470
угольный	38469
флейта	38468
тюмень	38467
приковать	38466
разрушаться	38465
колечко	38464
босиком	38463
учебно	38462
покрышкин	38461
взрывной	38460
образцовый	38459
автоматизированный	38458
партнерский	38457
перебросить	38456
затруднить	38455
дворик	38454
аксессуар	38453
поблескивать	38452
красно	38451
квн	38450
мегабайт	38449
мгц	38448
шевченко	38447
саймон	38446
дыхательный	38445
плато	38444
подгонять	38443
мур	38442
дарование	38441
полковой	38440
йог	38439
легкомысленный	38438
второе	38437
амстердам	38436
врасплох	38435
швырять	38434
красотка	38433
выборный	38432
спланировать	38431
унизительный	38430
светило	38429
пианино	38428
сопрячь	38427
девятнадцать	38426
вышеупомянутый	38425
логично	38424
лоток	38423
слепить	38422
дирекция	38421
националистический	38420
торможение	38419
удовлетворительный	38418
тесть	38417
креститься	38416
соло	38415
вникать	38414
инфекционный	38413
поэтика	38412
землянин	38411
стирка	38410
дружина	38409
съемочный	38408
люстра	38407
номенклатура	38406
выдаться	38405
несуществующий	38404
реферат	38403
ордер	38402
позавчера	38401
отремонтировать	38400
абсурдный	38399
светящийся	38398
возня	38397
регулятор	38396
гильдия	38395
вата	38394
отключение	38393
свиток	38392
ежемесячно	38391
готический	38390
затруднительный	38389
серб	38388
штрафной	38387
амурский	38386
уловка	38385
осознанный	38384
застройка	38383
крылов	38382
порасти	38381
наполняться	38380
рнб	38379
протяженность	38378
компаньон	38377
уклоняться	38376
джерри	38375
насиловать	38374
андрюха	38373
тоскливо	38372
опьянение	38371
доверительный	38370
истребительный	38369
морган	38368
завеса	38367
чел	38366
ром	38365
поглощение	38364
закупить	38363
приставить	38362
застой	38361
явить	38360
оргкомитет	38359
физкультура	38358
трение	38357
душный	38356
транзитный	38355
дискомфорт	38354
централизованный	38353
общенациональный	38352
натыкаться	38351
наполнение	38350
канун	38349
греф	38348
помолиться	38347
поссориться	38346
номинальный	38345
синьор	38344
метка	38343
янв	38342
нечеловеческий	38341
мультфильм	38340
эмма	38339
курган	38338
огорчать	38337
продление	38336
губить	38335
гост	38334
кверху	38333
разворачивать	38332
покрываться	38331
зала	38330
наушники	38329
арендовать	38328
порадоваться	38327
кардинал	38326
сосиска	38325
детка	38324
отсталый	38323
вымереть	38322
мольба	38321
удобрение	38320
долговременный	38319
юлий	38318
господень	38317
сырьевой	38316
культовый	38315
руины	38314
индус	38313
рязанский	38312
ме	38311
расшириться	38310
активизировать	38309
сковать	38308
аспирантура	38307
существительное	38306
вылиться	38305
гробница	38304
некрасов	38303
воцариться	38302
взмахнуть	38301
прибить	38300
согнуться	38299
переселенец	38298
процессия	38297
авось	38296
докторский	38295
вобщее	38294
пишущий	38293
невестка	38292
помада	38291
ладошка	38290
осужденный	38289
створка	38288
хлопотать	38287
проигрыш	38286
мираж	38285
индивидуально	38284
познер	38283
ликовать	38282
консолидация	38281
ночлег	38280
неравный	38279
сексуальность	38278
филологический	38277
прославиться	38276
кроткий	38275
рефлексия	38274
героизм	38273
выходка	38272
обменять	38271
филолог	38270
притяжение	38269
зинаида	38268
сконцентрировать	38267
питт	38266
осенить	38265
почесть	38264
поджать	38263
пронестись	38262
жгучий	38261
коммент	38260
ковалев	38259
афоризм	38258
ушёл	38257
заправка	38256
прихожанин	38255
старейший	38254
урна	38253
веник	38252
внимать	38251
прибой	38250
редакционный	38249
уберечь	38248
сук	38247
дамский	38246
подобать	38245
песнь	38244
равномерно	38243
пронести	38242
психоанализ	38241
кабан	38240
передышка	38239
неясно	38238
тверь	38237
др	38236
зюганов	38235
ванный	38234
пал	38233
задохнуться	38232
опробовать	38231
зародыш	38230
мысленный	38229
вождение	38228
австралийский	38227
несовершенный	38226
сплав	38225
лакей	38224
отбой	38223
русалка	38222
выругаться	38221
скатиться	38220
тестовый	38219
зомби	38218
настоятель	38217
похвастаться	38216
шлюз	38215
ублюдок	38214
усаживаться	38213
присоединить	38212
герцен	38211
усилитель	38210
онлайн	38209
вареный	38208
треснуть	38207
недействительный	38206
рычать	38205
бункер	38204
рыдание	38203
властитель	38202
знаковый	38201
приветливо	38200
эквивалентный	38199
загружать	38198
усовершенствовать	38197
ценностный	38196
избиение	38195
диаспора	38194
сковородка	38193
регулироваться	38192
классно	38191
безразлично	38190
измеряться	38189
хрустеть	38188
умысел	38187
славно	38186
недобрый	38185
совместимость	38184
прядь	38183
минутный	38182
заиграть	38181
уборщица	38180
волосок	38179
пустырь	38178
морг	38177
руда	38176
хусейн	38175
афганский	38174
гоша	38173
щука	38172
лыжный	38171
абитуриент	38170
вить	38169
сложнейший	38168
озираться	38167
выгонять	38166
зеландия	38165
рассеянно	38164
подпрыгнуть	38163
царствование	38162
замыкаться	38161
мтс	38160
саддам	38159
добросовестно	38158
перечитать	38157
наложение	38156
фруктовый	38155
проектор	38154
насмешливо	38153
удержание	38152
любительский	38151
попка	38150
додуматься	38149
империализм	38148
бездействие	38147
неприятие	38146
пуд	38145
андрюша	38144
мыслимый	38143
снисходительно	38142
лицензирование	38141
ошеломить	38140
гнаться	38139
му	38138
корабельный	38137
организационно	38136
приглушить	38135
придти	38134
гуманный	38133
ый	38132
брюссель	38131
риторический	38130
строевой	38129
относительность	38128
заглушить	38127
кеннеди	38126
клык	38125
олицетворять	38124
миниатюра	38123
диспетчер	38122
батарейка	38121
набираться	38120
киров	38119
фишер	38118
утюг	38117
отрубить	38116
побрести	38115
неправительственный	38114
неприятельский	38113
замучить	38112
кутузов	38111
цзян	38110
спешно	38109
биржевой	38108
застонать	38107
зажить	38106
предписать	38105
дистрибутив	38104
выпрыгнуть	38103
голодание	38102
дронго	38101
повествовать	38100
смахивать	38099
гитарист	38098
денежки	38097
глубочайший	38096
новелла	38095
яблоня	38094
прерваться	38093
нетрадиционный	38092
дьявольский	38091
восходящий	38090
определенность	38089
маятник	38088
наивность	38087
запор	38086
неловкость	38085
вопросительно	38084
перекрывать	38083
пит	38082
властелин	38081
продолжиться	38080
мученик	38079
энн	38078
наращивать	38077
одеяние	38076
зарубежье	38075
домохозяйка	38074
деловито	38073
практичный	38072
скула	38071
мемориал	38070
юрка	38069
эскиз	38068
захватчик	38067
агрессивность	38066
минный	38065
негосударственный	38064
периметр	38063
тренд	38062
егэ	38061
серьёзно	38060
райком	38059
крестик	38058
отводиться	38057
тащиться	38056
пошлый	38055
вагнер	38054
тов	38053
грешить	38052
хоккей	38051
проступать	38050
перерасти	38049
демонстративно	38048
ушко	38047
алан	38046
липа	38045
кратковременный	38044
роджер	38043
сечение	38042
ересь	38041
прикольный	38040
буддийский	38039
великолепие	38038
спотыкаться	38037
стык	38036
креативный	38035
расслышать	38034
подвесить	38033
туша	38032
спекуляция	38031
молот	38030
са	38029
водительский	38028
плащаница	38027
корректировать	38026
княжна	38025
кларк	38024
занимательный	38023
ворот	38022
бабушкин	38021
егоров	38020
земледелие	38019
эрмитаж	38018
брокер	38017
обрезать	38016
сотрудница	38015
созвать	38014
дотронуться	38013
солдатик	38012
гостиничный	38011
досье	38010
долететь	38009
гулько	38008
вальс	38007
ловкость	38006
всесоюзный	38005
пересадка	38004
надуть	38003
расписаться	38002
сдержаться	38001
проституция	38000
проникнуться	37999
кэш	37998
паровой	37997
флотилия	37996
бомбежка	37995
винчестер	37994
арбат	37993
эндрю	37992
произноситься	37991
кубический	37990
ремонтный	37989
хихикать	37988
расслабить	37987
купание	37986
микрорайон	37985
гинеколог	37984
помысел	37983
выговор	37982
пасхальный	37981
ресторанчик	37980
стильный	37979
меховой	37978
практиковаться	37977
дырочка	37976
бортовой	37975
подле	37974
трубопровод	37973
ставропольский	37972
карикатура	37971
труппа	37970
угрюмо	37969
волгоград	37968
сахалин	37967
жулик	37966
управа	37965
ду	37964
земляной	37963
штабной	37962
подключиться	37961
власов	37960
перезвонить	37959
кевин	37958
нк	37957
торговаться	37956
булочка	37955
труженик	37954
пропагандировать	37953
провозглашать	37952
шляпка	37951
часовня	37950
консерватория	37949
ярус	37948
кровный	37947
переменить	37946
предопределить	37945
сырость	37944
кратчайший	37943
ария	37942
месье	37941
ангар	37940
византия	37939
грузчик	37938
регламентировать	37937
средиземный	37936
допрашивать	37935
тать	37934
тайник	37933
пакт	37932
предвещать	37931
томиться	37930
подобраться	37929
откровенность	37928
перс	37927
оживать	37926
выводиться	37925
вырывать	37924
проплывать	37923
образный	37922
пардон	37921
богданов	37920
дифференциация	37919
информатизация	37918
присмотр	37917
никой	37916
звериный	37915
прибавиться	37914
запутанный	37913
бардак	37912
торопить	37911
немногочисленный	37910
признательный	37909
соблюдаться	37908
карельский	37907
мерзость	37906
раскинуть	37905
геноцид	37904
приспособиться	37903
купеческий	37902
пехотинец	37901
дословно	37900
стойкость	37899
титан	37898
округа	37897
затягиваться	37896
вековой	37895
графа	37894
фальсификация	37893
нескончаемый	37892
михалыч	37891
тончайший	37890
чтить	37889
реал	37888
негативно	37887
фриц	37886
ипотека	37885
карабин	37884
плавный	37883
завал	37882
высыпать	37881
уязвимость	37880
дурно	37879
доносить	37878
рассеянный	37877
гладь	37876
чёрт	37875
подтвердиться	37874
рудник	37873
антибиотик	37872
сигнальный	37871
лоно	37870
забываться	37869
просвет	37868
тундра	37867
близлежащий	37866
жк	37865
макароны	37864
обнародовать	37863
навес	37862
веер	37861
мифологический	37860
франко	37859
посмеиваться	37858
палить	37857
аля	37856
денек	37855
общага	37854
устояться	37853
макаров	37852
причастность	37851
тщеславие	37850
оправиться	37849
донской	37848
мешочек	37847
объявиться	37846
необязательно	37845
радист	37844
греза	37843
дозволить	37842
вполголоса	37841
лицевой	37840
кореец	37839
соблюсти	37838
су	37837
приставка	37836
протез	37835
корректно	37834
отбиваться	37833
мчс	37832
арнольд	37831
афанасьева	37830
соревноваться	37829
невыносимо	37828
подбегать	37827
календарный	37826
запоминаться	37825
оральный	37824
сентиментальный	37823
грустить	37822
уныние	37821
телеграф	37820
взаимосвязанный	37819
учетный	37818
утомительный	37817
прогнать	37816
нотка	37815
посадочный	37814
высунуть	37813
онегин	37812
заготовить	37811
виновато	37810
загс	37809
хвастаться	37808
гигиена	37807
метать	37806
лобовой	37805
несостоятельность	37804
макет	37803
преддверие	37802
формальность	37801
субд	37800
птенец	37799
зазвучать	37798
обгонять	37797
талон	37796
аргентина	37795
яичко	37794
братия	37793
обжигать	37792
выдох	37791
щадить	37790
туберкулез	37789
бюст	37788
гарантийный	37787
создаваемый	37786
ларин	37785
смола	37784
иллюминатор	37783
неполноценность	37782
шериф	37781
морковь	37780
стечение	37779
пробный	37778
саммит	37777
стричь	37776
требовательный	37775
практик	37774
знаменательный	37773
партнерша	37772
прослеживаться	37771
улавливать	37770
арифметика	37769
больная	37768
вентиляция	37767
борщ	37766
выдумывать	37765
воспитываться	37764
курск	37763
расстановка	37762
недоуменно	37761
игорный	37760
юридически	37759
голосок	37758
скорбный	37757
соперничество	37756
доверенный	37755
парикмахер	37754
библиотекарь	37753
бескрайний	37752
стопроцентный	37751
барнаул	37750
колдовство	37749
неопытный	37748
еженедельный	37747
въезжать	37746
островский	37745
потный	37744
упрощение	37743
пометка	37742
раздача	37741
лу	37740
одноименный	37739
обиход	37738
влезать	37737
губернский	37736
заботливо	37735
избавляться	37734
отделенье	37733
сгорать	37732
маня	37731
транслировать	37730
цветущий	37729
недоверчиво	37728
председательствующий	37727
разнородный	37726
военкомат	37725
наезд	37724
смазать	37723
разбиваться	37722
медвежий	37721
невыгодный	37720
изощренный	37719
неподходящий	37718
монетка	37717
настигнуть	37716
воздвигнуть	37715
набивать	37714
оградить	37713
сумрак	37712
епархия	37711
отчисление	37710
эрнст	37709
колесница	37708
пригородный	37707
монголия	37706
выкрикнуть	37705
семестр	37704
потирать	37703
зайчик	37702
воронцов	37701
наводнение	37700
пр	37699
многократный	37698
парковка	37697
диктор	37696
народность	37695
курсовой	37694
калория	37693
держатель	37692
бронза	37691
перстень	37690
трофей	37689
подчеркиваться	37688
разоблачение	37687
тайм	37686
умник	37685
лиля	37684
межнациональный	37683
разграничение	37682
романова	37681
люда	37680
впиться	37679
блик	37678
маков	37677
исправно	37676
тяжко	37675
изыскание	37674
флора	37673
румынский	37672
сценарист	37671
казачество	37670
карниз	37669
континентальный	37668
безлюдный	37667
неуклонно	37666
злополучный	37665
орловский	37664
камчатка	37663
наклон	37662
капитуляция	37661
моцарт	37660
интуитивный	37659
расписка	37658
косово	37657
фанатик	37656
хитро	37655
аванс	37654
навигация	37653
коммуна	37652
сновать	37651
сраженье	37650
картер	37649
гасить	37648
поить	37647
задавить	37646
татуировка	37645
эпитет	37644
просветление	37643
прилипнуть	37642
омский	37641
питье	37640
переключиться	37639
хо	37638
случившееся	37637
гостеприимство	37636
лишаться	37635
гуру	37634
кулинарный	37633
заочный	37632
коммуникатор	37631
покровительство	37630
вдохновить	37629
неохота	37628
самогон	37627
скафандр	37626
табурет	37625
греться	37624
салют	37623
киллер	37622
вкп	37621
адаптироваться	37620
миграционный	37619
баррель	37618
завязывать	37617
постановить	37616
линукс	37615
оптика	37614
мельком	37613
нг	37612
взрывать	37611
старейшина	37610
уолтер	37609
диалект	37608
закружиться	37607
ярд	37606
окутать	37605
прошёл	37604
клавдия	37603
вешалка	37602
догма	37601
положиться	37600
окружность	37599
хрипло	37598
болгарский	37597
колхозник	37596
резьба	37595
подумывать	37594
брест	37593
родник	37592
концлагерь	37591
явственно	37590
пользовательский	37589
выбивать	37588
египтянин	37587
кинофильм	37586
кашлять	37585
ровесник	37584
бездонный	37583
ива	37582
переночевать	37581
ошибочно	37580
ковчег	37579
оглядка	37578
усмехаться	37577
трек	37576
морковка	37575
сизый	37574
кеша	37573
модельный	37572
наталия	37571
беззвучно	37570
дождик	37569
шестидесятый	37568
блузка	37567
святилище	37566
фил	37565
обалдеть	37564
титов	37563
фиксироваться	37562
взрывчатка	37561
прошествие	37560
келли	37559
ширма	37558
овчарка	37557
коммуникационный	37556
амур	37555
джимми	37554
пронзить	37553
набросок	37552
аудиторский	37551
преемственность	37550
поведенческий	37549
канализация	37548
советоваться	37547
этнос	37546
полочка	37545
противопоставление	37544
азартный	37543
шеридан	37542
рунет	37541
свинцовый	37540
переделка	37539
вынырнуть	37538
мифический	37537
острие	37536
лазить	37535
курортный	37534
тягостный	37533
галич	37532
притязание	37531
пирожное	37530
каяться	37529
координата	37528
поля	37527
вакцина	37526
рассеяться	37525
проезжий	37524
подбираться	37523
пропускной	37522
заморозить	37521
отбыть	37520
леночка	37519
скептически	37518
доходный	37517
фред	37516
навоз	37515
общеобразовательный	37514
невредимый	37513
быков	37512
ться	37511
всемогущий	37510
астрология	37509
невнятный	37508
прищуриться	37507
родимый	37506
мексиканский	37505
туристский	37504
расставлять	37503
отречься	37502
доверчивый	37501
деревушка	37500
валун	37499
одолжить	37498
материнство	37497
залезать	37496
влюбить	37495
портной	37494
хамство	37493
магнит	37492
закупать	37491
маркус	37490
переворачивать	37489
неудовольствие	37488
нечестный	37487
сопутствующий	37486
писательница	37485
припоминать	37484
выдвижение	37483
билли	37482
выговорить	37481
фредерик	37480
зародиться	37479
некорректный	37478
жемчужина	37477
прогнозирование	37476
паспортный	37475
пила	37474
живописец	37473
слезть	37472
постельный	37471
слива	37470
деть	37469
затрудняться	37468
масон	37467
копить	37466
десятилетний	37465
сетовать	37464
убраться	37463
гормональный	37462
пеший	37461
телекоммуникационный	37460
рекордный	37459
поместиться	37458
раскинуться	37457
успенский	37456
фарфоровый	37455
углубляться	37454
повергнуть	37453
высадиться	37452
пылесос	37451
сканер	37450
поневоле	37449
пластический	37448
составляться	37447
битый	37446
лживый	37445
рентабельность	37444
аттестация	37443
гриф	37442
пеленка	37441
мячик	37440
помянуть	37439
тибет	37438
мартовский	37437
скопировать	37436
секретариат	37435
осыпать	37434
краса	37433
кардинальный	37432
анатомия	37431
твоё	37430
довериться	37429
бессонный	37428
вишня	37427
микросхема	37426
тибетский	37425
пустовать	37424
резной	37423
пазуха	37422
пика	37421
арендный	37420
искусно	37419
реквизит	37418
перепугать	37417
износ	37416
лепешка	37415
огорчить	37414
согреть	37413
поселить	37412
высовываться	37411
датировать	37410
обняться	37409
поминать	37408
финиш	37407
поторопиться	37406
вставка	37405
искажать	37404
астма	37403
промолвить	37402
нерешительность	37401
интернат	37400
славик	37399
дискета	37398
вскрытие	37397
кулиса	37396
нетерпеливый	37395
наследственность	37394
метла	37393
хабаровский	37392
дичь	37391
засесть	37390
прихоть	37389
привязка	37388
читательский	37387
соотноситься	37386
метнуться	37385
астрахань	37384
шелест	37383
неестественный	37382
экспериментировать	37381
сухарь	37380
распознавание	37379
пархоменко	37378
уклониться	37377
завязаться	37376
переписываться	37375
прямоугольник	37374
жуть	37373
трезво	37372
медикамент	37371
диссидент	37370
дореволюционный	37369
латвийский	37368
чувак	37367
недельный	37366
ги	37365
корреспонденция	37364
консерватор	37363
позволение	37362
сродни	37361
ручеек	37360
вранье	37359
размножаться	37358
рома	37357
вдаваться	37356
даться	37355
дирижер	37354
знамение	37353
оздоровление	37352
ископаемое	37351
замерзать	37350
привилегированный	37349
известить	37348
малинин	37347
посильный	37346
неточность	37345
отключиться	37344
беспорядочный	37343
иррациональный	37342
торг	37341
кубань	37340
отпор	37339
ихний	37338
рулить	37337
созерцать	37336
флажок	37335
допить	37334
пво	37333
разделяться	37332
конфликтный	37331
лыжи	37330
ванька	37329
обосноваться	37328
активизация	37327
основополагающий	37326
кадет	37325
валять	37324
продуктовый	37323
влажность	37322
реализовывать	37321
проверяться	37320
удостовериться	37319
закусывать	37318
трейдер	37317
астрономия	37316
камаз	37315
протереть	37314
телекоммуникация	37313
устой	37312
надумать	37311
азбука	37310
превосходительство	37309
упростить	37308
возвышение	37307
уникальность	37306
прорываться	37305
фейерверк	37304
свернуться	37303
хлестать	37302
почистить	37301
сосредоточение	37300
вышестоящий	37299
стрижка	37298
серафим	37297
послушаться	37296
проигнорировать	37295
тяготение	37294
взбираться	37293
сербия	37292
полежать	37291
примечательно	37290
двигательный	37289
рыться	37288
дружелюбный	37287
пытать	37286
запутать	37285
непросто	37284
врачебный	37283
всхлипывать	37282
реформатор	37281
барбара	37280
артерия	37279
прохладно	37278
неистовый	37277
эренбург	37276
генерировать	37275
взмах	37274
жемчуг	37273
пассаж	37272
отыскивать	37271
ремесленник	37270
пнуть	37269
зарядка	37268
аз	37267
ока	37266
подключаться	37265
всесторонний	37264
хмуро	37263
распределяться	37262
ролевой	37261
лукас	37260
куратор	37259
местоположение	37258
уяснить	37257
мудак	37256
неадекватный	37255
тула	37254
очевидность	37253
набег	37252
кассир	37251
заблуждаться	37250
невольный	37249
переименовать	37248
погнать	37247
походный	37246
украдкой	37245
распорядок	37244
перевязать	37243
утес	37242
невинность	37241
мирской	37240
ленточка	37239
львович	37238
перепад	37237
венский	37236
затеряться	37235
серьга	37234
пляска	37233
шурик	37232
злоупотреблять	37231
укус	37230
праздный	37229
анимация	37228
натворить	37227
основательный	37226
ценообразование	37225
неотложный	37224
мыслящий	37223
подписываться	37222
боеприпас	37221
чрево	37220
матильда	37219
кефир	37218
дуэт	37217
поочередно	37216
принуждать	37215
прикончить	37214
сергий	37213
синева	37212
подсознательно	37211
иссякнуть	37210
отпасть	37209
семидесятый	37208
напроезд	37207
учредительный	37206
соприкасаться	37205
осведомить	37204
тенге	37203
несчастие	37202
реанимация	37201
берия	37200
антисоветский	37199
оригинальность	37198
стащить	37197
педро	37196
разослать	37195
контролироваться	37194
обжечь	37193
горевать	37192
вертикально	37191
упрямство	37190
бета	37189
возродить	37188
рассыпать	37187
эскалатор	37186
бек	37185
обязываться	37184
спутница	37183
этикет	37182
выручать	37181
слить	37180
ромка	37179
таможенник	37178
вымысел	37177
аристократ	37176
жизнерадостный	37175
синтаксис	37174
нелепость	37173
субботний	37172
накапливать	37171
плотник	37170
варварский	37169
ия	37168
эйфория	37167
сопоставить	37166
разговориться	37165
гуманизм	37164
журналистка	37163
тряхнуть	37162
пульсировать	37161
машиностроение	37160
насторожиться	37159
ругань	37158
диалектический	37157
хвостик	37156
болотный	37155
обобщать	37154
мечтание	37153
вслушиваться	37152
спонтанный	37151
лимит	37150
населять	37149
марсель	37148
шайка	37147
грядка	37146
оцепенение	37145
одноразовый	37144
лютый	37143
фбр	37142
кооперация	37141
штурмовой	37140
задаться	37139
премудрость	37138
кавалерийский	37137
бездарный	37136
доселе	37135
тарас	37134
беглец	37133
пасти	37132
чеснок	37131
галочка	37130
макияж	37129
стюарт	37128
отчетный	37127
громоздкий	37126
сергеев	37125
ар	37124
лдпр	37123
подчинять	37122
выращивание	37121
бабуля	37120
ждёт	37119
леонов	37118
коллекционер	37117
клевать	37116
хронология	37115
авантюра	37114
подрастать	37113
оч	37112
карабкаться	37111
допущение	37110
инициативный	37109
наименее	37108
бич	37107
предпочтительный	37106
утерять	37105
колыбель	37104
отозвать	37103
систематически	37102
мощно	37101
паркет	37100
батюшков	37099
сезонный	37098
застава	37097
саратовский	37096
йогурт	37095
богослов	37094
вылить	37093
вывалиться	37092
овощной	37091
возмездие	37090
попутный	37089
торгово	37088
шкатулка	37087
преобладание	37086
шатер	37085
клубный	37084
парикмахерская	37083
тютчев	37082
истощение	37081
потоп	37080
соавтор	37079
пожизненный	37078
морщиться	37077
следующее	37076
веять	37075
милорд	37074
клон	37073
вскрывать	37072
анатольевич	37071
почем	37070
саудовский	37069
застенчивый	37068
рогозин	37067
кардинально	37066
поручать	37065
мессия	37064
визитный	37063
выпалить	37062
бесцветный	37061
тендер	37060
пятачок	37059
предъявление	37058
изучаться	37057
летописец	37056
откладываться	37055
козырек	37054
постичь	37053
проходимец	37052
ракурс	37051
недвижимый	37050
яндекс	37049
населить	37048
медовый	37047
крестить	37046
воинственный	37045
исаак	37044
рустам	37043
густав	37042
пропеть	37041
хирургия	37040
отворить	37039
сторонка	37038
ив	37037
поучаствовать	37036
степанов	37035
заманчивый	37034
адаптировать	37033
заимствование	37032
беспредел	37031
девать	37030
подхватывать	37029
восстанавливаться	37028
орт	37027
посредине	37026
динозавр	37025
почерпнуть	37024
краснодар	37023
огнестрельный	37022
зависнуть	37021
поднятие	37020
внятный	37019
ненадежный	37018
древнерусский	37017
беспомощность	37016
кавалерия	37015
кушетка	37014
блистательный	37013
внешнеполитический	37012
бонд	37011
прилагаться	37010
предчувствовать	37009
орнамент	37008
угловой	37007
счетный	37006
арендатор	37005
гога	37004
протирать	37003
баловать	37002
мотать	37001
хвала	37000
немолодой	36999
подключать	36998
стоящий	36997
румяный	36996
литургия	36995
извозчик	36994
лизать	36993
иудаизм	36992
зевс	36991
созыв	36990
придерживать	36989
доблесть	36988
привязаться	36987
сослать	36986
авторство	36985
танцор	36984
жаба	36983
оперативник	36982
покрасить	36981
болван	36980
маячить	36979
настороженно	36978
умыться	36977
радиация	36976
упорядочить	36975
облачко	36974
худенький	36973
хр	36972
минерал	36971
происходящее	36970
аура	36969
поражаться	36968
прайс	36967
дин	36966
смазка	36965
промышленник	36964
придавить	36963
зелье	36962
дохлый	36961
мавзолей	36960
обрекать	36959
фрг	36958
расовый	36957
дворовый	36956
разливать	36955
тель	36954
углубиться	36953
хе	36952
травить	36951
ворошилов	36950
молвить	36949
котик	36948
янукович	36947
вожак	36946
кобыла	36945
экологически	36944
порождение	36943
шейка	36942
стюардесса	36941
смирно	36940
приспосабливаться	36939
уважительный	36938
постареть	36937
улитка	36936
опубликование	36935
старческий	36934
погружать	36933
влюбленность	36932
замыкать	36931
ругательство	36930
благоустройство	36929
бабки	36928
впитывать	36927
отчаяться	36926
уйма	36925
мутация	36924
сестренка	36923
испортиться	36922
терпимость	36921
властвовать	36920
бессознательно	36919
заблокировать	36918
мн	36917
карнавал	36916
очаровать	36915
неправый	36914
заводиться	36913
мадрид	36912
ухудшаться	36911
багровый	36910
краешек	36909
взломать	36908
ясин	36907
ссуда	36906
суеверие	36905
восторженно	36904
рысь	36903
бело	36902
рязань	36901
окрепнуть	36900
козырь	36899
затащить	36898
терапевтический	36897
чернокожий	36896
ъ	36895
челнок	36894
моделировать	36893
ограбление	36892
сложенный	36891
праведник	36890
ударять	36889
вычеркнуть	36888
первоклассный	36887
странствие	36886
голосовой	36885
движок	36884
подвеска	36883
тарифный	36882
подрядчик	36881
взыскать	36880
бдительный	36879
эмитент	36878
дурь	36877
вбежать	36876
тимофей	36875
пицца	36874
камыш	36873
наготове	36872
пилить	36871
детище	36870
скрутить	36869
смять	36868
суверенный	36867
попечение	36866
депозит	36865
формация	36864
истребить	36863
было	36862
климов	36861
обиженный	36860
озарение	36859
увозить	36858
ослепить	36857
пешеходный	36856
антисемитизм	36855
тройной	36854
извилистый	36853
постоянство	36852
расшифровать	36851
искаженный	36850
расцвести	36849
полугодие	36848
посыпать	36847
дождливый	36846
юрисдикция	36845
паек	36844
верочка	36843
линда	36842
ускользнуть	36841
сосчитать	36840
шевельнуться	36839
отключать	36838
сговор	36837
неминуемо	36836
евангельский	36835
мазь	36834
сдерживаться	36833
рыжков	36832
монополист	36831
неисправность	36830
четвереньки	36829
переместить	36828
впечатляющий	36827
подвезти	36826
естествознание	36825
образно	36824
квартирный	36823
астероид	36822
хруст	36821
поглаживать	36820
коротенький	36819
сыпать	36818
подставка	36817
люд	36816
психиатрия	36815
перевалить	36814
нюхать	36813
уволиться	36812
ватикан	36811
окунуться	36810
безмолвный	36809
бобби	36808
барахло	36807
неведение	36806
мягкость	36805
исключаться	36804
амбициозный	36803
отъехать	36802
непобедимый	36801
общеизвестный	36800
заезжать	36799
грин	36798
подметить	36797
березовый	36796
проницательный	36795
кейс	36794
ветеринарный	36793
вопрошать	36792
зевнуть	36791
вонь	36790
приучать	36789
поприще	36788
разрываться	36787
бойня	36786
подсесть	36785
вторгнуться	36784
заразиться	36783
гувд	36782
отставание	36781
утрачивать	36780
неимоверный	36779
обозначаться	36778
одесский	36777
разорваться	36776
полномочный	36775
чесать	36774
бородка	36773
вызываться	36772
штурмовать	36771
пролежать	36770
корзинка	36769
лектор	36768
задумчивость	36767
прибрать	36766
клинтон	36765
отменный	36764
стимуляция	36763
жилет	36762
зачитать	36761
угадывать	36760
вольно	36759
пристроиться	36758
криминал	36757
выскользнуть	36756
кровля	36755
резкость	36754
уладить	36753
раскаяние	36752
мохнатый	36751
древо	36750
очертить	36749
искатель	36748
клумба	36747
посматривать	36746
нутро	36745
смешиваться	36744
бедняжка	36743
разносить	36742
экстремизм	36741
пометить	36740
карий	36739
переговариваться	36738
плескаться	36737
мантия	36736
самосохранение	36735
послушание	36734
статься	36733
костик	36732
гранит	36731
немцов	36730
отдалить	36729
лен	36728
вытянутый	36727
бывалый	36726
концентрироваться	36725
угощение	36724
кактус	36723
грамотность	36722
иммунный	36721
излюбленный	36720
истерический	36719
душно	36718
возрастание	36717
дробь	36716
оговориться	36715
повеситься	36714
селедка	36713
паралич	36712
примаков	36711
романтичный	36710
гильденстерна	36709
изречение	36708
приблизительный	36707
поломать	36706
ослабеть	36705
мадонна	36704
питомец	36703
своеобразие	36702
ускорять	36701
пари	36700
ложечка	36699
закрепиться	36698
лавр	36697
запрещение	36696
отблеск	36695
стычка	36694
десерт	36693
топтать	36692
сапер	36691
кровотечение	36690
искомый	36689
клерк	36688
повторно	36687
кукуруза	36686
крупа	36685
кольский	36684
агрессор	36683
горлышко	36682
раскрутить	36681
икс	36680
насмешливый	36679
излишек	36678
ватный	36677
белеть	36676
метафизика	36675
квалифицировать	36674
тухачевский	36673
гостеприимный	36672
яичница	36671
столбик	36670
брик	36669
покататься	36668
нелепо	36667
лапша	36666
хватка	36665
погрешность	36664
оглушительный	36663
посеять	36662
вкладчик	36661
атлас	36660
зажмуриться	36659
беспомощно	36658
самурай	36657
завалиться	36656
советско	36655
дмитриевна	36654
карточный	36653
общероссийский	36652
неграмотный	36651
закопать	36650
соискатель	36649
назойливый	36648
неблагодарный	36647
вырабатываться	36646
лиз	36645
хостинг	36644
гнуть	36643
гендиректор	36642
картон	36641
топтаться	36640
терпимый	36639
финансироваться	36638
умножение	36637
лира	36636
восседать	36635
взлом	36634
озарить	36633
чесаться	36632
признательность	36631
разок	36630
непроизвольно	36629
александров	36628
численный	36627
фрекен	36626
иванова	36625
пинок	36624
сударыня	36623
глобус	36622
предписывать	36621
уныло	36620
тоталитаризм	36619
форсировать	36618
уездный	36617
завоевывать	36616
брюс	36615
руб	36614
нестабильность	36613
отовсюду	36612
простуда	36611
общительный	36610
истолковать	36609
жертвоприношение	36608
анонс	36607
розенкранц	36606
этюд	36605
восьмидесятый	36604
оптимист	36603
малина	36602
футляр	36601
стерва	36600
серо	36599
теленок	36598
катрин	36597
обновляться	36596
арестованный	36595
нефтепродукты	36594
шеренга	36593
несовершенство	36592
пригрозить	36591
бинт	36590
аттракцион	36589
усатый	36588
переселиться	36587
бонапарт	36586
разбогатеть	36585
довезти	36584
небоскреб	36583
осадить	36582
волнующий	36581
конкурентоспособный	36580
видеокарта	36579
выключатель	36578
росток	36577
щ	36576
ослаблять	36575
безошибочно	36574
заикаться	36573
расшифровка	36572
статический	36571
неоднозначный	36570
блум	36569
примкнуть	36568
антонио	36567
обменный	36566
приверженность	36565
чили	36564
миленький	36563
враждебность	36562
регистрироваться	36561
зарождаться	36560
гать	36559
чёрный	36558
обороняться	36557
одиссея	36556
разведение	36555
гордыня	36554
ванин	36553
льюис	36552
газопровод	36551
выпад	36550
бестолковый	36549
расправиться	36548
расспросить	36547
ромашка	36546
телезритель	36545
отборный	36544
старомодный	36543
упрекнуть	36542
семеро	36541
анри	36540
оснащение	36539
стабильно	36538
спикер	36537
целиться	36536
гель	36535
нападающий	36534
дымарский	36533
прибалтийский	36532
язычник	36531
полить	36530
валовой	36529
пинать	36528
гипотетический	36527
омон	36526
алименты	36525
откликаться	36524
публицист	36523
одолевать	36522
невозмутимо	36521
катаклизм	36520
передел	36519
расходовать	36518
наговорить	36517
сберечь	36516
неживой	36515
легковой	36514
сосредоточенно	36513
беречься	36512
аравия	36511
всеволод	36510
заглавие	36509
ухудшиться	36508
байрон	36507
ухмыляться	36506
дивиться	36505
баррикада	36504
пересказывать	36503
гнить	36502
кон	36501
вишневый	36500
левин	36499
невроз	36498
диагональ	36497
кировский	36496
борисовна	36495
заграница	36494
скинхед	36493
шестьсот	36492
коситься	36491
баллада	36490
рулевой	36489
вдоволь	36488
бронепоезд	36487
шест	36486
примириться	36485
отработка	36484
мастурбация	36483
выжать	36482
подсчитывать	36481
квест	36480
жесткость	36479
ский	36478
приватизировать	36477
ополчение	36476
членство	36475
бешено	36474
жеребец	36473
лора	36472
чернота	36471
оседать	36470
крыть	36469
улучшаться	36468
кать	36467
неладный	36466
развеять	36465
распродажа	36464
головокружение	36463
снежинка	36462
приклад	36461
комфортно	36460
разлететься	36459
портативный	36458
триллион	36457
постижение	36456
изумиться	36455
вовлечение	36454
эпиграф	36453
гневный	36452
кишинев	36451
вырисовываться	36450
обильно	36449
ноша	36448
творог	36447
стилистический	36446
заурядный	36445
говор	36444
упрощать	36443
танька	36442
моторный	36441
вырубить	36440
милошевич	36439
жестяной	36438
калинин	36437
сметана	36436
отождествлять	36435
ладоши	36434
фаворит	36433
сенсорный	36432
лимонов	36431
фауна	36430
эмиссия	36429
обобщенный	36428
иго	36427
испытательный	36426
тара	36425
ить	36424
непримиримый	36423
наклонный	36422
стихотворный	36421
порезать	36420
грохотать	36419
гордон	36418
согреться	36417
выздороветь	36416
генштаб	36415
кришна	36414
джордан	36413
жора	36412
незаурядный	36411
донос	36410
реструктуризация	36409
аплодировать	36408
подошёл	36407
шмидт	36406
фоменко	36405
подложить	36404
соблазнительный	36403
насытить	36402
житие	36401
воск	36400
проблематичный	36399
неслыханный	36398
свисток	36397
сдержанно	36396
сауна	36395
добавиться	36394
опаска	36393
бетховен	36392
высотный	36391
подлинность	36390
перекинуть	36389
рассчитываться	36388
возместить	36387
касательно	36386
анальный	36385
пастбище	36384
объяснимый	36383
бостон	36382
противопоставлять	36381
комикс	36380
соблазнить	36379
убор	36378
повалиться	36377
разгораться	36376
лотос	36375
локализация	36374
басня	36373
благословлять	36372
генерация	36371
дипломный	36370
укрепиться	36369
романс	36368
довоенный	36367
согревать	36366
забрасывать	36365
малиновый	36364
кодирование	36363
освятить	36362
несогласие	36361
осуществиться	36360
облегченно	36359
мимолетный	36358
табу	36357
словарный	36356
риф	36355
неумение	36354
брайан	36353
тщетный	36352
промахнуться	36351
разврат	36350
салли	36349
воевода	36348
переслать	36347
бескорыстный	36346
цитироваться	36345
обидчик	36344
тяготеть	36343
гуров	36342
обозвать	36341
обоз	36340
читательница	36339
порнография	36338
уборная	36337
седина	36336
завезти	36335
мерзнуть	36334
карьерный	36333
нафига	36332
предвкушение	36331
пастись	36330
курок	36329
алиев	36328
рознь	36327
комический	36326
пленум	36325
элементарно	36324
трахнуть	36323
телеком	36322
извращение	36321
мерить	36320
каменистый	36319
душистый	36318
атмосферный	36317
бульон	36316
богословский	36315
боярский	36314
топливный	36313
форменный	36312
зы	36311
гуща	36310
бюрократ	36309
оружейный	36308
ефим	36307
наращивание	36306
сконструировать	36305
прожиточный	36304
досрочный	36303
зашевелиться	36302
возведение	36301
крестовый	36300
вердикт	36299
водоворот	36298
зеленоватый	36297
впустую	36296
фольклорный	36295
обвал	36294
успокоение	36293
семантика	36292
раскрасить	36291
покорность	36290
портвейн	36289
щи	36288
дамблдор	36287
напрячь	36286
выискивать	36285
насильник	36284
чуточку	36283
пошлость	36282
спортзал	36281
осадок	36280
издавна	36279
эсминец	36278
резидент	36277
артериальный	36276
отредактировать	36275
борман	36274
покупаться	36273
посчастливиться	36272
наперед	36271
инсталляция	36270
наручник	36269
рогатый	36268
котельная	36267
швейный	36266
завещать	36265
прилечь	36264
вычитать	36263
леон	36262
мочевой	36261
профильный	36260
гай	36259
горох	36258
дымок	36257
небритый	36256
жандарм	36255
донор	36254
всемирно	36253
луис	36252
ирландец	36251
смолкнуть	36250
оптимизировать	36249
близиться	36248
разлить	36247
веточка	36246
климатический	36245
сгинуть	36244
садовник	36243
конструирование	36242
выпуклый	36241
едкий	36240
изъян	36239
твардовский	36238
тыс	36237
еженедельник	36236
герц	36235
грязно	36234
ломиться	36233
уединение	36232
лара	36231
замаскировать	36230
заказной	36229
подкинуть	36228
белизна	36227
разводиться	36226
похоронный	36225
наклонность	36224
канцелярский	36223
самоопределение	36222
мочить	36221
аул	36220
застегнуть	36219
древесный	36218
малочисленный	36217
истратить	36216
извечный	36215
разбегаться	36214
вереница	36213
муссолини	36212
отскочить	36211
предсмертный	36210
разгадка	36209
дык	36208
ослабнуть	36207
мандат	36206
мигом	36205
худощавый	36204
захохотать	36203
металлургический	36202
воссоздать	36201
лиловый	36200
эпопея	36199
зиять	36198
трофейный	36197
приключиться	36196
кн	36195
явка	36194
подцепить	36193
соломенный	36192
повзрослеть	36191
моргнуть	36190
подсунуть	36189
траурный	36188
топот	36187
утомить	36186
филиппов	36185
данилов	36184
волжский	36183
покормить	36182
инструментарий	36181
сползать	36180
досадный	36179
рыцарский	36178
криво	36177
грива	36176
пресный	36175
демин	36174
биографический	36173
истечь	36172
неудивительный	36171
чемоданчик	36170
помириться	36169
вдвойне	36168
назавтра	36167
сильвия	36166
рулетка	36165
девятнадцатый	36164
каток	36163
латы	36162
втайне	36161
перестрелка	36160
наречие	36159
мятый	36158
дак	36157
квартирка	36156
богатейший	36155
прямая	36154
ральф	36153
просвещенный	36152
простенький	36151
пелевин	36150
угаснуть	36149
глупец	36148
отбывать	36147
женева	36146
неумолимый	36145
дурачок	36144
демо	36143
кучер	36142
сукно	36141
обновлять	36140
дубина	36139
ночевка	36138
аббат	36137
необратимый	36136
вышеуказанный	36135
добротный	36134
трость	36133
удовлетворенно	36132
кристофер	36131
семинария	36130
нематериальный	36129
зваться	36128
болт	36127
книжечка	36126
гравитация	36125
пускаться	36124
алкаш	36123
подуматься	36122
трансформироваться	36121
пролет	36120
прямиком	36119
лесник	36118
райт	36117
письменность	36116
баскетбол	36115
застолье	36114
кудрявый	36113
калашников	36112
хер	36111
джейк	36110
изолятор	36109
заливаться	36108
выкидывать	36107
львиный	36106
просчитать	36105
скальный	36104
посвящаться	36103
бродячий	36102
родион	36101
бархат	36100
милостыня	36099
аминь	36098
знающий	36097
прошение	36096
свято	36095
беспрерывно	36094
теребить	36093
веха	36092
подмена	36091
кавказец	36090
легонько	36089
разгореться	36088
кладка	36087
мотаться	36086
развеваться	36085
навеять	36084
вторично	36083
расследовать	36082
пикник	36081
семерка	36080
каспийский	36079
пошевелиться	36078
ртуть	36077
гранитный	36076
проинформировать	36075
последнее	36074
повязать	36073
наделять	36072
прикольно	36071
опечатка	36070
отчим	36069
аналоговый	36068
франсуа	36067
помин	36066
скрипт	36065
шах	36064
кивок	36063
тренажер	36062
холостой	36061
представительница	36060
жезл	36059
ястреб	36058
ревизор	36057
посредничество	36056
подрабатывать	36055
ошеломлять	36054
барыня	36053
изуродовать	36052
техас	36051
ялта	36050
патрик	36049
свергнуть	36048
зарыть	36047
трест	36046
рвение	36045
кайт	36044
отделать	36043
мухаммед	36042
нянька	36041
репетировать	36040
контрразведка	36039
восклицание	36038
уть	36037
гимнастерка	36036
дженни	36035
неземной	36034
скосить	36033
хуй	36032
капюшон	36031
преувеличить	36030
трахать	36029
изменник	36028
приближать	36027
кукушка	36026
сукин	36025
трусливый	36024
боцман	36023
индейский	36022
хельсинки	36021
калека	36020
конский	36019
трамвайный	36018
мегаполис	36017
кристиан	36016
беспрепятственно	36015
бутик	36014
платочек	36013
бойкий	36012
убежденность	36011
свершение	36010
благоговение	36009
запрограммировать	36008
аристократия	36007
отравлять	36006
недооценивать	36005
подписчик	36004
отшельник	36003
угонять	36002
мультик	36001
кузьмич	36000
гусев	35999
катюша	35998
целесообразно	35997
пикет	35996
рыбий	35995
бездельник	35994
тупость	35993
конфессия	35992
иронический	35991
ручаться	35990
удрать	35989
кронштадт	35988
вульгарный	35987
инъекция	35986
прозаик	35985
дождевой	35984
овес	35983
стефан	35982
пятилетка	35981
каркас	35980
сравниться	35979
артистка	35978
угасать	35977
горбатый	35976
донский	35975
неподдельный	35974
эмигрировать	35973
отправитель	35972
возобновление	35971
повинный	35970
сказание	35969
клеймо	35968
возлюбить	35967
ветеринар	35966
либерализация	35965
согласоваться	35964
дебют	35963
загораться	35962
обет	35961
несущественный	35960
маркетолог	35959
подоспеть	35958
детеныш	35957
микроб	35956
белов	35955
керосин	35954
василиса	35953
неминуемый	35952
полпути	35951
нависать	35950
шантаж	35949
драть	35948
зверек	35947
кубометр	35946
оккупант	35945
семнадцатый	35944
чета	35943
ошарашить	35942
подвернуться	35941
избираться	35940
присматриваться	35939
диктофон	35938
мытье	35937
нефтегазовый	35936
габарит	35935
правопорядок	35934
примесь	35933
предприниматься	35932
умножить	35931
громов	35930
каспаров	35929
орбитальный	35928
пялиться	35927
шотландия	35926
белокурый	35925
вещественный	35924
беззаботный	35923
доминирующий	35922
экзистенциальный	35921
набок	35920
карло	35919
снегурочка	35918
трусость	35917
вспотеть	35916
голубчик	35915
джозеф	35914
масонство	35913
крепиться	35912
аська	35911
кс	35910
перекреститься	35909
эд	35908
завидный	35907
завораживать	35906
гонец	35905
монотонный	35904
нудный	35903
назваться	35902
сени	35901
клиентский	35900
аристократический	35899
стажировка	35898
гулкий	35897
карусель	35896
глас	35895
чик	35894
маленько	35893
келья	35892
проливать	35891
дружище	35890
пагубный	35889
апартамент	35888
закреплять	35887
кратер	35886
астраханский	35885
звонко	35884
сбиваться	35883
георгиевич	35882
рослый	35881
волошин	35880
директория	35879
болевой	35878
усыпать	35877
картридж	35876
проясниться	35875
заполняться	35874
вскармливание	35873
азербайджанец	35872
западноевропейский	35871
самодеятельность	35870
кукольный	35869
бытовать	35868
устаревший	35867
миссионер	35866
рвота	35865
лава	35864
южно	35863
обить	35862
трахаться	35861
подлинно	35860
нать	35859
николас	35858
телепередача	35857
подсобный	35856
гейтс	35855
скрежет	35854
прозаический	35853
сочувственно	35852
дунай	35851
униматься	35850
бабий	35849
скептик	35848
модерн	35847
запугать	35846
пересохнуть	35845
передняя	35844
томми	35843
среднестатистический	35842
лысина	35841
различимый	35840
подпадать	35839
несравненно	35838
тестировать	35837
секретность	35836
шри	35835
пробудиться	35834
сакральный	35833
паломник	35832
охват	35831
восстановиться	35830
гамбург	35829
благодатный	35828
возмущать	35827
абсолют	35826
кнопочка	35825
шасси	35824
оформляться	35823
разъехаться	35822
блондин	35821
титульный	35820
гомер	35819
гарантированный	35818
санки	35817
предавать	35816
балерина	35815
кр	35814
окрестить	35813
облом	35812
карабах	35811
жрица	35810
закрутить	35809
беседка	35808
саакашвили	35807
фельдшер	35806
латынь	35805
санька	35804
статуэтка	35803
обрываться	35802
посох	35801
переключить	35800
мельников	35799
привкус	35798
мимика	35797
везение	35796
ничтожество	35795
сообща	35794
замешать	35793
разбрасывать	35792
исходник	35791
хронологический	35790
ожерелье	35789
рациональность	35788
наугад	35787
шахтер	35786
публицистика	35785
выползти	35784
бодрость	35783
жвачка	35782
присваивать	35781
питьевой	35780
раздеть	35779
плазма	35778
цемент	35777
коммуналка	35776
тяжелейший	35775
покачивать	35774
еретик	35773
прокладывать	35772
эпический	35771
завыть	35770
булка	35769
фролов	35768
флоренция	35767
девяностый	35766
шип	35765
внятно	35764
засохнуть	35763
девственность	35762
администрирование	35761
адреналин	35760
обставить	35759
трудолюбивый	35758
лояльный	35757
целенаправленно	35756
распять	35755
антонина	35754
ревизия	35753
расписывать	35752
грясти	35751
чистейший	35750
изгородь	35749
прочувствовать	35748
договорить	35747
парашютист	35746
дельный	35745
декларировать	35744
аттестат	35743
расценивать	35742
колдунья	35741
сушить	35740
разность	35739
рожь	35738
распределенный	35737
подол	35736
утихнуть	35735
дерзость	35734
засовывать	35733
приклеить	35732
сатира	35731
зарождение	35730
потрясающе	35729
браток	35728
бурлить	35727
кей	35726
передовая	35725
лимузин	35724
хоровод	35723
вальтер	35722
виноградов	35721
монахиня	35720
депо	35719
заснеженный	35718
нетронутый	35717
спиртной	35716
пересказать	35715
февральский	35714
щетина	35713
нефтепровод	35712
отпадать	35711
сирень	35710
соскочить	35709
безвозвратно	35708
корочка	35707
раздражить	35706
осознанно	35705
симпозиум	35704
выситься	35703
изолированный	35702
шоколадка	35701
погребение	35700
универмаг	35699
большевизм	35698
вписаться	35697
понаблюдать	35696
снежок	35695
завязка	35694
купальник	35693
гдр	35692
пробег	35691
тлеть	35690
взвешивать	35689
румянец	35688
каста	35687
родственница	35686
подступ	35685
гольф	35684
дька	35683
червяк	35682
угадываться	35681
пентагон	35680
астролог	35679
бесить	35678
приглядеться	35677
переговорить	35676
почтальон	35675
усваивать	35674
хиппи	35673
корыстный	35672
бутыль	35671
деформация	35670
вдогонку	35669
пряник	35668
разовый	35667
сбываться	35666
замедление	35665
рудольф	35664
упасти	35663
протестантский	35662
симон	35661
пылкий	35660
жребий	35659
слуховой	35658
ротный	35657
достоверно	35656
переодеваться	35655
кровообращение	35654
ефимович	35653
азот	35652
сквозной	35651
придёт	35650
кличко	35649
вошь	35648
абу	35647
лишнее	35646
настораживать	35645
ап	35644
гонщик	35643
сквозняк	35642
гете	35641
десантный	35640
загорать	35639
неприступный	35638
алюминий	35637
наркоз	35636
суточный	35635
ощупывать	35634
ипостась	35633
автобиография	35632
луиза	35631
свечение	35630
вероисповедание	35629
расправить	35628
шкафчик	35627
ворочаться	35626
щепка	35625
полениться	35624
леонидович	35623
палестинец	35622
наметиться	35621
оглушить	35620
картинный	35619
задремать	35618
удерживаться	35617
тускло	35616
пастырь	35615
сотворение	35614
громить	35613
затевать	35612
подбрасывать	35611
матрац	35610
фрегат	35609
плантация	35608
перекладывать	35607
искриться	35606
работница	35605
детективный	35604
присудить	35603
стеллаж	35602
корнилов	35601
компетентность	35600
ренессанс	35599
триллер	35598
загар	35597
тамбур	35596
дзержинский	35595
почтительно	35594
предостережение	35593
бандитский	35592
гайка	35591
самодостаточный	35590
ароматный	35589
слушательница	35588
захлопнуться	35587
пощечина	35586
незримый	35585
ведёт	35584
уведомить	35583
обиженно	35582
зазвенеть	35581
рассел	35580
акцентировать	35579
высокотехнологичный	35578
невозмутимый	35577
Нина	35576
железнодорожник	35575
амулет	35574
дилемма	35573
диковинный	35572
вообщий	35571
капсула	35570
давыдов	35569
ликвидность	35568
изготовитель	35567
добить	35566
радиатор	35565
петрозаводск	35564
реалистический	35563
встрепенуться	35562
равноправный	35561
неделька	35560
мальта	35559
пушечный	35558
поодаль	35557
чаща	35556
распрощаться	35555
истребление	35554
девственница	35553
выплачиваться	35552
главарь	35551
княжеский	35550
рентгеновский	35549
разваливаться	35548
кудрин	35547
корыто	35546
вбить	35545
списывать	35544
шарон	35543
наказ	35542
каролина	35541
затаиться	35540
думский	35539
зной	35538
классифицировать	35537
шпионский	35536
меркурий	35535
замедлять	35534
равномерный	35533
вырыть	35532
мюллер	35531
лицемерие	35530
говядина	35529
шаламов	35528
палыч	35527
гениальность	35526
бычок	35525
постыдный	35524
привить	35523
брянский	35522
обогатить	35521
евдокимов	35520
утонченный	35519
отставить	35518
расслабление	35517
лама	35516
высококачественный	35515
конус	35514
стучаться	35513
вздыматься	35512
манеж	35511
флорида	35510
вышеперечисленный	35509
жаргон	35508
зэк	35507
гонение	35506
полянка	35505
булыжник	35504
перебор	35503
выговаривать	35502
краб	35501
пятнышко	35500
именной	35499
узенький	35498
отпечатать	35497
засечь	35496
запрашивать	35495
гангстер	35494
эстрадный	35493
окаменеть	35492
блюз	35491
любезность	35490
ореол	35489
почернеть	35488
озон	35487
дилетант	35486
четкость	35485
выставляться	35484
совершиться	35483
шалаш	35482
поперечный	35481
отображать	35480
распечатка	35479
насибов	35478
невообразимый	35477
позиционирование	35476
энни	35475
мантр	35474
покои	35473
сотый	35472
ничей	35471
скрепить	35470
шаль	35469
стационар	35468
цыганка	35467
антимонопольный	35466
старение	35465
пронзительно	35464
фанера	35463
сопка	35462
крылышко	35461
искупаться	35460
сб	35459
объять	35458
марафон	35457
глушь	35456
уроженец	35455
вторить	35454
рижский	35453
детдом	35452
покушать	35451
изящество	35450
пауль	35449
человечность	35448
бойко	35447
титаник	35446
засветиться	35445
складской	35444
предубеждение	35443
ред	35442
перевозчик	35441
дамочка	35440
латышский	35439
вводный	35438
лекарь	35437
чудесно	35436
йод	35435
усыновление	35434
проистекать	35433
кобура	35432
неразрешимый	35431
поясница	35430
черно	35429
ограждение	35428
мила	35427
рахманинов	35426
содрогнуться	35425
навредить	35424
аномалия	35423
блатной	35422
инга	35421
лада	35420
документооборот	35419
шипение	35418
евразия	35417
третьяков	35416
зануда	35415
зодиак	35414
пятидесятый	35413
ускоренный	35412
наскоро	35411
августовский	35410
исчерпывающий	35409
разыграться	35408
тонус	35407
почуять	35406
лютер	35405
наладиться	35404
нестерпимый	35403
пупок	35402
цик	35401
маркер	35400
отдыхающий	35399
блоха	35398
проработка	35397
каньон	35396
объехать	35395
транснациональный	35394
недобросовестный	35393
пролезть	35392
психоз	35391
усложнять	35390
чучело	35389
просветить	35388
восковой	35387
пучина	35386
стилистика	35385
грохнуть	35384
метеорит	35383
хант	35382
антикварный	35381
консервный	35380
исполком	35379
укор	35378
генпрокуратура	35377
схватывать	35376
психоаналитик	35375
дяденька	35374
абонентский	35373
неприкосновенность	35372
ухмылка	35371
многозначительно	35370
калькулятор	35369
поедать	35368
управленец	35367
необычно	35366
вирджиния	35365
ада	35364
кофточка	35363
пансион	35362
благочестивый	35361
нажить	35360
колонист	35359
электрик	35358
сползти	35357
рабби	35356
латыш	35355
стайка	35354
заграждение	35353
спаться	35352
безумец	35351
несанкционированный	35350
линкор	35349
поляков	35348
утопать	35347
допуск	35346
раскрутка	35345
фадеев	35344
замещение	35343
двухлетний	35342
гоблин	35341
понюхать	35340
выносливость	35339
удостоиться	35338
эко	35337
рукописный	35336
кроха	35335
мужественно	35334
дотянуть	35333
маловато	35332
узреть	35331
консенсус	35330
тульский	35329
атлантический	35328
притянуть	35327
файло	35326
проскользнуть	35325
умиление	35324
празднество	35323
катать	35322
опасть	35321
отслужить	35320
газель	35319
увенчаться	35318
непогода	35317
кузьмин	35316
погрузка	35315
прижиться	35314
шпионаж	35313
конструкторский	35312
кубинский	35311
потушить	35310
угрожающе	35309
слёзы	35308
англоязычный	35307
гермион	35306
перенять	35305
счеты	35304
заинтересовывать	35303
хлопья	35302
племенной	35301
спенсер	35300
перебрать	35299
носильщик	35298
равноправие	35297
израсходовать	35296
расколоть	35295
кнр	35294
вербальный	35293
тихоокеанский	35292
самосовершенствование	35291
окунь	35290
зонт	35289
норд	35288
ботанический	35287
непроницаемый	35286
импровизация	35285
потусторонний	35284
хитроумный	35283
свинка	35282
цивилизационный	35281
космонавтика	35280
отталкиваться	35279
наушник	35278
втягивать	35277
кров	35276
рыхлый	35275
житье	35274
переносный	35273
предотвращать	35272
инвентарь	35271
виноградный	35270
перешагнуть	35269
нейтрализовать	35268
овальный	35267
фрак	35266
пренебречь	35265
дружка	35264
шизофрения	35263
врезать	35262
выкопать	35261
фельдмаршал	35260
тягота	35259
нажим	35258
вознесенский	35257
сапожник	35256
насыпь	35255
идиотизм	35254
пристрелить	35253
иммиграция	35252
обезуметь	35251
необязательный	35250
декарт	35249
серж	35248
умываться	35247
апокалипсис	35246
взвизгнуть	35245
изготавливать	35244
округлый	35243
пролетарий	35242
плести	35241
терпеться	35240
шампунь	35239
персик	35238
затихать	35237
созревание	35236
кэт	35235
мара	35234
обливаться	35233
ящерица	35232
пианист	35231
передаваемый	35230
генеральский	35229
перемещать	35228
увязать	35227
поразмыслить	35226
подмигивать	35225
завоеватель	35224
девятьсот	35223
наезжать	35222
кормиться	35221
адольф	35220
мания	35219
хищение	35218
налаживать	35217
качели	35216
вол	35215
прощанье	35214
молитвенный	35213
щедрость	35212
досмотр	35211
сканирование	35210
соборный	35209
приятельница	35208
освещаться	35207
надбавка	35206
непродолжительный	35205
аналитика	35204
пельмень	35203
кандидатский	35202
ебать	35201
физико	35200
протестант	35199
склеп	35198
петер	35197
концовка	35196
тир	35195
обобщить	35194
танцовщица	35193
зуд	35192
пиковый	35191
николаева	35190
поучиться	35189
единогласно	35188
зыбкий	35187
молекулярный	35186
бедно	35185
смотр	35184
выявляться	35183
шифр	35182
генетически	35181
сладостный	35180
мемориальный	35179
присматривать	35178
ломтик	35177
ведомо	35176
безоговорочно	35175
содрать	35174
экспериментатор	35173
сексуально	35172
варшавский	35171
подлинник	35170
привал	35169
грибоедов	35168
сумасшествие	35167
крот	35166
всеобъемлющий	35165
суматоха	35164
смертоносный	35163
каскад	35162
развертываться	35161
проступок	35160
полноправный	35159
завысить	35158
расплываться	35157
фабричный	35156
смотритель	35155
индонезия	35154
буксир	35153
лисица	35152
полировать	35151
продажный	35150
расплакаться	35149
гы	35148
ваз	35147
отличник	35146
уголовник	35145
ор	35144
рада	35143
подвластный	35142
стряхнуть	35141
теплоход	35140
когнитивный	35139
соперничать	35138
онлайновый	35137
погибель	35136
неординарный	35135
багдад	35134
мойка	35133
сол	35132
смс	35131
горец	35130
раздельный	35129
норт	35128
охапка	35127
вельможа	35126
дмитриев	35125
пе	35124
неторопливый	35123
курт	35122
поэтесса	35121
заведующая	35120
шотландский	35119
мачеха	35118
серп	35117
обрушиваться	35116
контрабанда	35115
сопоставлять	35114
усмотреть	35113
смешок	35112
кобель	35111
бесформенный	35110
произвольно	35109
бегемот	35108
пашня	35107
маскировка	35106
бельгийский	35105
прерывание	35104
козак	35103
лола	35102
беспрестанно	35101
закатить	35100
якутия	35099
ухоженный	35098
несправедливо	35097
декабрист	35096
диккенс	35095
увенчать	35094
ковбой	35093
приземление	35092
деликатно	35091
отодвинуться	35090
координировать	35089
ноу	35088
прадед	35087
дуло	35086
невесть	35085
прикрываться	35084
поживать	35083
вноситься	35082
неуютно	35081
многообразный	35080
кальций	35079
комаров	35078
комсомолка	35077
диверсия	35076
древнегреческий	35075
метаморфоза	35074
кондитерский	35073
воздерживаться	35072
преследователь	35071
похождение	35070
переключаться	35069
масляный	35068
финансист	35067
наклейка	35066
переправить	35065
пробуждать	35064
сброс	35063
энди	35062
вынесение	35061
адмиралтейство	35060
расхаживать	35059
онеметь	35058
подменить	35057
паршивый	35056
тоскливый	35055
взаимность	35054
матерный	35053
фредди	35052
злоумышленник	35051
социокультурный	35050
постольку	35049
покрутить	35048
переделывать	35047
брить	35046
пришествие	35045
круглосуточно	35044
цитадель	35043
стратег	35042
вылазка	35041
курганский	35040
толща	35039
антропология	35038
конфронтация	35037
окружающее	35036
ослепительно	35035
патрульный	35034
постоялец	35033
мск	35032
перестроить	35031
дубль	35030
хам	35029
комнатный	35028
воспитанный	35027
витте	35026
драматургия	35025
автоматчик	35024
мятежник	35023
опус	35022
взмолиться	35021
скрипнуть	35020
орфография	35019
оттепель	35018
чп	35017
слабеть	35016
повстанец	35015
пополнять	35014
кольцевой	35013
сполна	35012
харитонов	35011
страшиться	35010
вместить	35009
сместить	35008
господствующий	35007
кажущийся	35006
брюнетка	35005
вытеснять	35004
изабелла	35003
свекла	35002
побороть	35001
ресурсный	35000
скачки	34999
взвыть	34998
планировка	34997
запивать	34996
темница	34995
сопеть	34994
гэс	34993
вконец	34992
ношение	34991
реб	34990
прилагательное	34989
степановна	34988
выплыть	34987
траур	34986
легализация	34985
синтаксический	34984
надменный	34983
штурвал	34982
пансионат	34981
калужский	34980
жалобный	34979
опешить	34978
рассылать	34977
расходный	34976
подворотня	34975
поддельный	34974
скорейший	34973
разорение	34972
пожелтеть	34971
пиф	34970
завидеть	34969
оптимистический	34968
баян	34967
девятка	34966
растягивать	34965
грот	34964
клик	34963
матерый	34962
басаев	34961
художество	34960
замысловатый	34959
теннисный	34958
марио	34957
красноречивый	34956
поставляться	34955
изготовлять	34954
приморье	34953
веревочка	34952
аврора	34951
подвижность	34950
алмазный	34949
дочитать	34948
уставный	34947
паче	34946
сцепление	34945
эротика	34944
вращать	34943
обмундирование	34942
откос	34941
разгрузка	34940
простонать	34939
григорьевна	34938
квас	34937
царствовать	34936
австриец	34935
постиндустриальный	34934
дурочка	34933
заговорщик	34932
бенедикт	34931
прокормить	34930
лупить	34929
хмель	34928
океанский	34927
бравый	34926
изречь	34925
деструктивный	34924
кондуктор	34923
панцирь	34922
координационный	34921
хромать	34920
моррис	34919
кий	34918
архипелаг	34917
нормативно	34916
парламентарий	34915
эскадрон	34914
непоправимый	34913
ва	34912
толерантность	34911
изобиловать	34910
безмолвие	34909
николь	34908
частичка	34907
безоблачный	34906
нальчик	34905
ужаснуться	34904
даун	34903
шамиль	34902
оканчивать	34901
солист	34900
отпраздновать	34899
коллизия	34898
отделяться	34897
пижама	34896
пьедестал	34895
первостепенный	34894
дебил	34893
чан	34892
сконцентрироваться	34891
литературно	34890
белинский	34889
аннотация	34888
мс	34887
притвориться	34886
сдержанность	34885
плеть	34884
опустошить	34883
клубника	34882
гравюра	34881
наружность	34880
отвлеченный	34879
закуривать	34878
экзотика	34877
расценить	34876
вооружиться	34875
худеть	34874
огорчаться	34873
разрозненный	34872
леший	34871
демократичный	34870
протянуться	34869
кавычка	34868
ультиматум	34867
конспект	34866
осмеливаться	34865
межрегиональный	34864
батя	34863
слайд	34862
тормозной	34861
прибавка	34860
подтянуться	34859
модифицировать	34858
жаловать	34857
плюхнуться	34856
передохнуть	34855
обнажать	34854
павлин	34853
валька	34852
дырявый	34851
самодержавие	34850
тд	34849
макроэкономический	34848
коммутатор	34847
замужний	34846
транслироваться	34845
зажечься	34844
синхронизация	34843
вульф	34842
клеточка	34841
лазарь	34840
постмодернизм	34839
скандинавский	34838
испытуемый	34837
перекрытие	34836
бразильский	34835
отлететь	34834
уксус	34833
адамов	34832
марксист	34831
васин	34830
пешка	34829
минуточка	34828
космодром	34827
блюдце	34826
радиослушатель	34825
ворох	34824
лифчик	34823
выползать	34822
однокомнатный	34821
брезгливо	34820
танечка	34819
лит	34818
растворить	34817
лайнер	34816
предохранитель	34815
сборище	34814
шляться	34813
отвориться	34812
числовой	34811
нагрузить	34810
покаяться	34809
учинить	34808
притаиться	34807
милая	34806
повседневность	34805
хрусталь	34804
поутру	34803
муравейник	34802
демократизация	34801
экстремистский	34800
заправить	34799
штукатурка	34798
спадать	34797
швейцар	34796
поныне	34795
переброска	34794
выведение	34793
дятел	34792
стасик	34791
переспать	34790
сдерживание	34789
мебельный	34788
пришить	34787
портиться	34786
рио	34785
ти	34784
покровский	34783
нло	34782
одобрительно	34781
кровяной	34780
рая	34779
сценка	34778
мимоходом	34777
античность	34776
сторожить	34775
захлебываться	34774
оттянуть	34773
конфетка	34772
расплывчатый	34771
политехнический	34770
заморский	34769
картофельный	34768
блейд	34767
атлантика	34766
марихуана	34765
вольность	34764
явлинский	34763
обниматься	34762
мизерный	34761
хьюго	34760
недостижимый	34759
евгеньевна	34758
элен	34757
сумрачный	34756
белла	34755
царевна	34754
хакамада	34753
яко	34752
репродуктивный	34751
булавка	34750
говаривать	34749
наем	34748
загадочно	34747
радиоприемник	34746
рассекать	34745
комод	34744
космополит	34743
облить	34742
проводка	34741
переступать	34740
временами	34739
вселять	34738
чернеть	34737
лавров	34736
переговорный	34735
сплюнуть	34734
пыхтеть	34733
апеллировать	34732
заправлять	34731
сценический	34730
творчески	34729
обоюдный	34728
точить	34727
американка	34726
лингвист	34725
структурировать	34724
шибко	34723
созидание	34722
бледнеть	34721
сингапур	34720
кульминация	34719
таймс	34718
воодушевление	34717
повинность	34716
спазм	34715
мести	34714
сторожевой	34713
глубинка	34712
презрительный	34711
немецко	34710
затишье	34709
насчитать	34708
изголовье	34707
пресечение	34706
мумия	34705
щекотать	34704
фантом	34703
движущий	34702
жданов	34701
тюльпан	34700
усик	34699
отвалиться	34698
тр	34697
киловатт	34696
тревожиться	34695
ветчина	34694
янтарный	34693
неуклюже	34692
собственноручно	34691
баг	34690
разоблачить	34689
радар	34688
доминик	34687
неподвижность	34686
ввысь	34685
хлопец	34684
пересесть	34683
реалистичный	34682
рукопожатие	34681
порядочность	34680
атеизм	34679
вязкий	34678
балканы	34677
инвалидность	34676
бриться	34675
империалистический	34674
сваливать	34673
спонтанно	34672
столбец	34671
плесень	34670
непристойный	34669
награждать	34668
юый	34667
свиданье	34666
айсберг	34665
распятие	34664
летательный	34663
дот	34662
надавить	34661
кластер	34660
кброждение	34659
художница	34658
блиндаж	34657
капитализация	34656
кретин	34655
замахать	34654
самоуверенный	34653
вавилонский	34652
фобия	34651
пристанище	34650
мегафон	34649
слепота	34648
производный	34647
усматривать	34646
утомлять	34645
розанов	34644
беспечный	34643
росс	34642
отведать	34641
консоль	34640
венчурный	34639
отвесный	34638
сыночек	34637
моргать	34636
мизинец	34635
выучиться	34634
каторга	34633
троицкий	34632
транзакция	34631
скатываться	34630
загреметь	34629
перебегать	34628
дискредитировать	34627
крашеный	34626
взвиться	34625
интегральный	34624
арестант	34623
падеж	34622
кораблик	34621
конфиденциальный	34620
обманчивый	34619
насмотреться	34618
юлька	34617
священнослужитель	34616
запой	34615
бард	34614
экспортировать	34613
растрепать	34612
бильярд	34611
умолкать	34610
колыхаться	34609
паром	34608
регуляция	34607
агония	34606
прибавочный	34605
безжизненный	34604
лизинг	34603
проходной	34602
фойе	34601
юрта	34600
сорочка	34599
китель	34598
лингвистика	34597
опер	34596
интервьюер	34595
меридиан	34594
абрамов	34593
высочество	34592
безмятежный	34591
замолкнуть	34590
психически	34589
неволя	34588
задачка	34587
провидение	34586
диво	34585
непригодный	34584
распахивать	34583
колорит	34582
застройщик	34581
грей	34580
завсегдатай	34579
модернизировать	34578
консалтинговый	34577
гонконг	34576
отпрянуть	34575
инстинктивный	34574
застывший	34573
выжидать	34572
сокрушительный	34571
огласить	34570
кладовая	34569
пологий	34568
золушка	34567
расспрос	34566
паломничество	34565
астронавт	34564
обь	34563
выказывать	34562
рулон	34561
снисходительный	34560
вычислять	34559
срез	34558
объясниться	34557
подтекст	34556
хосе	34555
разочароваться	34554
нагой	34553
кануть	34552
процедить	34551
бон	34550
фандорин	34549
меморандум	34548
аэрофлот	34547
приграничный	34546
трезвость	34545
спекулянт	34544
рус	34543
оживленно	34542
чародей	34541
ниоткуда	34540
хромой	34539
холодок	34538
отображаться	34537
ужасающий	34536
хрипеть	34535
изящно	34534
смешить	34533
хмуриться	34532
еврейство	34531
гадание	34530
скалистый	34529
мэтр	34528
уповать	34527
переключатель	34526
угрожающий	34525
подручный	34524
камушек	34523
уклонение	34522
сердечно	34521
адепт	34520
лубянка	34519
телеграфный	34518
застывать	34517
заверение	34516
масхадов	34515
корявый	34514
мамонт	34513
неточный	34512
слоган	34511
ир	34510
матовый	34509
колючка	34508
перемениться	34507
неспешно	34506
укромный	34505
жанровый	34504
организоваться	34503
олько	34502
устинов	34501
безысходность	34500
вменяемый	34499
апельсиновый	34498
призовой	34497
скрипучий	34496
многонациональный	34495
экспортер	34494
пропить	34493
перегрузить	34492
малоизвестный	34491
рукоять	34490
притормозить	34489
маринка	34488
занятный	34487
реконструировать	34486
адриан	34485
побродить	34484
предостаточно	34483
видеокассета	34482
симметричный	34481
исписать	34480
железка	34479
выстоять	34478
эпилог	34477
вдребезги	34476
пиявка	34475
осетин	34474
дружелюбно	34473
горизонталь	34472
пресечь	34471
кокаин	34470
кочевник	34469
колумбия	34468
велить	34467
шуточка	34466
мычать	34465
узбек	34464
испариться	34463
понос	34462
льстить	34461
отдаление	34460
кухарка	34459
лукаво	34458
уравновесить	34457
урнов	34456
плюшевый	34455
утвердительно	34454
необоснованный	34453
июльский	34452
наследовать	34451
элла	34450
глория	34449
дописать	34448
самообладание	34447
очный	34446
запить	34445
отклоняться	34444
бтр	34443
альпы	34442
расцветать	34441
пасмурный	34440
тихон	34439
ре	34438
несерьезный	34437
демонстрироваться	34436
этнографический	34435
мощнейший	34434
маэстро	34433
свинина	34432
предсказуемый	34431
могильный	34430
процессуальный	34429
различение	34428
сфинкс	34427
лелеять	34426
вадик	34425
заочно	34424
треугольный	34423
полено	34422
мазать	34421
ошейник	34420
слететь	34419
малютка	34418
щуриться	34417
грести	34416
полвека	34415
дефолт	34414
беленький	34413
кадыров	34412
оплачиваться	34411
допросить	34410
чичиков	34409
манипулирование	34408
круглосуточный	34407
порно	34406
миллионный	34405
годунов	34404
яша	34403
ввалиться	34402
просчет	34401
скамеечка	34400
управиться	34399
неведомо	34398
ален	34397
реагирование	34396
скопиться	34395
воскрешение	34394
трепетный	34393
пересылка	34392
марианна	34391
брызнуть	34390
кругозор	34389
обыскать	34388
разлив	34387
обсе	34386
порыться	34385
освоиться	34384
пресвятой	34383
смута	34382
посланец	34381
похититель	34380
вооружать	34379
никчемный	34378
ибн	34377
лоза	34376
залечь	34375
франклин	34374
невзначай	34373
отставной	34372
черновик	34371
вздуматься	34370
заменяться	34369
калуга	34368
мушка	34367
святослав	34366
возобновиться	34365
фигурный	34364
правдоподобный	34363
отважиться	34362
шанхай	34361
заезд	34360
интернационал	34359
кропотливый	34358
рутинный	34357
глянцевый	34356
предпоследний	34355
гулаг	34354
берлога	34353
планетарный	34352
зигзаг	34351
обрушить	34350
гуманистический	34349
проклятье	34348
призма	34347
облачность	34346
зверство	34345
пропорционально	34344
срубить	34343
загудеть	34342
угодье	34341
благодетель	34340
анархия	34339
охраняться	34338
призывник	34337
сенсационный	34336
фрадков	34335
пятиться	34334
прошипеть	34333
фанатизм	34332
заседать	34331
всенародный	34330
оправа	34329
энтропия	34328
матвеев	34327
узбекский	34326
мурашки	34325
сороковой	34324
иллюзорный	34323
бусыгин	34322
вобщий	34321
побаиваться	34320
оккультный	34319
провокационный	34318
раздирать	34317
автомобилист	34316
африканец	34315
кожный	34314
юнец	34313
сиюминутный	34312
остаточный	34311
сорос	34310
клитор	34309
журавль	34308
заряжать	34307
радиационный	34306
ханс	34305
переработать	34304
апрельский	34303
меткий	34302
алексий	34301
стамбул	34300
репродукция	34299
припасть	34298
амбар	34297
выразительно	34296
расплата	34295
мерещиться	34294
двадцатилетний	34293
непосильный	34292
царствие	34291
бесстрашный	34290
ксюша	34289
развилка	34288
склонять	34287
четырнадцатый	34286
оценочный	34285
задирать	34284
легионер	34283
рассчитаться	34282
кузина	34281
отзывчивый	34280
приданое	34279
нарваться	34278
ознакомить	34277
насыпать	34276
монумент	34275
вратарь	34274
расизм	34273
иммиграционный	34272
каир	34271
нерешительно	34270
ледокол	34269
мэгги	34268
стенограмма	34267
дао	34266
трейси	34265
циферблат	34264
разъезд	34263
кошкин	34262
шустрый	34261
никитич	34260
заманить	34259
вмещать	34258
жигули	34257
цыганский	34256
поразиться	34255
обсерватория	34254
тусоваться	34253
бердяев	34252
нелли	34251
парировать	34250
замочить	34249
хулиганство	34248
старшеклассник	34247
романтизм	34246
ключик	34245
олеся	34244
обвинительный	34243
спецэффект	34242
сарказм	34241
лантус	34240
водопровод	34239
карьер	34238
сливочный	34237
шелестеть	34236
чернобыльский	34235
простодушный	34234
гирлянда	34233
намертво	34232
чуковский	34231
коллективизация	34230
диагностический	34229
костный	34228
нагнать	34227
неудовлетворительный	34226
взреветь	34225
художественно	34224
возмущенно	34223
архангел	34222
павлыш	34221
энергетик	34220
остроумие	34219
повелеть	34218
утроба	34217
албанец	34216
перевес	34215
лакомство	34214
оливковый	34213
беспощадно	34212
яблочный	34211
встряхнуть	34210
банальность	34209
ирка	34208
логистика	34207
оазис	34206
орудовать	34205
успешность	34204
победоносный	34203
проследовать	34202
изнеможение	34201
сельсовет	34200
годик	34199
рт	34198
карать	34197
скупать	34196
нр	34195
фотокамера	34194
отмахиваться	34193
тривиальный	34192
отсидеть	34191
инсульт	34190
гипс	34189
узнаваемый	34188
фэн	34187
иней	34186
сечь	34185
помедлить	34184
хозяйский	34183
калифорнийский	34182
микроавтобус	34181
постукивать	34180
великодушный	34179
скорлупа	34178
гневно	34177
преподносить	34176
подышать	34175
небрежный	34174
амазонка	34173
сыскать	34172
видеомагнитофон	34171
карпов	34170
ослабевать	34169
лать	34168
подслушивать	34167
вьетнамский	34166
венецианский	34165
пурпурный	34164
мсье	34163
змеиный	34162
толкаться	34161
проигрыватель	34160
добродушно	34159
цеплять	34158
огибать	34157
движимый	34156
присмотреть	34155
побелеть	34154
разрастаться	34153
навигационный	34152
волочить	34151
воплотиться	34150
разъезжать	34149
утилизация	34148
теснота	34147
звездолет	34146
подготавливать	34145
солгать	34144
осанка	34143
заглушать	34142
подраться	34141
дизель	34140
слепо	34139
кузнецова	34138
опухнуть	34137
ахмет	34136
обозримый	34135
опек	34134
счастие	34133
подоходный	34132
ослепнуть	34131
рожденье	34130
некачественный	34129
радикал	34128
беззаконие	34127
гаврилов	34126
душевно	34125
рожок	34124
подрыв	34123
вмиг	34122
шершавый	34121
интервенция	34120
пронизать	34119
фокс	34118
подо	34117
насморк	34116
обустройство	34115
почитатель	34114
несчастливый	34113
поломка	34112
табл	34111
геология	34110
корт	34109
клещ	34108
командарм	34107
непринужденно	34106
пивко	34105
невесомость	34104
вещица	34103
догмат	34102
обрезание	34101
клонить	34100
гек	34099
гесс	34098
причинно	34097
промыть	34096
гомосексуалист	34095
воротничок	34094
желтоватый	34093
моисеев	34092
высокомерный	34091
непрерывность	34090
талисман	34089
сольный	34088
дисковый	34087
сеня	34086
многодетный	34085
шлейф	34084
доченька	34083
грабли	34082
обшивка	34081
геринг	34080
барщевский	34079
незыблемый	34078
воспитательница	34077
гостить	34076
откат	34075
подстерегать	34074
бритый	34073
неудовлетворенность	34072
пощупать	34071
гу	34070
повеление	34069
перл	34068
археология	34067
инквизиция	34066
расколоться	34065
пошевелить	34064
смягчать	34063
клоп	34062
гермиона	34061
похоть	34060
глазеть	34059
заботить	34058
предостерегать	34057
умышленно	34056
фильтрация	34055
помышлять	34054
исправиться	34053
сгусток	34052
аффект	34051
сыктывкар	34050
поровну	34049
придание	34048
храпеть	34047
хвойный	34046
самореализация	34045
помирать	34044
тринадцатый	34043
вглядеться	34042
клетчатый	34041
затонуть	34040
осыпаться	34039
канонический	34038
эгоист	34037
приурочить	34036
высечь	34035
пятнадцатый	34034
легитимность	34033
эзотерический	34032
гильза	34031
озноб	34030
характерно	34029
морочить	34028
потеть	34027
невиновность	34026
сориентироваться	34025
остывать	34024
чистенький	34023
замолкать	34022
баловаться	34021
нерусский	34020
дремучий	34019
корешок	34018
шаткий	34017
республиканец	34016
дружески	34015
сперматозоид	34014
нагреть	34013
потревожить	34012
танго	34011
связист	34010
измученный	34009
вать	34008
котировка	34007
ревнивый	34006
пропажа	34005
уик	34004
дымить	34003
захар	34002
вездеход	34001
собчак	34000
конфискация	33999
наехать	33998
съедобный	33997
горесть	33996
комета	33995
восемнадцатый	33994
уговор	33993
погодный	33992
гранатомет	33991
механически	33990
вебер	33989
нетрезвый	33988
гипнотический	33987
плачевный	33986
вникнуть	33985
взволнованно	33984
насторожить	33983
укрепляться	33982
сопли	33981
шестнадцатый	33980
залетать	33979
рукавица	33978
перехватывать	33977
юнит	33976
изображаться	33975
защищенность	33974
обзывать	33973
курировать	33972
капиталовложение	33971
ценитель	33970
нарочито	33969
фортепиано	33968
отпрыск	33967
беспредельный	33966
пробурчать	33965
зеркальце	33964
пс	33963
негласный	33962
подвох	33961
юнг	33960
неуправляемый	33959
чека	33958
захлебнуться	33957
умозаключение	33956
чи	33955
неразрывно	33954
уголовно	33953
вверить	33952
пощадить	33951
ледовый	33950
смартфон	33949
покатить	33948
неестественно	33947
шон	33946
разлетаться	33945
звякнуть	33944
привлекаться	33943
мускулистый	33942
оплакивать	33941
самиздат	33940
муся	33939
фарфор	33938
разжигать	33937
перекладина	33936
головоломка	33935
агрессивно	33934
категорический	33933
выронить	33932
сортировка	33931
повсеместный	33930
гришин	33929
пролог	33928
раздвигать	33927
выкурить	33926
ангельский	33925
арифметический	33924
самовыражение	33923
вычет	33922
краеведческий	33921
ненароком	33920
самозванец	33919
свистнуть	33918
ехидно	33917
настежь	33916
отменяться	33915
фронтовик	33914
медвежонок	33913
робин	33912
эльза	33911
законно	33910
гусинский	33909
арбитр	33908
трюм	33907
порочить	33906
влиться	33905
ярый	33904
мясник	33903
фермент	33902
фреска	33901
почитание	33900
компот	33899
магистральный	33898
обрисовать	33897
моника	33896
арсение	33895
поносить	33894
степа	33893
штанга	33892
войсковой	33891
комбайн	33890
затяжной	33889
воздержание	33888
приветствоваться	33887
проектировать	33886
консультативный	33885
ведомственный	33884
понятой	33883
итар	33882
полиграфия	33881
сомкнуть	33880
изобретательность	33879
дощатый	33878
водочка	33877
реакционный	33876
виталик	33875
кузьма	33874
осилить	33873
вторгаться	33872
наконечник	33871
разыгрываться	33870
югославский	33869
прозрение	33868
запыхаться	33867
целебный	33866
неуверенный	33865
одеколон	33864
клаус	33863
свержение	33862
таджик	33861
муть	33860
смущенный	33859
кружевной	33858
тушить	33857
вдуматься	33856
травмировать	33855
подведение	33854
правка	33853
систематизировать	33852
ухитриться	33851
угрызение	33850
воздать	33849
бг	33848
наотрез	33847
сиятельство	33846
наизнанку	33845
вкусить	33844
быдло	33843
противогаз	33842
голев	33841
откусить	33840
гетто	33839
львовна	33838
пурга	33837
фрау	33836
лукьяненко	33835
слезать	33834
возненавидеть	33833
пропитание	33832
виноградник	33831
соблазнять	33830
кочка	33829
лексикон	33828
катька	33827
пилат	33826
лаконичный	33825
водоснабжение	33824
контрольно	33823
рублевый	33822
палитра	33821
злосчастный	33820
зажигание	33819
плед	33818
вилли	33817
уплыть	33816
кормушка	33815
бедолага	33814
убывать	33813
хромосома	33812
комплектация	33811
озабоченный	33810
евразийский	33809
прогрессировать	33808
месса	33807
писк	33806
раздувать	33805
пощада	33804
галоп	33803
всесильный	33802
нетрудный	33801
спекулятивный	33800
долбить	33799
вокал	33798
накладка	33797
загон	33796
горком	33795
джульетта	33794
нил	33793
бесстрастный	33792
оздоровительный	33791
пизда	33790
сд	33789
удвоить	33788
усеять	33787
лох	33786
укорениться	33785
джесси	33784
потенция	33783
вознаградить	33782
понт	33781
беспокойно	33780
клич	33779
нестеров	33778
оттягивать	33777
убийственный	33776
отдышаться	33775
леска	33774
обложить	33773
каштан	33772
побои	33771
проводница	33770
перехват	33769
кар	33768
перемирие	33767
санитарно	33766
лопаться	33765
пепперминт	33764
аляска	33763
лысенко	33762
стоматолог	33761
решительность	33760
шейх	33759
сразить	33758
горестный	33757
равносильный	33756
клубиться	33755
федеративный	33754
юзер	33753
роснефть	33752
курильщик	33751
сбалансировать	33750
баранов	33749
акушерка	33748
рабыня	33747
застучать	33746
утилита	33745
коротков	33744
визитка	33743
чешуя	33742
прямолинейный	33741
диверсант	33740
бредить	33739
сближать	33738
гласный	33737
отстой	33736
катерина	33735
корреляция	33734
высококвалифицированный	33733
будничный	33732
аббревиатура	33731
перекликаться	33730
проходная	33729
ассоциативный	33728
медуза	33727
просунуть	33726
избаловать	33725
высматривать	33724
афганец	33723
крысиный	33722
неумолимо	33721
фартук	33720
вымолвить	33719
нацизм	33718
барабанщик	33717
разноситься	33716
богословие	33715
афанасий	33714
подозвать	33713
эдди	33712
цирковой	33711
буклет	33710
буддист	33709
понижать	33708
антонов	33707
казаков	33706
талмуд	33705
матерь	33704
стокгольм	33703
сср	33702
кыргызский	33701
омерзительный	33700
административно	33699
дамба	33698
первоисточник	33697
обтянуть	33696
предвкушать	33695
подогнать	33694
безмерно	33693
орешек	33692
кибернетика	33691
предугадать	33690
каморка	33689
португальский	33688
вливаться	33687
компонента	33686
программировать	33685
колесико	33684
хихикнуть	33683
коровий	33682
тушенка	33681
извещение	33680
вираж	33679
потягивать	33678
неутомимый	33677
заслонить	33676
позитив	33675
снегопад	33674
ковырять	33673
задумывать	33672
ребекка	33671
шапошников	33670
опилки	33669
активизироваться	33668
тростник	33667
отъезжать	33666
коренастый	33665
внедряться	33664
несметный	33663
грызлов	33662
владикавказ	33661
матвеевич	33660
шкловский	33659
поверка	33658
полуслово	33657
выездной	33656
созидательный	33655
глюкоза	33654
алжир	33653
выделиться	33652
снос	33651
интереснейший	33650
альпинизм	33649
прикреплять	33648
расторжение	33647
консалтинг	33646
недостающий	33645
предприимчивый	33644
обосновывать	33643
позаимствовать	33642
мда	33641
зачистка	33640
нечасто	33639
обстрелять	33638
эпос	33637
несостоявшийся	33636
перечесть	33635
разучиться	33634
белград	33633
фатальный	33632
честолюбие	33631
безликий	33630
нестабильный	33629
переоценка	33628
ритмический	33627
настраиваться	33626
негромкий	33625
гепатит	33624
раздор	33623
орк	33622
мюзикл	33621
невзрачный	33620
природоохранный	33619
расстегивать	33618
однокурсник	33617
униформа	33616
поговаривать	33615
отвод	33614
рыболов	33613
сотка	33612
винчи	33611
крепнуть	33610
жужжать	33609
вездесущий	33608
себастьян	33607
воронин	33606
рик	33605
почудиться	33604
экранизация	33603
досконально	33602
ходовой	33601
сюртук	33600
архиерей	33599
сатанинский	33598
непослушный	33597
вибрировать	33596
берт	33595
передвигать	33594
застрелиться	33593
ульянов	33592
вулф	33591
педиатр	33590
запчасть	33589
совмещение	33588
сонет	33587
михалков	33586
рутина	33585
восстановительный	33584
новобранец	33583
пиксель	33582
договорной	33581
запереться	33580
предвидение	33579
подыскать	33578
француженка	33577
горячка	33576
резюмировать	33575
общепринять	33574
пищать	33573
неразбериха	33572
замяться	33571
курсив	33570
астральный	33569
фактура	33568
ощутимо	33567
маяться	33566
граничить	33565
мастерски	33564
аморальный	33563
религиозно	33562
драко	33561
верховой	33560
данность	33559
выкладка	33558
молли	33557
водолей	33556
ладить	33555
губительный	33554
отлив	33553
плеснуть	33552
почтительный	33551
тельце	33550
замполит	33549
катастрофически	33548
бант	33547
холостяк	33546
сочиться	33545
ликование	33544
сблизиться	33543
вызывающе	33542
аккредитация	33541
дуня	33540
марко	33539
межличностный	33538
машиностроительный	33537
разгонять	33536
квант	33535
одуванчик	33534
запоминание	33533
девственный	33532
мобильность	33531
паевой	33530
редкостный	33529
бестселлер	33528
отвратительно	33527
лучник	33526
справлять	33525
подавиться	33524
выжечь	33523
респект	33522
вытерпеть	33521
бодрствовать	33520
колобок	33519
колчак	33518
превыше	33517
преображенский	33516
кндр	33515
лексический	33514
налетать	33513
зола	33512
хозяйствовать	33511
иконка	33510
концепт	33509
впору	33508
немка	33507
безудержный	33506
викинг	33505
расплыться	33504
иегов	33503
коммерсантъ	33502
торпеда	33501
париться	33500
жетон	33499
сохнуть	33498
оптимистичный	33497
феноменальный	33496
восхитить	33495
сунуться	33494
вожделенный	33493
ку	33492
рубин	33491
эгида	33490
позднейший	33489
накладываться	33488
апатия	33487
всякое	33486
юри	33485
крупномасштабный	33484
дуглас	33483
играться	33482
приглашаться	33481
распускать	33480
разориться	33479
лесенка	33478
обронить	33477
подкатить	33476
кликнуть	33475
свердловск	33474
шутливый	33473
балетный	33472
реликвия	33471
углубленный	33470
кинематографический	33469
накладной	33468
наваждение	33467
царапать	33466
совместительство	33465
архетип	33464
закивать	33463
переворачиваться	33462
ведущая	33461
поволжье	33460
шаманить	33459
клен	33458
арктика	33457
сказывать	33456
стягивать	33455
полиэтиленовый	33454
разлиться	33453
козерог	33452
раздевалка	33451
поисковик	33450
пиратство	33449
чий	33448
полпред	33447
клиентка	33446
выдвинуться	33445
экономичный	33444
брезент	33443
соседствовать	33442
тряпочка	33441
сколотить	33440
переподготовка	33439
наспех	33438
теология	33437
македонский	33436
заварить	33435
расценка	33434
преуспевающий	33433
продуктивность	33432
хамас	33431
регистратор	33430
знаменский	33429
просуществовать	33428
иаков	33427
афинский	33426
сотрясение	33425
хохол	33424
эстафета	33423
пробуждаться	33422
потопить	33421
отвалить	33420
прирожденный	33419
массировать	33418
безупречно	33417
предыстория	33416
сильва	33415
придорожный	33414
досрочно	33413
кроссовок	33412
здравие	33411
эколог	33410
восточно	33409
недорого	33408
лис	33407
тик	33406
раскладушка	33405
нападки	33404
заворачивать	33403
испробовать	33402
вытеснение	33401
кудри	33400
обрывать	33399
горб	33398
лыжник	33397
грим	33396
доработать	33395
пас	33394
невиновный	33393
вредно	33392
комбинированный	33391
высушить	33390
спроектировать	33389
пруст	33388
политрук	33387
минздрав	33386
шкурка	33385
напиваться	33384
сеньор	33383
кпп	33382
удостоверять	33381
индустриализация	33380
разинуть	33379
омар	33378
заявиться	33377
глазной	33376
филология	33375
текстильный	33374
элитарный	33373
кафка	33372
безнравственный	33371
пессимизм	33370
защититься	33369
подножка	33368
уместно	33367
идентификатор	33366
мессер	33365
витязь	33364
авиатор	33363
влетать	33362
ингредиент	33361
трепать	33360
титр	33359
наесться	33358
шутник	33357
массированный	33356
монте	33355
чихать	33354
гармошка	33353
пойдёт	33352
марьяна	33351
порядком	33350
отшатнуться	33349
зенитка	33348
неосторожный	33347
пузо	33346
тошно	33345
феминизм	33344
монументальный	33343
анархист	33342
дерзать	33341
ммм	33340
петлять	33339
лимонный	33338
маразм	33337
маршалл	33336
коварство	33335
автоответчик	33334
излечение	33333
родословная	33332
чудиться	33331
ковыряться	33330
персия	33329
наниматель	33328
отрава	33327
смета	33326
харьковский	33325
мнить	33324
цепкий	33323
кислородный	33322
нефтяник	33321
сборы	33320
многострадальный	33319
чернов	33318
обстоятельно	33317
вкупе	33316
неопределенно	33315
эсэсовец	33314
рыло	33313
венчать	33312
туз	33311
пугачева	33310
северянин	33309
ушаков	33308
рыскать	33307
искорка	33306
материалистический	33305
исправный	33304
делец	33303
джей	33302
фармацевтический	33301
шумахер	33300
найм	33299
негодовать	33298
запасть	33297
естество	33296
гнет	33295
слоняться	33294
сиреневый	33293
заскочить	33292
аптечка	33291
колин	33290
кузнечик	33289
разумение	33288
убранство	33287
мотоциклист	33286
слежка	33285
пространный	33284
жировой	33283
наноситься	33282
погребальный	33281
вывесить	33280
квалификационный	33279
чаепитие	33278
состариться	33277
обстоятельный	33276
промчаться	33275
эрвин	33274
застынуть	33273
обруч	33272
респектабельный	33271
вениамин	33270
целитель	33269
цистерна	33268
забежать	33267
выхватывать	33266
окуджава	33265
любовно	33264
казус	33263
простудиться	33262
неуважение	33261
сириус	33260
воочию	33259
хай	33258
стоун	33257
умчаться	33256
томский	33255
лесть	33254
альбер	33253
низенький	33252
нбп	33251
пани	33250
непривычно	33249
дискретный	33248
пуще	33247
повидаться	33246
запорожец	33245
качнуться	33244
гко	33243
баллистический	33242
причинение	33241
содрогаться	33240
выбиться	33239
посягательство	33238
шлепать	33237
трансформировать	33236
изумленный	33235
вызваться	33234
варьироваться	33233
взвалить	33232
гр	33231
позиционировать	33230
прикидываться	33229
жаться	33228
сток	33227
дизельный	33226
тверская	33225
запнуться	33224
первоочередной	33223
тнк	33222
помятый	33221
оживлять	33220
вымирать	33219
вяземский	33218
курсор	33217
перестановка	33216
истерия	33215
укоризненно	33214
примерять	33213
облизывать	33212
слобода	33211
избавлять	33210
обыграть	33209
обернуть	33208
распутин	33207
рисоваться	33206
произнёс	33205
выкрик	33204
надстройка	33203
пищеварение	33202
озаглавить	33201
просвечивать	33200
законодательно	33199
евдокия	33198
времён	33197
сокрушаться	33196
обжаловать	33195
галактический	33194
перепечатка	33193
двухкомнатный	33192
разливаться	33191
обременить	33190
кооперативный	33189
накопитель	33188
первомайский	33187
авеню	33186
начертать	33185
изумрудный	33184
изумленно	33183
регулировка	33182
константиновна	33181
кровопролитие	33180
выловить	33179
сушка	33178
попивать	33177
карлос	33176
разгуливать	33175
грейс	33174
петрушка	33173
отсчитывать	33172
передернуть	33171
сити	33170
кок	33169
гранд	33168
березка	33167
сдавить	33166
проглядывать	33165
закладываться	33164
ортодоксальный	33163
пюре	33162
портовый	33161
непреклонный	33160
неслышно	33159
нейтралитет	33158
самоубийца	33157
подступать	33156
авианосец	33155
провокатор	33154
причастие	33153
технолог	33152
мартынов	33151
мирский	33150
корчиться	33149
раздражитель	33148
тональность	33147
урегулировать	33146
флирт	33145
инфракрасный	33144
фортуна	33143
дол	33142
повелевать	33141
юрьевна	33140
изменчивый	33139
запоздалый	33138
гарибальди	33137
арестовывать	33136
патентный	33135
разруха	33134
зажимать	33133
неверие	33132
лихорадочный	33131
доживать	33130
повадка	33129
напролет	33128
моррисон	33127
самобытный	33126
бульдозер	33125
скорректировать	33124
братва	33123
мятежный	33122
оспорить	33121
остерегаться	33120
файловый	33119
привстать	33118
зиновьев	33117
астана	33116
телеэкран	33115
помощница	33114
запредельный	33113
гельман	33112
заселить	33111
бренный	33110
пробирка	33109
распухнуть	33108
набросать	33107
несущий	33106
похвальный	33105
нептун	33104
позапрошлый	33103
беспристрастный	33102
заблаговременно	33101
ножик	33100
осетинский	33099
озабоченно	33098
гинзбург	33097
одно	33096
сир	33095
капкан	33094
красноречие	33093
буржуй	33092
фан	33091
лестный	33090
зарекомендовать	33089
судейский	33088
исконный	33087
нейтрон	33086
грачев	33085
прорезать	33084
облучение	33083
попятиться	33082
скомкать	33081
термос	33080
безответственный	33079
монархический	33078
изгонять	33077
галилей	33076
пт	33075
таджикский	33074
вкалывать	33073
моль	33072
вилять	33071
антология	33070
отток	33069
креатив	33068
пройдёт	33067
топка	33066
заглавный	33065
аккурат	33064
столкнуть	33063
менструация	33062
проиллюстрировать	33061
невеселый	33060
общедоступный	33059
невыполнение	33058
красноватый	33057
загробный	33056
зарыдать	33055
максимович	33054
поспеть	33053
обрез	33052
вовне	33051
джойс	33050
именитый	33049
мировоззренческий	33048
вотчина	33047
фиктивный	33046
свойственно	33045
генка	33044
удвоение	33043
апелляция	33042
протон	33041
диафрагма	33040
россыпь	33039
карательный	33038
робость	33037
молва	33036
застигнуть	33035
работяга	33034
тоня	33033
леопард	33032
керамический	33031
брызгать	33030
поминки	33029
обрасти	33028
вопросительный	33027
раскат	33026
кордон	33025
основоположник	33024
центробанк	33023
подсветка	33022
новороссийск	33021
прицельный	33020
днище	33019
усугублять	33018
зенон	33017
комендатура	33016
берет	33015
расстраивать	33014
Наталья	33013
мудро	33012
белесый	33011
негодный	33010
личинка	33009
галка	33008
выворачивать	33007
доминирование	33006
бесчувственный	33005
первенец	33004
гл	33003
ресторанный	33002
захлестнуть	33001
насыщение	33000
запускаться	32999
монопольный	32998
тент	32997
яйцеклетка	32996
размыть	32995
загубить	32994
масонский	32993
убедительность	32992
отчизна	32991
шифрование	32990
упиваться	32989
председательство	32988
длить	32987
узелок	32986
гетман	32985
архаический	32984
вещий	32983
наркомат	32982
посредство	32981
социализация	32980
переключать	32979
анонимно	32978
отстраниться	32977
развалить	32976
ро	32975
втрое	32974
неоднократный	32973
колесников	32972
уважительно	32971
охотный	32970
смывать	32969
проплыть	32968
заставка	32967
мечтатель	32966
выкрасить	32965
хладнокровно	32964
степашин	32963
ожирение	32962
жесточайший	32961
расползаться	32960
дотация	32959
уставить	32958
аргументировать	32957
оттащить	32956
акварель	32955
логово	32954
юлиан	32953
окошечко	32952
политотдел	32951
козьма	32950
акустика	32949
заверять	32948
кв	32947
прискорбный	32946
искание	32945
вкладываться	32944
кассационный	32943
органично	32942
слоновый	32941
страстной	32940
письменно	32939
столетний	32938
канадец	32937
симфонический	32936
поиметь	32935
плац	32934
конфедерация	32933
непомерный	32932
губернаторский	32931
животик	32930
безделье	32929
руссо	32928
виола	32927
возродиться	32926
моше	32925
антарктида	32924
короб	32923
родильный	32922
сурков	32921
сом	32920
володька	32919
четырёх	32918
переправиться	32917
мутант	32916
чётко	32915
медико	32914
лия	32913
затрачивать	32912
разъярить	32911
невежественный	32910
депортация	32909
гестапо	32908
живность	32907
припасы	32906
петься	32905
наводка	32904
приказчик	32903
неустанно	32902
переоценить	32901
переварить	32900
винда	32899
бруно	32898
мигалка	32897
эгоистичный	32896
раковый	32895
возлагаться	32894
вредитель	32893
силиться	32892
предаться	32891
притягательный	32890
горбунов	32889
травяной	32888
кишеть	32887
затемнить	32886
одноэтажный	32885
узаконить	32884
базис	32883
отчитываться	32882
бесплодие	32881
братишка	32880
наработка	32879
точечный	32878
родионов	32877
кама	32876
дэвис	32875
покрышка	32874
подтягивать	32873
сплести	32872
берёт	32871
причуда	32870
вышибить	32869
автотранспорт	32868
водохранилище	32867
хозяйствование	32866
дисциплинарный	32865
недомогание	32864
причислить	32863
поскользнуться	32862
натолкнуться	32861
поручень	32860
опцион	32859
подслушать	32858
изменчивость	32857
протиснуться	32856
авантюрист	32855
дилан	32854
вышить	32853
отвыкнуть	32852
приобщение	32851
рэй	32850
марий	32849
энергоноситель	32848
тарковский	32847
пергамент	32846
семён	32845
резвиться	32844
лера	32843
ломка	32842
пленарный	32841
ще	32840
институтский	32839
честолюбивый	32838
заглохнуть	32837
язычок	32836
лесбиянка	32835
любознательный	32834
счастливчик	32833
инвентаризация	32832
алевтина	32831
испускать	32830
сметать	32829
необитаемый	32828
воссоединение	32827
сандалия	32826
безвредный	32825
стрекоза	32824
переплетаться	32823
пригорок	32822
выразительность	32821
исцелить	32820
рабский	32819
бронированный	32818
трогаться	32817
виселица	32816
ромео	32815
милосердный	32814
кинематографист	32813
стругацкий	32812
анализироваться	32811
вовлекать	32810
коллинза	32809
домработница	32808
гроздь	32807
отслеживание	32806
кустик	32805
распространитель	32804
женственность	32803
сатирический	32802
давиться	32801
соваться	32800
злодеяние	32799
клюнуть	32798
выждать	32797
двойственный	32796
таинственно	32795
мель	32794
соплеменник	32793
свиной	32792
контратака	32791
обойма	32790
частник	32789
сии	32788
обслуживающий	32787
эмбрион	32786
екатеринбургский	32785
ратификация	32784
понимающе	32783
вожделение	32782
нацепить	32781
динамично	32780
разрешиться	32779
прогреметь	32778
томить	32777
экскурсовод	32776
уложиться	32775
порфирий	32774
кадетский	32773
омут	32772
нахлынуть	32771
славить	32770
отравиться	32769
ахмед	32768
льняной	32767
вирусный	32766
местоимение	32765
ментальность	32764
кодовый	32763
отождествление	32762
емкий	32761
кабачок	32760
путинский	32759
чувственность	32758
уверовать	32757
графство	32756
сковорода	32755
микроскопический	32754
людвиг	32753
перемешать	32752
нравственно	32751
резонно	32750
помет	32749
кросс	32748
горсовет	32747
проконсультироваться	32746
подстричь	32745
жительница	32744
бангкок	32743
зреть	32742
дифференциальный	32741
пакость	32740
вмф	32739
разбег	32738
постамент	32737
невдалеке	32736
скорбеть	32735
эмиль	32734
отголосок	32733
подменять	32732
комочек	32731
ломаный	32730
микроорганизм	32729
идеализм	32728
кусаться	32727
вл	32726
навечно	32725
коновалов	32724
алгебра	32723
копошиться	32722
грузный	32721
выливаться	32720
грозиться	32719
богоматерь	32718
усложнение	32717
причитать	32716
данте	32715
копченый	32714
заулыбаться	32713
шпилька	32712
накидка	32711
осведомленность	32710
нигерия	32709
плетеный	32708
домашние	32707
многоэтажный	32706
зачать	32705
лохмотья	32704
упразднить	32703
заворожить	32702
выравнивание	32701
пола	32700
автоматный	32699
одночасье	32698
анатомический	32697
целлюлит	32696
сноп	32695
дебри	32694
энд	32693
рентген	32692
фельетон	32691
высокомерие	32690
свихнуться	32689
растекаться	32688
чеширский	32687
попса	32686
привнести	32685
наличность	32684
ничья	32683
спереть	32682
предъявляться	32681
возвышенность	32680
волнистый	32679
нестерпимо	32678
мотыга	32677
выжимать	32676
запахнуть	32675
освободительный	32674
ремешок	32673
незнать	32672
полог	32671
фарс	32670
приглянуться	32669
костлявый	32668
кружево	32667
флоренский	32666
обогнуть	32665
подорожать	32664
отодвигать	32663
увернуться	32662
приземляться	32661
вест	32660
барабанный	32659
результативность	32658
укомплектовать	32657
умолчать	32656
фауст	32655
небрежность	32654
обстреливать	32653
термометр	32652
водопроводный	32651
централизация	32650
рабинович	32649
топик	32648
неприлично	32647
среагировать	32646
пак	32645
переносица	32644
смиренный	32643
слыть	32642
сомкнуться	32641
соломинка	32640
непроходимый	32639
продолговатый	32638
увесистый	32637
геббельс	32636
дощечка	32635
натурально	32634
парашютный	32633
брод	32632
отливать	32631
разбавить	32630
изымать	32629
чары	32628
раздражаться	32627
гравий	32626
одинцов	32625
компенсироваться	32624
пра	32623
балансировать	32622
прообраз	32621
впускать	32620
утварь	32619
сосуществование	32618
ницца	32617
благоразумный	32616
рольф	32615
парной	32614
бампер	32613
шереметьево	32612
пожрать	32611
лапин	32610
возбужденно	32609
юнкерс	32608
снасть	32607
прильнуть	32606
сет	32605
андропов	32604
подеваться	32603
провиниться	32602
сажень	32601
бусы	32600
стоя	32599
засвидетельствовать	32598
табло	32597
резон	32596
пониженный	32595
экспедиционный	32594
потухнуть	32593
пророческий	32592
давеча	32591
задумка	32590
кулик	32589
реалист	32588
благочестие	32587
животноводство	32586
отлет	32585
разогреть	32584
заваливать	32583
баталия	32582
зверский	32581
балтия	32580
консультирование	32579
ужесточение	32578
разуметь	32577
рассесться	32576
обозначиться	32575
информирование	32574
пригнуться	32573
прохаживаться	32572
рукопашный	32571
шарм	32570
батька	32569
ивановский	32568
гибрид	32567
извращенец	32566
нейрон	32565
одноглазый	32564
судный	32563
боеголовка	32562
забеспокоиться	32561
маневрировать	32560
порваться	32559
пах	32558
консерватизм	32557
благоприятствовать	32556
блокировка	32555
впк	32554
кук	32553
небогатый	32552
кайзер	32551
визуально	32550
помалкивать	32549
начальница	32548
сучок	32547
сидней	32546
чак	32545
акимов	32544
локон	32543
неизмеримо	32542
универсальность	32541
выпучить	32540
петроградский	32539
металлургия	32538
сговориться	32537
тембр	32536
замотать	32535
латышев	32534
уродство	32533
ратифицировать	32532
морщинистый	32531
литовец	32530
прохоров	32529
лесли	32528
перекрестный	32527
маркировка	32526
продумывать	32525
прослойка	32524
уха	32523
сизо	32522
эдип	32521
глотнуть	32520
минэкономразвития	32519
визуализация	32518
тыква	32517
нью	32516
упорядочение	32515
сноска	32514
мамкин	32513
чередоваться	32512
парный	32511
утащить	32510
артель	32509
обезопасить	32508
пивная	32507
эдгар	32506
прикупить	32505
отыграть	32504
осип	32503
понижаться	32502
рейтинговый	32501
остап	32500
метко	32499
рыбаков	32498
поголовно	32497
примчаться	32496
духота	32495
жаворонок	32494
ракушка	32493
онтологический	32492
пересчитывать	32491
заговаривать	32490
символизм	32489
начить	32488
обвиняться	32487
испачкать	32486
стандартизация	32485
подрагивать	32484
мечтательно	32483
дорасти	32482
судиться	32481
фрэнсис	32480
ерофеев	32479
мадемуазель	32478
гигиенический	32477
неописуемый	32476
разрастись	32475
пополняться	32474
слабенький	32473
нещадно	32472
каупервуд	32471
кило	32470
серьёзный	32469
цунами	32468
кузен	32467
кольцов	32466
тетенька	32465
разжечь	32464
репа	32463
обостриться	32462
проволочный	32461
домовый	32460
режиссерский	32459
светлость	32458
пересказ	32457
хайдеггер	32456
логин	32455
федотов	32454
стерлинг	32453
иов	32452
царственный	32451
урезать	32450
крестьянка	32449
чудовищно	32448
брешь	32447
марсианин	32446
новостной	32445
манекен	32444
карамзин	32443
проездной	32442
патриархальный	32441
ур	32440
включительно	32439
разузнать	32438
исключая	32437
курочка	32436
подкрасться	32435
боинг	32434
мозоль	32433
психушка	32432
туфелька	32431
симеон	32430
тунис	32429
ратный	32428
куплет	32427
потемкин	32426
безнаказанно	32425
производная	32424
тоби	32423
периодичность	32422
телосложение	32421
покорять	32420
повертеть	32419
наглухо	32418
ужасать	32417
сплетение	32416
реванш	32415
плуг	32414
чувашия	32413
оштрафовать	32412
политься	32411
албания	32410
девчушка	32409
фэнтези	32408
колоритный	32407
консорциум	32406
правее	32405
эрин	32404
ходячий	32403
откопать	32402
мхат	32401
бабель	32400
закипеть	32399
звучный	32398
фотографический	32397
поплестись	32396
триумфальный	32395
мужественность	32394
стратегически	32393
сдвигать	32392
динамит	32391
мвф	32390
никольский	32389
ленька	32388
ущербный	32387
комплектование	32386
аксенов	32385
кромешный	32384
учёные	32383
гд	32382
семилетний	32381
плавник	32380
сень	32379
преградить	32378
фальшь	32377
обусловливать	32376
василь	32375
полупрозрачный	32374
дыбом	32373
антивирусный	32372
настойка	32371
отснять	32370
комфортабельный	32369
сестричка	32368
эриксон	32367
опекать	32366
андре	32365
сподвижник	32364
комбинировать	32363
уткин	32362
домысел	32361
лямка	32360
симметрия	32359
тайский	32358
непоколебимый	32357
франкфурт	32356
анти	32355
хоббит	32354
сливать	32353
торец	32352
школьница	32351
заклятие	32350
антоновна	32349
начисление	32348
огорчиться	32347
видеозапись	32346
махинация	32345
сужаться	32344
юар	32343
всхлипнуть	32342
наставлять	32341
фаина	32340
мышонок	32339
мелодичный	32338
увольнять	32337
терминатор	32336
сосуществовать	32335
промедление	32334
суеверный	32333
перепрыгнуть	32332
свастика	32331
изгой	32330
югра	32329
чукча	32328
странствовать	32327
юмористический	32326
игнат	32325
констатация	32324
млекопитающее	32323
накинуться	32322
амплитуда	32321
ювелир	32320
сгущаться	32319
воскресить	32318
фитнес	32317
турфирма	32316
мин	32315
гамбургер	32314
пространственно	32313
корректива	32312
восполнить	32311
истолкование	32310
че	32309
гряда	32308
подпускать	32307
идиллия	32306
кофта	32305
воротиться	32304
вулканический	32303
сбалансированный	32302
профи	32301
закутать	32300
мальчишеский	32299
мерный	32298
запоздать	32297
чередование	32296
незнакомка	32295
просочиться	32294
вопиющий	32293
нечисть	32292
уговоры	32291
калий	32290
расходоваться	32289
извратить	32288
натяжка	32287
мао	32286
монетизация	32285
укладка	32284
потепление	32283
шансон	32282
турбина	32281
майонез	32280
дряхлый	32279
нэ	32278
безрезультатно	32277
стихать	32276
жж	32275
панический	32274
сантехник	32273
кисточка	32272
идём	32271
джефф	32270
кармен	32269
цепной	32268
фантазировать	32267
умалчивать	32266
подъемный	32265
дыня	32264
улов	32263
ровд	32262
чад	32261
торопливый	32260
автоматизировать	32259
геша	32258
закрепляться	32257
распростереть	32256
забрести	32255
внешнеэкономический	32254
силовик	32253
придираться	32252
правдивость	32251
непал	32250
кентавр	32249
скривиться	32248
вспять	32247
пилюля	32246
заслонять	32245
повстречаться	32244
вырезка	32243
уф	32242
оккупационный	32241
трилогия	32240
сплотить	32239
громада	32238
земледелец	32237
постный	32236
болгарин	32235
южнее	32234
светать	32233
безделушка	32232
инвалидный	32231
тегеран	32230
вечером	32229
горение	32228
пятнистый	32227
юнеско	32226
патч	32225
запираться	32224
враждовать	32223
семеновна	32222
поскакать	32221
рить	32220
единодушно	32219
здравомыслящий	32218
гнездиться	32217
соскользнуть	32216
кипа	32215
вольтер	32214
морщинка	32213
сушеный	32212
эластичный	32211
гиря	32210
оплот	32209
тождественный	32208
метание	32207
алма	32206
невооруженный	32205
поспевать	32204
позитивно	32203
отрок	32202
тайвань	32201
электрод	32200
аслан	32199
дежурная	32198
шуйский	32197
шаталов	32196
мандельштама	32195
жека	32194
плестись	32193
лукавить	32192
клониться	32191
духовка	32190
вслепую	32189
кох	32188
марсианский	32187
усердный	32186
растоптать	32185
слизь	32184
керамика	32183
критичный	32182
запечатать	32181
идеалист	32180
расселение	32179
придача	32178
минимизировать	32177
хилый	32176
прокол	32175
изогнуть	32174
жасмин	32173
опиум	32172
умышленный	32171
берг	32170
ростопчин	32169
двойственность	32168
индивидуализм	32167
отложение	32166
умывальник	32165
трудолюбие	32164
отсталость	32163
плотский	32162
переубедить	32161
зашить	32160
опись	32159
ажиотаж	32158
снизойти	32157
лог	32156
чипсет	32155
сокрушить	32154
уничтожаться	32153
приобретаться	32152
ироничный	32151
эльфа	32150
налагать	32149
дворецкий	32148
ипполит	32147
олигархия	32146
сглотнуть	32145
круиз	32144
летчица	32143
концентрировать	32142
продольный	32141
наумов	32140
чернобыль	32139
яичник	32138
чаяние	32137
выборг	32136
рж	32135
помыться	32134
борхес	32133
застревать	32132
вермахт	32131
лаура	32130
тысячелетний	32129
нагрянуть	32128
рыбацкий	32127
липовый	32126
абхазский	32125
ксенофобия	32124
депрессивный	32123
воспалить	32122
самоотверженный	32121
исчисляться	32120
возвестить	32119
нелюбовь	32118
нетерпимость	32117
пётр	32116
будапешт	32115
черномырдин	32114
пролегать	32113
лучшее	32112
десятина	32111
оканчиваться	32110
ободрать	32109
одолжение	32108
уживаться	32107
недвусмысленно	32106
тирания	32105
смиренно	32104
семьсот	32103
купон	32102
властно	32101
августин	32100
стерильный	32099
буржуа	32098
фамильный	32097
энтони	32096
крытый	32095
женственный	32094
здравствуйте	32093
арх	32092
периферийный	32091
предусмотрительно	32090
устрица	32089
развесить	32088
восвояси	32087
ноябрьский	32086
тк	32085
тракторист	32084
гришка	32083
несложно	32082
плодородный	32081
конфисковать	32080
устрашать	32079
универ	32078
обличать	32077
созвучный	32076
серафима	32075
галька	32074
усыновить	32073
ямщик	32072
поругаться	32071
киностудия	32070
кесарев	32069
трудоемкий	32068
отвертка	32067
внезапность	32066
зашептать	32065
ца	32064
примат	32063
тин	32062
подпевать	32061
отключаться	32060
нелюбимый	32059
наховать	32058
переставлять	32057
голубоватый	32056
дублировать	32055
небыть	32054
декабрьский	32053
самоорганизация	32052
томик	32051
заручиться	32050
пражский	32049
скверно	32048
пошатнуться	32047
исчерпывать	32046
фюзеляж	32045
стрястись	32044
многовековой	32043
польстить	32042
заживо	32041
новостройка	32040
государыня	32039
черкизов	32038
автостоп	32037
плиз	32036
фоновый	32035
эстонец	32034
гордеев	32033
пулеметчик	32032
ответственно	32031
глушить	32030
сидячий	32029
бегло	32028
беатрич	32027
спятить	32026
импортировать	32025
выплеснуть	32024
поспешный	32023
зойка	32022
закоулок	32021
неосторожность	32020
левее	32019
давненько	32018
ляля	32017
неразборчивый	32016
вперемешку	32015
просачиваться	32014
замещать	32013
разлагаться	32012
эльбрус	32011
сорняк	32010
подъемник	32009
дымовой	32008
водолаз	32007
гробовой	32006
богдан	32005
дфг	32004
тейлор	32003
трактоваться	32002
вбегать	32001
подкова	32000
сущностный	31999
взлетный	31998
вм	31997
зерновой	31996
благотворный	31995
произошедшее	31994
туркменистан	31993
швейцарец	31992
долетать	31991
приплыть	31990
пилотаж	31989
вышивка	31988
небезопасный	31987
зарисовка	31986
обгореть	31985
смыслить	31984
щупать	31983
сать	31982
трагически	31981
кубанский	31980
оттеснить	31979
квадратик	31978
доплата	31977
суффикс	31976
веяние	31975
батон	31974
джельсомино	31973
преклонный	31972
резервуар	31971
напоказ	31970
полуфинал	31969
графин	31968
сквозить	31967
албанский	31966
александрия	31965
трубить	31964
промежность	31963
макар	31962
базарный	31961
шакал	31960
маршировать	31959
налаживание	31958
благоденствие	31957
побегать	31956
вскользь	31955
лукич	31954
апогей	31953
купер	31952
раскручивать	31951
серверный	31950
знойный	31949
медлительный	31948
сковывать	31947
крапива	31946
еловый	31945
парусный	31944
пикап	31943
атлант	31942
неоценимый	31941
противодействовать	31940
дрезден	31939
вильнюс	31938
поравняться	31937
выгореть	31936
стажер	31935
легитимный	31934
питомник	31933
таллинн	31932
восприимчивый	31931
невзгода	31930
шарахаться	31929
сифилис	31928
атстраница	31927
шквал	31926
хартия	31925
функционально	31924
пунтить	31923
бубнить	31922
рене	31921
сентябрьский	31920
зажиточный	31919
обвинитель	31918
осушить	31917
живьем	31916
косичка	31915
исчерпываться	31914
излагаться	31913
часок	31912
бисер	31911
низменный	31910
расчистить	31909
глаг	31908
назаров	31907
адекватность	31906
бесцеремонно	31905
краткость	31904
препинание	31903
философски	31902
вываливаться	31901
предвидеться	31900
ясли	31899
впечатлительный	31898
персонально	31897
такое	31896
упражняться	31895
оторопеть	31894
возвысить	31893
закавказье	31892
пончик	31891
подоплека	31890
методично	31889
пары	31888
поучение	31887
трогательно	31886
влить	31885
отхлебнуть	31884
оренбургский	31883
тыльный	31882
креветка	31881
автоматика	31880
раздуть	31879
миллиардер	31878
разлюбить	31877
враз	31876
оксфорд	31875
спальник	31874
лайн	31873
грузиться	31872
намазать	31871
льдина	31870
сборщик	31869
метнуть	31868
испарение	31867
анализатор	31866
специфичный	31865
фас	31864
тулуп	31863
кабы	31862
фиалка	31861
утомленный	31860
аллен	31859
вагончик	31858
целость	31857
афанасьевич	31856
июньский	31855
евгеньевич	31854
колоться	31853
предостеречь	31852
елочка	31851
симпатизировать	31850
лизинговый	31849
плагиат	31848
писарь	31847
перепугаться	31846
риббентроп	31845
назреть	31844
спелый	31843
преждевременно	31842
бук	31841
заточить	31840
посещаемость	31839
желчный	31838
пси	31837
бриллиантовый	31836
первозданный	31835
торс	31834
юр	31833
подбадривать	31832
дер	31831
причинный	31830
целина	31829
лениться	31828
незначительно	31827
угода	31826
вытягиваться	31825
неотразимый	31824
вильям	31823
горелка	31822
плавки	31821
чу	31820
молниеносный	31819
турин	31818
шахматист	31817
осадки	31816
неравнодушный	31815
джун	31814
стерпеть	31813
прицелиться	31812
отправной	31811
разминка	31810
шалость	31809
вкопать	31808
однообразие	31807
пёс	31806
петрова	31805
запастись	31804
ножны	31803
извержение	31802
крит	31801
мамка	31800
разведать	31799
нуть	31798
специя	31797
димитрий	31796
барселона	31795
расхожий	31794
взрослеть	31793
митька	31792
осложнить	31791
коп	31790
бальный	31789
лазарев	31788
разбой	31787
зарегистрированный	31786
щупальце	31785
инфа	31784
милочка	31783
капитанский	31782
комплектующие	31781
рисовый	31780
белковый	31779
накрыться	31778
митяй	31777
вокальный	31776
очему	31775
удовлетворяться	31774
даня	31773
командирский	31772
мухин	31771
учительский	31770
обнадеживать	31769
двусмысленный	31768
пшеничный	31767
четырехлетний	31766
гусар	31765
минимально	31764
вышвырнуть	31763
тихонов	31762
вовнутрь	31761
явь	31760
масленица	31759
детектор	31758
проронить	31757
гуд	31756
разжигание	31755
неистово	31754
заинтриговать	31753
домино	31752
сход	31751
хана	31750
бобров	31749
инопланетный	31748
ухаживание	31747
растерзать	31746
усугубляться	31745
фокусник	31744
голь	31743
уэллс	31742
безоружный	31741
смыться	31740
призер	31739
унять	31738
настой	31737
попереть	31736
впитать	31735
воинство	31734
колыбельный	31733
гера	31732
приметить	31731
типично	31730
чулан	31729
взаимопомощь	31728
фляга	31727
экстремист	31726
атлантида	31725
шолохов	31724
изюм	31723
умелец	31722
пойдём	31721
пролиться	31720
добегать	31719
рбк	31718
нарастание	31717
тюркский	31716
калмык	31715
зажигательный	31714
антитело	31713
призадуматься	31712
обнести	31711
сор	31710
пописать	31709
бараний	31708
мять	31707
многозначительный	31706
рикардо	31705
неделимый	31704
олимп	31703
хмельницкий	31702
гру	31701
давный	31700
улей	31699
бд	31698
конопля	31697
уплывать	31696
полнолуние	31695
добровольческий	31694
джазовый	31693
карм	31692
орлеан	31691
сестрица	31690
распевать	31689
ахимаса	31688
пунктуация	31687
мэй	31686
девчата	31685
афган	31684
муромский	31683
велосипедист	31682
штатский	31681
броненосец	31680
гранат	31679
сообщник	31678
мсфо	31677
преображение	31676
делягин	31675
агата	31674
выдавливать	31673
проголодаться	31672
зашипеть	31671
дикость	31670
колотиться	31669
славка	31668
эфиопия	31667
чебурашка	31666
вступиться	31665
бат	31664
макдональдс	31663
фантаст	31662
нагваль	31661
биологически	31660
воевод	31659
зеленеть	31658
неизлечимый	31657
разрядить	31656
умеренно	31655
норка	31654
тишь	31653
вызывающий	31652
плюрализм	31651
напрокат	31650
фанерный	31649
переждать	31648
маргинальный	31647
страховать	31646
излишество	31645
банкнот	31644
танкер	31643
винтик	31642
объезжать	31641
эдит	31640
агенство	31639
барс	31638
транзистор	31637
бездушный	31636
посыльный	31635
извещать	31634
перебой	31633
бессмыслица	31632
фасон	31631
искоса	31630
неотделимый	31629
засадить	31628
камуфляж	31627
бобер	31626
скитаться	31625
проницательность	31624
взаймы	31623
дедовщина	31622
условиться	31621
теснить	31620
константа	31619
загнуть	31618
засов	31617
матвиенко	31616
потеха	31615
отлить	31614
хенаро	31613
постучаться	31612
мотель	31611
братан	31610
штатское	31609
скрипач	31608
деревце	31607
воспрепятствовать	31606
оседлать	31605
подвинуть	31604
командор	31603
шитье	31602
клеточный	31601
сближаться	31600
прок	31599
мирон	31598
сверлить	31597
префектура	31596
безнадежность	31595
наплыв	31594
самооборона	31593
штопор	31592
взметнуться	31591
сердцевина	31590
шептаться	31589
задаток	31588
накопительный	31587
изюминка	31586
индиец	31585
тайлер	31584
народонаселение	31583
набросить	31582
прославлять	31581
джулия	31580
связующий	31579
биосфера	31578
ковровый	31577
деликатес	31576
кормовой	31575
атташе	31574
сепаратист	31573
иже	31572
нагорный	31571
шевелюра	31570
барский	31569
выбиваться	31568
пошатываться	31567
тюбик	31566
волейбол	31565
осчастливить	31564
эрудиция	31563
гибельный	31562
приложиться	31561
щипать	31560
преобразиться	31559
николаевский	31558
грибок	31557
жилплощадь	31556
сорока	31555
иерусалимский	31554
муса	31553
касание	31552
приделать	31551
растёт	31550
датировка	31549
горестно	31548
зримый	31547
сокрытие	31546
преминуть	31545
уготовать	31544
кир	31543
упоение	31542
бессмысленность	31541
скептицизм	31540
тук	31539
расслаблять	31538
уличить	31537
рипли	31536
бесчеловечный	31535
привязываться	31534
сынишка	31533
бизон	31532
обмотать	31531
выкидыш	31530
посредственный	31529
благоухать	31528
настроиться	31527
минкин	31526
словакия	31525
иешуа	31524
какао	31523
коротышка	31522
ананас	31521
претерпевать	31520
грация	31519
фантик	31518
гудков	31517
иванушка	31516
затрястись	31515
зазор	31514
оренбург	31513
трехэтажный	31512
уильямс	31511
смонтировать	31510
безвыходный	31509
поджимать	31508
накрасить	31507
компромат	31506
оковы	31505
информативный	31504
ржавчина	31503
домохозяйство	31502
керенский	31501
воплощаться	31500
еврейка	31499
табун	31498
баранка	31497
гёте	31496
пригнать	31495
падший	31494
вошёл	31493
добропорядочный	31492
фляжка	31491
противоестественный	31490
отрадный	31489
сжалиться	31488
потанцевать	31487
облачный	31486
несостоятельный	31485
восемьсот	31484
ориентировка	31483
шлагбаум	31482
прохрипеть	31481
ориентированный	31480
дополняться	31479
псалом	31478
землевладелец	31477
плазменный	31476
завизжать	31475
пересматривать	31474
усопший	31473
полыхать	31472
джинн	31471
отчаиваться	31470
шпала	31469
нескрываемый	31468
перебрасывать	31467
буханка	31466
переглядываться	31465
экватор	31464
самоуверенность	31463
рассердить	31462
райан	31461
исаев	31460
безграмотный	31459
естественность	31458
ларри	31457
согрешить	31456
сага	31455
биохимический	31454
неглубокий	31453
байдарка	31452
текстура	31451
сосредоточенность	31450
шмотки	31449
взмыть	31448
пономарев	31447
чутко	31446
сущее	31445
наглядность	31444
астафьев	31443
перекинуться	31442
ять	31441
кошечка	31440
окрик	31439
пищевод	31438
нажива	31437
энциклопедический	31436
бот	31435
пробоина	31434
взрывчатый	31433
битком	31432
взбеситься	31431
робинзон	31430
дохнуть	31429
январский	31428
мэтью	31427
шиворот	31426
выселение	31425
булат	31424
нотариальный	31423
освежать	31422
кола	31421
апроезд	31420
горнолыжный	31419
звягин	31418
разжать	31417
стриптиз	31416
пассивность	31415
приборный	31414
окб	31413
шпиль	31412
контрактный	31411
осаждать	31410
уцепиться	31409
иды	31408
греча	31407
депозитарий	31406
подыскивать	31405
наперебой	31404
игнорирование	31403
эйзенхауэр	31402
тридцатилетний	31401
умножать	31400
ухищрение	31399
туркмения	31398
прагматический	31397
коробок	31396
уазик	31395
головокружительный	31394
впадина	31393
часик	31392
кровожадный	31391
неспокойный	31390
христиан	31389
синхронный	31388
пластмасса	31387
евтушенко	31386
артистический	31385
киргиз	31384
кулачок	31383
линкольн	31382
перебираться	31381
пристегнуть	31380
неблагополучный	31379
качнуть	31378
шелли	31377
вознести	31376
удосужиться	31375
усложняться	31374
бледно	31373
аллергический	31372
поджигать	31371
вечерок	31370
пережитое	31369
свысока	31368
рассудительный	31367
удав	31366
нат	31365
веление	31364
пиздец	31363
томный	31362
стрессовый	31361
колокольный	31360
променять	31359
герцогиня	31358
эрих	31357
смазывать	31356
рассеиваться	31355
михайловский	31354
психотерапевтический	31353
социал	31352
единоборство	31351
отдаленно	31350
быль	31349
лсд	31348
безличный	31347
протяжный	31346
дачник	31345
приём	31344
запихивать	31343
проклясть	31342
поплатиться	31341
незавершенный	31340
кисель	31339
венгр	31338
собеседница	31337
стог	31336
чита	31335
подмога	31334
помост	31333
мстислав	31332
медитировать	31331
лихачев	31330
литературовед	31329
кормилица	31328
нумерация	31327
реабилитационный	31326
демагогия	31325
гомосексуализм	31324
подушечка	31323
восхищать	31322
круговорот	31321
казначейство	31320
выплюнуть	31319
пьющий	31318
метрополия	31317
чудище	31316
облокотиться	31315
связной	31314
широкомасштабный	31313
накал	31312
искусствовед	31311
антигон	31310
незапамятный	31309
переломить	31308
пещерный	31307
секретно	31306
сруб	31305
кряхтеть	31304
прочить	31303
гигагерц	31302
позолотить	31301
подкреплять	31300
подкупить	31299
проведать	31298
чиновничий	31297
вилы	31296
зрительский	31295
туркменский	31294
рс	31293
взаимовыгодный	31292
декада	31291
брус	31290
вымогательство	31289
рецептор	31288
лидочка	31287
деградировать	31286
жюль	31285
недолюбливать	31284
инструктаж	31283
чапаев	31282
некстати	31281
деточка	31280
сразиться	31279
проблеск	31278
историография	31277
корысть	31276
тазик	31275
погонять	31274
машинописный	31273
малайзия	31272
мироощущение	31271
горстка	31270
деникин	31269
отплыть	31268
телогрейка	31267
непрестанно	31266
навек	31265
ступор	31264
скрести	31263
запрокинуть	31262
пудра	31261
катализатор	31260
облепить	31259
обводить	31258
обезьянка	31257
азиат	31256
урхо	31255
популяризация	31254
чугун	31253
печалиться	31252
ввозить	31251
старое	31250
саркофаг	31249
сотрясать	31248
солидарный	31247
многообещающий	31246
кристи	31245
старожил	31244
заслон	31243
распря	31242
тыловой	31241
карнеги	31240
ау	31239
хлебнуть	31238
подуть	31237
ухудшать	31236
мещанин	31235
зощенко	31234
культивировать	31233
лопух	31232
ман	31231
убыль	31230
олицетворение	31229
антихрист	31228
тольятти	31227
обличье	31226
попугать	31225
разметка	31224
возрождаться	31223
компенсационный	31222
объём	31221
песочный	31220
беззаботно	31219
камерный	31218
изнурительный	31217
геннадьевич	31216
повеселиться	31215
спас	31214
удаленность	31213
нурсултан	31212
достижимый	31211
клеить	31210
беспорядочно	31209
обмякнуть	31208
песочница	31207
тактовый	31206
засуха	31205
заступиться	31204
оргия	31203
ельцинский	31202
ликер	31201
уокер	31200
нежилой	31199
смахнуть	31198
унификация	31197
подиум	31196
переваривать	31195
разоружение	31194
размазать	31193
бронетранспортер	31192
растягиваться	31191
матти	31190
фен	31189
выпадение	31188
перманентный	31187
бордель	31186
единодушный	31185
песнопение	31184
западник	31183
запрячь	31182
соотнести	31181
минюст	31180
библиография	31179
поворотный	31178
нормализация	31177
варьировать	31176
автострада	31175
сахалинский	31174
малдер	31173
подразделяться	31172
преисподняя	31171
басков	31170
фрейзер	31169
искушать	31168
отблагодарить	31167
перерождение	31166
ребёнку	31165
поминутно	31164
подлодка	31163
волочь	31162
неимение	31161
советчик	31160
аутсорсинг	31159
слизистый	31158
парапет	31157
осматриваться	31156
режиссура	31155
цензор	31154
верка	31153
высвободить	31152
вильсон	31151
типология	31150
публицистический	31149
циник	31148
проворно	31147
люксембург	31146
мелодрама	31145
савва	31144
ливан	31143
штата	31142
позировать	31141
соболезнование	31140
долгота	31139
венесуэла	31138
кормилец	31137
бад	31136
симферополь	31135
вязаный	31134
ассоциировать	31133
ульяновский	31132
запихнуть	31131
предместье	31130
враждебно	31129
кондратьев	31128
дидро	31127
охладить	31126
злостный	31125
сектант	31124
этнография	31123
наливаться	31122
отследить	31121
трейлер	31120
кан	31119
сообразительный	31118
потопать	31117
возвещать	31116
петербуржец	31115
тучный	31114
кен	31113
обогащать	31112
просветительский	31111
конструировать	31110
мандарин	31109
незащищенный	31108
склеить	31107
бытность	31106
озеров	31105
васильевский	31104
законопослушный	31103
многолюдный	31102
штуковина	31101
клизма	31100
валерка	31099
прикусить	31098
клише	31097
духовой	31096
фридман	31095
обоняние	31094
прелюдия	31093
феминистка	31092
кинофестиваль	31091
инженерно	31090
марокко	31089
нецензурный	31088
самолёт	31087
главврач	31086
пеликан	31085
гвоздика	31084
самодовольный	31083
непосредственность	31082
антисемит	31081
отречение	31080
сакс	31079
умещаться	31078
тождество	31077
люкс	31076
вынашивать	31075
наработать	31074
ускоритель	31073
отладить	31072
воронов	31071
набежать	31070
причислять	31069
сима	31068
поручиться	31067
причитаться	31066
бачок	31065
невыгодно	31064
рядышком	31063
пыльца	31062
болячка	31061
предоплата	31060
филин	31059
аспирин	31058
добавочный	31057
алхимик	31056
ладья	31055
ляпнуть	31054
зачитывать	31053
киска	31052
розница	31051
амурск	31050
идиотка	31049
вожатый	31048
стоячий	31047
автобиографический	31046
водрузить	31045
некомпетентность	31044
кликать	31043
соперница	31042
яковлевна	31041
коррумпировать	31040
плутон	31039
объектно	31038
янкель	31037
трагичный	31036
прививать	31035
приютить	31034
ом	31033
кредо	31032
кодировка	31031
ответствовать	31030
османский	31029
элиза	31028
угнетение	31027
доисторический	31026
алиби	31025
сицилия	31024
гб	31023
компилятор	31022
континуум	31021
минобороны	31020
порхать	31019
антонович	31018
пластика	31017
строжайший	31016
лебединый	31015
джейсон	31014
резервирование	31013
марионетка	31012
добивать	31011
горючий	31010
фольга	31009
эпицентр	31008
безуспешный	31007
аист	31006
полиграфический	31005
невротический	31004
ов	31003
железобетонный	31002
дембель	31001
непринужденный	31000
цельность	30999
язычество	30998
вышесказанный	30997
иронически	30996
карлсон	30995
звёзды	30994
жучок	30993
лю	30992
бендер	30991
песчинка	30990
картотека	30989
ледниковый	30988
вбок	30987
молодые	30986
людоед	30985
неполноценный	30984
скулить	30983
гарвард	30982
частотный	30981
кладовка	30980
засуетиться	30979
протока	30978
мельник	30977
понаслышке	30976
лир	30975
мотылек	30974
неосознанно	30973
сорокина	30972
мастурбировать	30971
ямка	30970
костел	30969
краков	30968
хлебать	30967
насвистывать	30966
растяжка	30965
носорог	30964
запущенный	30963
герасим	30962
огрызнуться	30961
медальон	30960
пережиток	30959
феодал	30958
сокрыть	30957
лечебница	30956
бакалавр	30955
разводы	30954
прилет	30953
подтягиваться	30952
чаплин	30951
опт	30950
бессильно	30949
протестный	30948
узнавание	30947
тюк	30946
произнесение	30945
эмигрантский	30944
поперхнуться	30943
зевака	30942
выпросить	30941
безболезненно	30940
архаичный	30939
брестский	30938
колес	30937
разграбить	30936
шутливо	30935
мля	30934
рпц	30933
дурить	30932
золоченый	30931
коста	30930
пополниться	30929
тэц	30928
авт	30927
Нельсон	30926
небосвод	30925
сталинградский	30924
образованность	30923
нагота	30922
воровской	30921
диванчик	30920
бесцельно	30919
исать	30918
верфь	30917
сэнди	30916
никель	30915
лувр	30914
лейбл	30913
эластичность	30912
кулер	30911
мазок	30910
повстречать	30909
дизайнерский	30908
сельдь	30907
забытье	30906
набрасываться	30905
поклонница	30904
яр	30903
курточка	30902
приписываться	30901
зловеще	30900
свиридов	30899
открытая	30898
вязаться	30897
родич	30896
зоркий	30895
монтажный	30894
стужа	30893
листик	30892
кузька	30891
общепризнанный	30890
удовлетвориться	30889
малюсенький	30888
примирить	30887
каждодневный	30886
утилит	30885
рецензент	30884
эльвира	30883
возвышать	30882
веснушка	30881
приоткрывать	30880
флэш	30879
эллен	30878
сгонять	30877
дрожжи	30876
сленг	30875
недруг	30874
варфоломеев	30873
посудить	30872
копилка	30871
монтгомери	30870
живость	30869
хью	30868
инициал	30867
прикурить	30866
сравняться	30865
температурный	30864
транскрипция	30863
саквояж	30862
шт	30861
единоличный	30860
умно	30859
влипнуть	30858
зарыться	30857
кош	30856
гипертония	30855
караульный	30854
раскопать	30853
самодеятельный	30852
тщательность	30851
младенчество	30850
замахнуться	30849
мазур	30848
приземистый	30847
жизнеспособный	30846
станиславский	30845
перу	30844
чернышевский	30843
мерлин	30842
кукурузный	30841
приглядываться	30840
преобразователь	30839
сорри	30838
добродетельный	30837
падла	30836
подлокотник	30835
стимулятор	30834
пенсионерка	30833
посмертный	30832
младенческий	30831
мудреный	30830
работоспособный	30829
примерить	30828
наса	30827
караулить	30826
убыточный	30825
эди	30824
кэтрин	30823
пряжка	30822
утолить	30821
набегать	30820
подрезать	30819
подкладка	30818
барабанить	30817
красноречиво	30816
хлев	30815
наскучить	30814
корреспондентский	30813
ковать	30812
дарси	30811
деревенька	30810
джоан	30809
сканировать	30808
учёных	30807
чаек	30806
аким	30805
спасский	30804
раздробить	30803
самобытность	30802
экосистема	30801
религиозность	30800
поникнуть	30799
систематизация	30798
конвоир	30797
миротворец	30796
пленить	30795
интеллектуально	30794
воззвание	30793
припарковать	30792
полуденный	30791
великодушие	30790
крупица	30789
желто	30788
озорной	30787
кучма	30786
лилить	30785
евлалия	30784
гулко	30783
оса	30782
ингуш	30781
садист	30780
микропроцессор	30779
гомосексуальный	30778
сиська	30777
поприветствовать	30776
лжец	30775
ратовать	30774
егерь	30773
дешевка	30772
сокровищница	30771
янтарь	30770
заметаться	30769
юнга	30768
либерально	30767
согласовывать	30766
дельта	30765
стремленье	30764
подглядывать	30763
томительный	30762
одноклассница	30761
ри	30760
ящер	30759
синтезировать	30758
подытожить	30757
компрессор	30756
реабилитировать	30755
тож	30754
оф	30753
начитаться	30752
попусту	30751
вето	30750
окутывать	30749
раскаиваться	30748
сгибаться	30747
субкультура	30746
светловолосый	30745
насыщенность	30744
эк	30743
мистерия	30742
переодеть	30741
ванюша	30740
поучать	30739
путч	30738
вуаль	30737
оговариваться	30736
макаревич	30735
оливия	30734
стабилизационный	30733
унитарный	30732
шахов	30731
сородич	30730
хоккейный	30729
пылинка	30728
глухонемой	30727
гарь	30726
альбина	30725
поголовье	30724
филармония	30723
варварство	30722
иконостас	30721
ефрейтор	30720
щиколотка	30719
шик	30718
тенор	30717
ушиб	30716
переставить	30715
многоуровневый	30714
переводчица	30713
банкнота	30712
кашлянуть	30711
поселенец	30710
референт	30709
облизать	30708
праведность	30707
соевый	30706
заковать	30705
абвер	30704
хрип	30703
задушевный	30702
интеграционный	30701
преподать	30700
скороговорка	30699
восторжествовать	30698
умственно	30697
самопожертвование	30696
замочный	30695
дзэн	30694
вас	30693
несёт	30692
расторгнуть	30691
предплечье	30690
филя	30689
оппозиционер	30688
недосягаемый	30687
мутить	30686
вобрать	30685
сина	30684
михаэль	30683
нагромождение	30682
денисов	30681
вытаращить	30680
гофман	30679
сашенька	30678
политработник	30677
вымирание	30676
лёня	30675
пугачев	30674
анус	30673
бирма	30672
неумелый	30671
позвонок	30670
клавдио	30669
старков	30668
утихать	30667
провизия	30666
поверенный	30665
размытый	30664
лунка	30663
аннулировать	30662
санкционировать	30661
товарооборот	30660
непрофессиональный	30659
разрядка	30658
азимов	30657
манипулятор	30656
выселить	30655
посиделки	30654
отпить	30653
аккуратность	30652
обыскивать	30651
тата	30650
непорочный	30649
бесшумный	30648
кафтан	30647
жижа	30646
пилотировать	30645
фидо	30644
огурчик	30643
тамразов	30642
одать	30641
навалом	30640
повеселеть	30639
слет	30638
отзвук	30637
насаждение	30636
сванидзе	30635
анонсировать	30634
нектар	30633
отвязаться	30632
совладать	30631
туманность	30630
чаевые	30629
серенький	30628
экстрасенс	30627
сионист	30626
колыма	30625
мкс	30624
резво	30623
огородить	30622
передвинуть	30621
тяжба	30620
прослужить	30619
упавший	30618
гармонический	30617
анжела	30616
заболеваемость	30615
зачислить	30614
драйв	30613
щечка	30612
живём	30611
формулироваться	30610
дрочить	30609
упрашивать	30608
достигнутый	30607
енисей	30606
суммировать	30605
циклический	30604
разлад	30603
посочувствовать	30602
преимущественный	30601
спугнуть	30600
захлопать	30599
воздушно	30598
утруждать	30597
выработаться	30596
равнозначный	30595
попеременно	30594
водичка	30593
интегрированный	30592
безоговорочный	30591
куликов	30590
истреблять	30589
подлететь	30588
выталкивать	30587
чацкий	30586
паскаль	30585
подгруппа	30584
забавлять	30583
демидов	30582
контрастный	30581
отсечь	30580
хрень	30579
примус	30578
жесть	30577
мальчуган	30576
агитационный	30575
линус	30574
орудийный	30573
источать	30572
выключение	30571
раскачивать	30570
метровый	30569
субъективность	30568
безрассудный	30567
оленька	30566
жемчужный	30565
обособленный	30564
ориентировочный	30563
назревать	30562
собирание	30561
выудить	30560
минимизация	30559
вычистить	30558
бега	30557
расходование	30556
конрад	30555
перерастать	30554
бмв	30553
пенек	30552
онкологический	30551
шайба	30550
теодор	30549
альпийский	30548
доп	30547
георг	30546
испытовать	30545
столпиться	30544
красавчик	30543
пикантный	30542
вояка	30541
луковица	30540
кольчуга	30539
фура	30538
доведение	30537
чень	30536
смещаться	30535
нащупывать	30534
агитировать	30533
бренди	30532
бухать	30531
сообразно	30530
греховный	30529
тупиковый	30528
сучка	30527
червонец	30526
комиссионный	30525
неустойчивость	30524
джулиан	30523
шестилетний	30522
гималаи	30521
ширинка	30520
лихва	30519
гоголевский	30518
удовлетворенность	30517
стекаться	30516
облачить	30515
тезка	30514
маскировать	30513
подавно	30512
телекамера	30511
агнец	30510
подметать	30509
ассигнование	30508
телепатия	30507
карцер	30506
меланхолия	30505
беспрерывный	30504
сера	30503
повальный	30502
рюмочка	30501
повиновение	30500
ижевск	30499
лас	30498
наталкиваться	30497
воспевать	30496
субъективно	30495
роженица	30494
отек	30493
бюджетник	30492
заповедный	30491
веселить	30490
фотографироваться	30489
ртр	30488
махровый	30487
хвалиться	30486
вскрикивать	30485
удирать	30484
марцио	30483
безмолвно	30482
настигать	30481
желудочно	30480
тягучий	30479
жаклин	30478
скат	30477
юриспруденция	30476
небес	30475
обустроить	30474
наведываться	30473
чеховский	30472
немощный	30471
болтун	30470
варя	30469
кочевать	30468
азы	30467
месячные	30466
кокон	30465
исправительный	30464
замыкание	30463
неизведанный	30462
покорение	30461
общинный	30460
нажраться	30459
отбиться	30458
провалить	30457
прямота	30456
стабилизатор	30455
искупить	30454
перерабатывать	30453
пофига	30452
поколебаться	30451
межпланетный	30450
надвое	30449
столп	30448
кровеносный	30447
подпункт	30446
хамить	30445
купечество	30444
лепта	30443
токарь	30442
обманщик	30441
благоразумие	30440
репрессивный	30439
обеспеченность	30438
невыполнимый	30437
подстилка	30436
нагрудный	30435
ереван	30434
беспартийный	30433
улыбчивый	30432
ценник	30431
фикция	30430
новация	30429
неимоверно	30428
рафаэль	30427
арктический	30426
никола	30425
отвар	30424
моросить	30423
западно	30422
тимоти	30421
пятницкий	30420
перелистывать	30419
капсул	30418
собранный	30417
допотопный	30416
гармонично	30415
рейнджер	30414
оранжерея	30413
рг	30412
вымышленный	30411
закатывать	30410
юродивый	30409
затяжка	30408
профком	30407
канистра	30406
автовокзал	30405
монашеский	30404
тиф	30403
термоядерный	30402
осложняться	30401
разлучить	30400
рб	30399
бондаренко	30398
единорог	30397
шлепнуть	30396
бензиновый	30395
рейчел	30394
прищурить	30393
филип	30392
уайт	30391
косо	30390
безропотно	30389
двухместный	30388
снисхождение	30387
гастроном	30386
поколебать	30385
бифштекс	30384
башкирия	30383
заволноваться	30382
холестерин	30381
тасс	30380
тапка	30379
вишневский	30378
друид	30377
еженедельно	30376
миноносец	30375
греко	30374
оо	30373
вынос	30372
ист	30371
сужение	30370
перетянуть	30369
полынь	30368
проводы	30367
лодыжка	30366
редколлегия	30365
проступить	30364
внять	30363
отторжение	30362
бабулька	30361
страхователь	30360
таисия	30359
полюбиться	30358
крестоносец	30357
вчетвером	30356
непокорный	30355
фыркать	30354
грезить	30353
нирвана	30352
соска	30351
техподдержка	30350
именинник	30349
тесниться	30348
шествовать	30347
сердечко	30346
разгул	30345
госбезопасность	30344
холмик	30343
межа	30342
ударник	30341
флигель	30340
говорухин	30339
обязаться	30338
осуществимый	30337
лк	30336
сибиряк	30335
заставать	30334
стеречь	30333
лиана	30332
плющев	30331
сверхдержава	30330
паб	30329
созревать	30328
запротестовать	30327
навигатор	30326
лоуренс	30325
обмолвиться	30324
дыханье	30323
палмер	30322
гусиный	30321
контрреволюционный	30320
рубец	30319
тойота	30318
отцовство	30317
незнайка	30316
неспроста	30315
сибнефть	30314
забегаловка	30313
настенный	30312
швабра	30311
сфокусировать	30310
рыболовный	30309
като	30308
нгу	30307
ненасытный	30306
радиосвязь	30305
зарево	30304
жертвенный	30303
биение	30302
взимать	30301
побриться	30300
лелик	30299
цветение	30298
сгнить	30297
соната	30296
земляника	30295
торонто	30294
авиаполк	30293
тряпье	30292
единожды	30291
беситься	30290
джойстик	30289
вдохновенный	30288
противоправный	30287
уотсон	30286
громкоговоритель	30285
обделить	30284
автостоянка	30283
радиовещание	30282
мещанский	30281
подвыпить	30280
ослик	30279
сантьяго	30278
самоутверждение	30277
заржать	30276
осечься	30275
шарль	30274
гарем	30273
озарять	30272
вьющийся	30271
бальзам	30270
безмозглый	30269
вариться	30268
укрываться	30267
флотский	30266
блэк	30265
лежачий	30264
бранить	30263
пляжный	30262
памперс	30261
русый	30260
онанизм	30259
бур	30258
неявный	30257
самсонова	30256
экипировка	30255
впиваться	30254
верхи	30253
выливать	30252
фонограмма	30251
бе	30250
утешительный	30249
кабардино	30248
чёрные	30247
бодрствование	30246
чувашский	30245
наклонение	30244
фз	30243
дошкольник	30242
савн	30241
банька	30240
игнорироваться	30239
анестезия	30238
воланд	30237
выказать	30236
пессимист	30235
фермерский	30234
измерительный	30233
венчание	30232
фискальный	30231
австро	30230
нерешенный	30229
волшебница	30228
тег	30227
соучастник	30226
штанина	30225
бракосочетание	30224
судопроизводство	30223
самость	30222
румянцев	30221
неглупый	30220
оракула	30219
мадлен	30218
аэроплан	30217
доить	30216
стойко	30215
тысячный	30214
гиммлер	30213
придраться	30212
прыщ	30211
мордочка	30210
водородный	30209
неясность	30208
смертник	30207
впечатлить	30206
манан	30205
таллин	30204
неисчерпаемый	30203
синтезатор	30202
перекос	30201
обнимка	30200
репрессировать	30199
госсовет	30198
ав	30197
мерс	30196
ичего	30195
возбуждаться	30194
намечать	30193
оплошность	30192
исцелять	30191
докатиться	30190
постинг	30189
уместиться	30188
дональд	30187
демонстрационный	30186
априорный	30185
судорожный	30184
выздоравливать	30183
корить	30182
судак	30181
неэффективность	30180
отборочный	30179
брюнет	30178
волчок	30177
ягненок	30176
неосознанный	30175
подстраиваться	30174
облегать	30173
каштановый	30172
бронежилет	30171
межгосударственный	30170
усталь	30169
техногенный	30168
бюстгальтер	30167
мембрана	30166
внеочередной	30165
евгенио	30164
тётушка	30163
высокооплачиваемый	30162
отклониться	30161
асфальтовый	30160
первосвященник	30159
частушка	30158
черноволосый	30157
полупустой	30156
оуэн	30155
заядлый	30154
чернь	30153
бомбардировочный	30152
дел	30151
уступ	30150
трепаться	30149
перекличка	30148
уверение	30147
образовываться	30146
безответственность	30145
подогреть	30144
национализация	30143
порядочно	30142
контрацепция	30141
переполненный	30140
новоиспеченный	30139
нарекание	30138
броневик	30137
юрьев	30136
эволюционировать	30135
западня	30134
чтиво	30133
уда	30132
непрозрачный	30131
вышеназванный	30130
миротворческий	30129
ссадина	30128
смородина	30127
прерывистый	30126
романович	30125
человечий	30124
огласка	30123
всплеснуть	30122
самоконтроль	30121
конспирация	30120
абажур	30119
змейка	30118
воображаемый	30117
перст	30116
чуток	30115
померкнуть	30114
одержимость	30113
каламбур	30112
изобретательный	30111
поодиночке	30110
вернадский	30109
саул	30108
кат	30107
централизовать	30106
подстрелить	30105
утопический	30104
бух	30103
никифоров	30102
перетекать	30101
опекун	30100
свесить	30099
ефимов	30098
ударяться	30097
бац	30096
воссоздание	30095
лика	30094
безмятежно	30093
спектральный	30092
растопырить	30091
концентрированный	30090
химера	30089
времяпрепровождение	30088
мод	30087
многомерный	30086
бурятский	30085
зарычать	30084
бочонок	30083
отшвырнуть	30082
инквизитор	30081
незаконченный	30080
предупредительный	30079
хакерский	30078
обыденность	30077
ягуар	30076
отрекаться	30075
наклеить	30074
утирать	30073
кор	30072
отпереть	30071
переплетение	30070
делегировать	30069
разделаться	30068
турне	30067
меньшевик	30066
заемный	30065
надрываться	30064
лапоть	30063
ваучер	30062
тилли	30061
величать	30060
распределительный	30059
але	30058
одумать	30057
объяснительный	30056
алчность	30055
лион	30054
скиф	30053
металлург	30052
раскидать	30051
иваново	30050
поплакать	30049
булочная	30048
брожение	30047
электроэнергетика	30046
очиститься	30045
хорватия	30044
уоррен	30043
рихтер	30042
медведко	30041
приобщиться	30040
подозрительность	30039
ам	30038
ши	30037
газетка	30036
кипение	30035
отговаривать	30034
программка	30033
противопоказание	30032
раздражительный	30031
неинтересно	30030
маскарад	30029
подешеветь	30028
метить	30027
рубрик	30026
краснов	30025
лоу	30024
илларионов	30023
хелен	30022
наполеоновский	30021
стираться	30020
аннушка	30019
начистить	30018
шальной	30017
утаить	30016
покориться	30015
джигит	30014
яблочко	30013
подправить	30012
суперкомпьютер	30011
диспут	30010
акация	30009
подвальный	30008
дурдом	30007
лов	30006
богомолов	30005
приподнимать	30004
позже	30003
снотворное	30002
отмыть	30001
жизнеобеспечение	30000
чихнуть	29999
хлестаков	29998
циолковский	29997
безмерный	29996
протоиерей	29995
борька	29994
дороговизна	29993
подмышка	29992
просиживать	29991
голицын	29990
инфо	29989
таран	29988
прокурорский	29987
антитеррористический	29986
незадачливый	29985
сверчок	29984
тушь	29983
гувернантка	29982
пустошь	29981
олигархический	29980
заночевать	29979
пропагандист	29978
нп	29977
телерадиовещание	29976
управляемость	29975
иоганн	29974
зашифровать	29973
подвода	29972
язвительный	29971
кассирша	29970
квартет	29969
стелла	29968
аш	29967
очередность	29966
совок	29965
срастись	29964
джинсовый	29963
кафедральный	29962
мурлыкать	29961
стабилизировать	29960
заезжий	29959
хасан	29958
панин	29957
владик	29956
испечь	29955
мкад	29954
обертка	29953
брезентовый	29952
лязг	29951
деготь	29950
федерализм	29949
раскраснеться	29948
бублик	29947
молоть	29946
арье	29945
вскарабкаться	29944
валовый	29943
порнографический	29942
плодородие	29941
дионисий	29940
корифей	29939
затрещать	29938
трусить	29937
хобот	29936
обвить	29935
зайка	29934
таверна	29933
повреждать	29932
маменька	29931
редчайший	29930
категоричный	29929
тешить	29928
овация	29927
панацея	29926
прорезь	29925
отвлечение	29924
углерод	29923
выбрить	29922
приватный	29921
ленинградец	29920
гипсовый	29919
неисправный	29918
материалист	29917
тимофеев	29916
оворит	29915
демонический	29914
канализационный	29913
вентиляционный	29912
облететь	29911
шлак	29910
тамбовский	29909
рокоссовский	29908
отсвет	29907
выявиться	29906
циркулировать	29905
осипов	29904
леонард	29903
норвежец	29902
презумпция	29901
подтянутый	29900
довлатов	29899
прицепить	29898
оцепенеть	29897
обручальный	29896
выпрыгивать	29895
эгоистический	29894
пренебрежительно	29893
александровский	29892
плеск	29891
зверски	29890
искупление	29889
насыщать	29888
поделка	29887
неработающий	29886
усугубить	29885
вытворять	29884
пытливый	29883
букер	29882
потапов	29881
импровизировать	29880
витебск	29879
эсер	29878
тарасов	29877
вьюга	29876
долговой	29875
храп	29874
гитарный	29873
батлер	29872
шпора	29871
сорокалетний	29870
реформировать	29869
акаев	29868
ести	29867
озвучивать	29866
гнуться	29865
потомственный	29864
терри	29863
угнетенный	29862
пятнадцатилетний	29861
перегнуться	29860
подсвечник	29859
опрокидывать	29858
ту	29857
сгорание	29856
синод	29855
флагман	29854
кемеровский	29853
каренина	29852
тропка	29851
постмодернистский	29850
колонизация	29849
морфологический	29848
скальпель	29847
снискать	29846
продлевать	29845
базирование	29844
размеренный	29843
бредовый	29842
замести	29841
битлз	29840
полчище	29839
полутьма	29838
упряжка	29837
донна	29836
зашуметь	29835
ливия	29834
морис	29833
шило	29832
движка	29831
валери	29830
запинаться	29829
сид	29828
горилла	29827
десна	29826
упругость	29825
перекосить	29824
мосгордума	29823
александро	29822
обер	29821
хаотический	29820
вытолкнуть	29819
журчать	29818
заводский	29817
умиротворение	29816
согнать	29815
нервозность	29814
отточить	29813
вый	29812
возносить	29811
беготня	29810
чертить	29809
пикассо	29808
кишлак	29807
пресекать	29806
беспечно	29805
улан	29804
иннокентий	29803
травинка	29802
уставной	29801
новгородец	29800
вписывать	29799
зависать	29798
вертушка	29797
обреченно	29796
съезжать	29795
копенгаген	29794
сигаретный	29793
райцентр	29792
лаврентий	29791
увлеченно	29790
вредоносный	29789
унывать	29788
ассимиляция	29787
занизить	29786
агентура	29785
похолодеть	29784
невинно	29783
повествовательный	29782
сирийский	29781
пролепетать	29780
перетащить	29779
подкладывать	29778
сироп	29777
пьеро	29776
миловидный	29775
стенной	29774
мосье	29773
предикат	29772
средиземноморский	29771
подпереть	29770
невежда	29769
молодёжи	29768
браконьер	29767
натали	29766
куколка	29765
постелить	29764
непростительный	29763
засекретить	29762
презренный	29761
оперативность	29760
спиноза	29759
дивизионный	29758
миссионерский	29757
преамбула	29756
спица	29755
фельдфебель	29754
парадоксально	29753
колодка	29752
арина	29751
ячмень	29750
участиться	29749
объектный	29748
столыпин	29747
дотрагиваться	29746
кириллов	29745
неприглядный	29744
развеселить	29743
полонский	29742
всадить	29741
электросеть	29740
эксплуатационный	29739
рональд	29738
ссыльный	29737
рябь	29736
бисмарк	29735
калечить	29734
чинно	29733
бавария	29732
горячиться	29731
андерсон	29730
копирайт	29729
адвокатский	29728
несоблюдение	29727
добежать	29726
ло	29725
градация	29724
стульчик	29723
зареветь	29722
продаётся	29721
молодёжь	29720
выносливый	29719
остолбенеть	29718
дымный	29717
почтить	29716
устроитель	29715
полудюжина	29714
обожание	29713
неаполь	29712
семин	29711
идеологически	29710
домовой	29709
одуматься	29708
танит	29707
здрздраствовать	29706
желчь	29705
бунтовать	29704
залиться	29703
велимир	29702
кореш	29701
бормотание	29700
оставление	29699
усложнить	29698
блесна	29697
вышеописанный	29696
оплодотворение	29695
мишин	29694
тереться	29693
ладан	29692
кузмин	29691
ладожский	29690
блюдечко	29689
бычий	29688
красться	29687
тт	29686
латиноамериканский	29685
испаряться	29684
боулинг	29683
смольный	29682
бантик	29681
однотипный	29680
мери	29679
роланд	29678
остынуть	29677
фотон	29676
устойчиво	29675
маскироваться	29674
тамбов	29673
шива	29672
проделка	29671
моджахед	29670
капитулировать	29669
экстравагантный	29668
наложница	29667
мп	29666
автопилот	29665
приписка	29664
базисный	29663
противопоказанный	29662
дрессировка	29661
иезуит	29660
романист	29659
полегчать	29658
ободрить	29657
селекция	29656
изыск	29655
лили	29654
бесповоротно	29653
настояние	29652
петрунькин	29651
проскальзывать	29650
агентурный	29649
джихад	29648
углекислый	29647
наставить	29646
сказочник	29645
экзаменатор	29644
грохнуться	29643
изъявить	29642
фернандо	29641
авг	29640
ненавязчиво	29639
имущий	29638
сараев	29637
уноситься	29636
адлер	29635
лупа	29634
баллотироваться	29633
атлет	29632
штабель	29631
испытатель	29630
обзорный	29629
натереть	29628
сосредоточиваться	29627
металлолом	29626
засверкать	29625
ажурный	29624
арбалет	29623
пони	29622
заострить	29621
лучик	29620
ингушский	29619
кока	29618
гамильтон	29617
литвинов	29616
кувыркаться	29615
конфликтовать	29614
воодушевить	29613
яга	29612
кирь	29611
забавляться	29610
пожарник	29609
нагонять	29608
франчайзинг	29607
вольф	29606
новоявленный	29605
клэр	29604
отсылка	29603
перезагрузка	29602
поступь	29601
технарь	29600
остов	29599
смягчиться	29598
глазьев	29597
лосев	29596
блокбастер	29595
брюшной	29594
замминистра	29593
сморщиться	29592
горошек	29591
консультировать	29590
кушанье	29589
чум	29588
дупло	29587
женить	29586
разоблачать	29585
физтех	29584
тенистый	29583
вышивать	29582
сословный	29581
кишечный	29580
анечка	29579
прицеп	29578
долговязый	29577
единовременный	29576
эверест	29575
ветреный	29574
костин	29573
прерогатива	29572
лавра	29571
ателье	29570
молниеносно	29569
провёл	29568
вкушать	29567
пузатый	29566
оборонять	29565
промышлять	29564
неспешный	29563
звучащий	29562
поводить	29561
мерять	29560
съехаться	29559
нешуточный	29558
простыть	29557
выигрышный	29556
переломный	29555
эффектно	29554
заблужденье	29553
охранение	29552
стряхивать	29551
домишко	29550
усыпить	29549
повестись	29548
исследоваться	29547
надувной	29546
контактировать	29545
отвозить	29544
сердцебиение	29543
отпущение	29542
вытрезвитель	29541
исключительность	29540
оповестить	29539
леонато	29538
быстродействие	29537
сильвио	29536
щебетать	29535
заскрипеть	29534
сафронов	29533
соболев	29532
документально	29531
партийно	29530
указка	29529
телепрограмма	29528
выдыхать	29527
лакомый	29526
переспрашивать	29525
васенька	29524
средиземноморье	29523
пул	29522
пискнуть	29521
антракс	29520
попа	29519
приключенческий	29518
дудаев	29517
тахта	29516
костяк	29515
герр	29514
преклоняться	29513
скульптурный	29512
вакцинация	29511
эмаль	29510
чернышев	29509
орион	29508
межзвездный	29507
отвернуть	29506
отогнать	29505
неверующий	29504
живучий	29503
конвент	29502
ропот	29501
саныч	29500
заменитель	29499
звенящий	29498
цицерон	29497
межведомственный	29496
надувать	29495
предательский	29494
хреново	29493
электоральный	29492
конго	29491
скин	29490
великодушно	29489
сфотографироваться	29488
мессершмитт	29487
многомиллионный	29486
уединенный	29485
петропавловск	29484
актовый	29483
вик	29482
робеть	29481
ковылять	29480
чть	29479
государственно	29478
горница	29477
бездумно	29476
сгладить	29475
маршрутный	29474
дориан	29473
знаменовать	29472
сжигание	29471
адаптер	29470
довершение	29469
генсек	29468
завывать	29467
придвинуть	29466
мускулатура	29465
экзаменационный	29464
непопулярный	29463
косынка	29462
шендерович	29461
восхищенно	29460
конкретизировать	29459
пенза	29458
каторжный	29457
изжить	29456
идейно	29455
придержать	29454
феодализм	29453
увешать	29452
жилка	29451
дарение	29450
жужжание	29449
аршин	29448
модельер	29447
мэдисон	29446
многосторонний	29445
лепет	29444
канделак	29443
нелегально	29442
нерушимый	29441
застежка	29440
вьетнамец	29439
стэн	29438
лондо	29437
литейный	29436
ребёнком	29435
фабула	29434
феня	29433
неудержимо	29432
символичный	29431
нко	29430
помешанный	29429
ставня	29428
мон	29427
беспечность	29426
накупить	29425
леви	29424
втягиваться	29423
велосипедный	29422
упереть	29421
лизавета	29420
хладнокровие	29419
придвинуться	29418
мануфактура	29417
дить	29416
скотч	29415
восклицательный	29414
авторитаризм	29413
слагать	29412
циклон	29411
разнообразить	29410
постирать	29409
секундный	29408
возобновлять	29407
баптист	29406
яшка	29405
натюрморт	29404
настоятельный	29403
мочиться	29402
дрессировщик	29401
проханов	29400
фарш	29399
градостроительный	29398
чемберлен	29397
арон	29396
контр	29395
антиквариат	29394
замедляться	29393
гуманист	29392
ранец	29391
импонировать	29390
мотнуть	29389
сычев	29388
закашляться	29387
связный	29386
квартальный	29385
закипать	29384
пошарить	29383
врангель	29382
сладкое	29381
смирнова	29380
загранпаспорт	29379
статичный	29378
будоражить	29377
тюлень	29376
мясорубка	29375
отопительный	29374
главнейший	29373
легкомыслие	29372
ванда	29371
рупор	29370
реляционный	29369
потертый	29368
капельница	29367
чебоксары	29366
абрам	29365
трансцендентный	29364
опрашивать	29363
ухитряться	29362
шубка	29361
меркнуть	29360
декор	29359
стеснение	29358
обволакивать	29357
глушитель	29356
передаться	29355
заточение	29354
выборочный	29353
селиться	29352
шмель	29351
громоздиться	29350
маслов	29349
александрийский	29348
давка	29347
исподлобья	29346
растолковать	29345
кроссворд	29344
трясина	29343
тый	29342
привносить	29341
путный	29340
всесторонне	29339
гудвин	29338
хаджи	29337
взбить	29336
анатоль	29335
невнятно	29334
травля	29333
анатольевна	29332
ласт	29331
подконтрольный	29330
покрой	29329
киргизский	29328
трио	29327
чмокнуть	29326
умертвить	29325
госпитализировать	29324
трель	29323
савельев	29322
угон	29321
типографский	29320
ритмичный	29319
балканский	29318
придаток	29317
мазут	29316
зелёный	29315
керосиновый	29314
приемка	29313
трактирщик	29312
втыкать	29311
магатэ	29310
неудержимый	29309
антропологический	29308
обступить	29307
приготавливать	29306
директриса	29305
искоренить	29304
чемпионка	29303
магнат	29302
черствый	29301
ны	29300
попроситься	29299
удручать	29298
дуновение	29297
спиться	29296
безнаказанность	29295
укрывать	29294
бам	29293
пловец	29292
насытиться	29291
легально	29290
покопаться	29289
окупиться	29288
коронный	29287
цинично	29286
варежка	29285
перефразировать	29284
брезговать	29283
ранчо	29282
иноземец	29281
наст	29280
селезнев	29279
высылка	29278
васильева	29277
шиповник	29276
анжелика	29275
цементный	29274
кровопролитный	29273
баскетбольный	29272
рупия	29271
полтинник	29270
пластырь	29269
препод	29268
москвичка	29267
количественно	29266
никон	29265
челси	29264
радиограмма	29263
голубоглазый	29262
превентивный	29261
яшин	29260
дислокация	29259
карнавальный	29258
фак	29257
уединиться	29256
неопровержимый	29255
бергер	29254
безукоризненный	29253
тирада	29252
бесперебойный	29251
подсолнух	29250
покупательный	29249
осложнять	29248
перенимать	29247
дублирование	29246
бритье	29245
карибский	29244
тоо	29243
руденко	29242
эрозия	29241
марийский	29240
полистать	29239
колос	29238
агроном	29237
орошо	29236
звёзд	29235
воротить	29234
генетик	29233
талиб	29232
плачущий	29231
компакт	29230
твечать	29229
ханна	29228
лукин	29227
чужбина	29226
коррупционный	29225
вдумчивый	29224
лоджия	29223
апофеоз	29222
дезинформация	29221
изумруд	29220
вкусовой	29219
доброжелательно	29218
свидетельский	29217
суетливый	29216
сдуть	29215
лизнуть	29214
найт	29213
катамаран	29212
зек	29211
державин	29210
зеленка	29209
доброжелательность	29208
юренев	29207
отрегулировать	29206
рихард	29205
ккал	29204
отпугивать	29203
анапа	29202
распорядитель	29201
чёрной	29200
широкоформатный	29199
угловатый	29198
поверхностно	29197
прагматичный	29196
навряд	29195
казначей	29194
ибсен	29193
ежинька	29192
подопытный	29191
популярно	29190
аномальный	29189
македония	29188
синеть	29187
бальзак	29186
преграждать	29185
плеваться	29184
скольжение	29183
разочарованно	29182
загружаться	29181
храмовый	29180
невыразимый	29179
эйзенштейн	29178
святейший	29177
промывать	29176
вырез	29175
дискуссионный	29174
поправляться	29173
бурятия	29172
торшин	29171
зигмунд	29170
поёт	29169
кочегар	29168
винсент	29167
бритоголовый	29166
ртс	29165
упущение	29164
произрастать	29163
ермак	29162
зачаровать	29161
заратустра	29160
бишкек	29159
германец	29158
побросать	29157
ркка	29156
превосходящий	29155
малоимущий	29154
рено	29153
упорствовать	29152
намотать	29151
разумность	29150
погрязнуть	29149
порешить	29148
феодосий	29147
ность	29146
незваный	29145
аппетитный	29144
приветственный	29143
высохший	29142
величественно	29141
отпускной	29140
стыковка	29139
субботник	29138
подыматься	29137
сдернуть	29136
слюни	29135
контекстный	29134
дефицитный	29133
возводиться	29132
опрошенный	29131
полна	29130
зачеркнуть	29129
лазейка	29128
первопричина	29127
дюк	29126
приручить	29125
терзаться	29124
протестировать	29123
основывать	29122
ляжка	29121
чудотворец	29120
холодильный	29119
растерянный	29118
щемить	29117
адамович	29116
застегивать	29115
сообразительность	29114
нормандия	29113
библиографический	29112
субастик	29111
стружка	29110
налаживаться	29109
свая	29108
правнук	29107
володин	29106
дорожно	29105
усваиваться	29104
тяготить	29103
словцо	29102
сиделка	29101
провозглашение	29100
дискутировать	29099
переплести	29098
западнее	29097
прослушивать	29096
андеграунд	29095
ящичек	29094
умирание	29093
всеять	29092
кузя	29091
разлом	29090
егорович	29089
рамигор	29088
догорать	29087
углубить	29086
сопредседатель	29085
пересчет	29084
наблюдательность	29083
приседать	29082
импровизированный	29081
цельсий	29080
карабас	29079
шелуха	29078
заболевать	29077
вокзальный	29076
пневмония	29075
дель	29074
нелинейный	29073
изваяние	29072
двоичный	29071
седов	29070
подсовывать	29069
синхронно	29068
карась	29067
фехтование	29066
подводник	29065
уподобляться	29064
самоуважение	29063
узко	29062
вершить	29061
каспий	29060
отрада	29059
пятак	29058
молчаливо	29057
высмеивать	29056
возбудитель	29055
делание	29054
выследить	29053
прутковый	29052
руководимый	29051
вв	29050
принёс	29049
неприкосновенный	29048
отговорить	29047
Микро	29046
потускнеть	29045
заблестеть	29044
сеньора	29043
приоткрыться	29042
кай	29041
шерлок	29040
боле	29039
рецидив	29038
притон	29037
приднестровский	29036
разговорчивый	29035
полсотни	29034
жестикулировать	29033
борозда	29032
димон	29031
клод	29030
антрополог	29029
барахтаться	29028
ранимый	29027
прислонить	29026
отдаляться	29025
заселение	29024
сема	29023
рационально	29022
разниться	29021
засиять	29020
народно	29019
геракл	29018
сносный	29017
апк	29016
бастион	29015
гвоздик	29014
непреходящий	29013
медведица	29012
получка	29011
сцепить	29010
обрастать	29009
сыро	29008
полукруг	29007
пикировать	29006
наличествовать	29005
пороховой	29004
омоновец	29003
отговорка	29002
распуститься	29001
зать	29000
непроизвольный	28999
майами	28998
высаживать	28997
рогатка	28996
саперный	28995
канифоль	28994
немедля	28993
сторониться	28992
ощупать	28991
изнемогать	28990
вкладка	28989
смайлик	28988
скитание	28987
прорубь	28986
внебюджетный	28985
зурабов	28984
городовой	28983
оправданый	28982
изможденный	28981
кроссовка	28980
мучитель	28979
наперекор	28978
малер	28977
обивка	28976
госпитализация	28975
истошный	28974
блэр	28973
гобечия	28972
черновой	28971
недооценить	28970
кембридж	28969
брянск	28968
съемный	28967
янек	28966
агеев	28965
останкино	28964
серость	28963
прагматик	28962
благосклонность	28961
слежение	28960
анька	28959
пенять	28958
спалить	28957
банкомат	28956
стояние	28955
министерский	28954
стереться	28953
сортировать	28952
синтия	28951
диверсионный	28950
потайной	28949
восхититься	28948
шарлатан	28947
загадать	28946
свестись	28945
смыкаться	28944
подступить	28943
столяр	28942
кузница	28941
экспериментально	28940
джеффри	28939
раздевать	28938
перепрыгивать	28937
обругать	28936
информатор	28935
грациозный	28934
леля	28933
высасывать	28932
обрабатываться	28931
тить	28930
зубов	28929
телепат	28928
разрушиться	28927
выверить	28926
прибавляться	28925
красивейший	28924
методист	28923
импотенция	28922
страдалец	28921
заклинать	28920
полый	28919
мерцание	28918
симпсон	28917
утомление	28916
замер	28915
фьючерс	28914
фердинанд	28913
шостакович	28912
танцующий	28911
префект	28910
филарет	28909
охнуть	28908
голень	28907
киркоров	28906
ретироваться	28905
запрыгнуть	28904
развлечь	28903
рябина	28902
образчик	28901
генный	28900
предо	28899
невесомый	28898
аллюзия	28897
полицай	28896
корневой	28895
контрреволюция	28894
затмить	28893
козловский	28892
единоросс	28891
малолетка	28890
прописывать	28889
нерадивый	28888
преуспевать	28887
лисий	28886
широкоплечий	28885
перевестись	28884
руина	28883
человечный	28882
жердь	28881
рэп	28880
помолвка	28879
изумительно	28878
трофим	28877
привыкание	28876
воспеть	28875
нон	28874
извести	28873
плав	28872
кравченко	28871
аккаунт	28870
костяшка	28869
преспокойно	28868
молотить	28867
мистик	28866
предвестник	28865
ульяновск	28864
авторучка	28863
всерьёз	28862
краеугольный	28861
тикать	28860
съежиться	28859
скапливаться	28858
апостольский	28857
мальцев	28856
менделеев	28855
товарищеский	28854
восторгаться	28853
зацепка	28852
регулярность	28851
жизнеспособность	28850
высоченный	28849
растворимый	28848
геро	28847
хладнокровный	28846
нюр	28845
жалюзи	28844
пядь	28843
антоний	28842
заклинить	28841
мелочный	28840
контрагент	28839
телесериал	28838
датчанин	28837
левша	28836
явствовать	28835
растрогать	28834
ненаглядный	28833
доверительно	28832
мышиный	28831
глазница	28830
жилетка	28829
проектировщик	28828
обнаглеть	28827
блюсти	28826
слякоть	28825
берн	28824
сравниваться	28823
фиг	28822
наслушаться	28821
охлаждать	28820
самоцель	28819
затыкать	28818
таймер	28817
стихийно	28816
толика	28815
леннон	28814
син	28813
полумесяц	28812
изготавливаться	28811
верховье	28810
вешаться	28809
хилл	28808
отполировать	28807
евросеть	28806
элли	28805
трамплин	28804
полутемный	28803
подпирать	28802
шелохнуться	28801
штук	28800
кружева	28799
козлы	28798
люцифер	28797
покушаться	28796
личина	28795
одиссей	28794
восхвалять	28793
лунник	28792
папоротник	28791
хвоя	28790
обоснованность	28789
перечеркнуть	28788
дерзко	28787
бомбометание	28786
скидывать	28785
глинка	28784
планшет	28783
сухость	28782
скрытный	28781
зажим	28780
органически	28779
отвоевать	28778
засомневаться	28777
заслуженный	28776
просчитывать	28775
экстракт	28774
диспансер	28773
среднесрочный	28772
вбирать	28771
бережный	28770
загрязнять	28769
дребезжать	28768
банально	28767
калейдоскоп	28766
харрисон	28765
рассечь	28764
сходу	28763
расцветка	28762
мул	28761
планер	28760
гимназист	28759
капризничать	28758
барри	28757
дели	28756
подохнуть	28755
вышина	28754
ямать	28753
подвижник	28752
неприметный	28751
репетитор	28750
агитатор	28749
раскаяться	28748
пабло	28747
бельгиец	28746
скобелев	28745
филиппины	28744
партер	28743
чудотворный	28742
эталонный	28741
карантин	28740
конвертировать	28739
безвестный	28738
монолитный	28737
герберт	28736
перегнать	28735
расщелина	28734
неполадка	28733
пробежка	28732
непредсказуемость	28731
старательный	28730
превалировать	28729
охать	28728
автолюбитель	28727
скок	28726
зачисление	28725
мейсон	28724
освящение	28723
месиво	28722
колчака	28721
резвый	28720
профессорский	28719
фотоальбом	28718
пингвин	28717
выплывать	28716
лазурный	28715
гарантированно	28714
нотация	28713
инженерия	28712
доверху	28711
помилование	28710
чуткость	28709
черепица	28708
разить	28707
успеваемость	28706
кованый	28705
телесность	28704
предварять	28703
богатырский	28702
ирод	28701
угробить	28700
растирать	28699
природопользование	28698
забронировать	28697
закидывать	28696
изверг	28695
подвозить	28694
абдулла	28693
растопить	28692
филадельфия	28691
сосулька	28690
взросление	28689
напирать	28688
взиматься	28687
пожарский	28686
гадить	28685
неправомерный	28684
насадить	28683
истеричный	28682
опустошение	28681
стабилизироваться	28680
диско	28679
отмель	28678
московия	28677
ридольфо	28676
обострить	28675
незабвенный	28674
убойный	28673
качка	28672
расплавить	28671
антураж	28670
перестраивать	28669
телепатический	28668
смочить	28667
бицепс	28666
аурелиано	28665
безвкусный	28664
овд	28663
дорожать	28662
орхидея	28661
немножечко	28660
блевать	28659
удаётся	28658
виснуть	28657
завертеться	28656
домочадец	28655
егорыч	28654
шейный	28653
изнанка	28652
нахмурить	28651
расческа	28650
сартр	28649
роптать	28648
ютиться	28647
нахальный	28646
экскурс	28645
олений	28644
ловец	28643
донимать	28642
бамбук	28641
скакун	28640
титанический	28639
бегун	28638
синица	28637
подвигнуть	28636
оглохнуть	28635
грызун	28634
импотент	28633
сталкер	28632
приправа	28631
помять	28630
сапожок	28629
противопожарный	28628
новаторский	28627
гун	28626
афанасьев	28625
изводить	28624
аэроклуб	28623
перепробовать	28622
джемс	28621
черточка	28620
переполох	28619
зодчий	28618
долевой	28617
аманда	28616
ученический	28615
сместиться	28614
исподволь	28613
заколдованный	28612
авоська	28611
переименование	28610
расстелить	28609
рауль	28608
хозяйничать	28607
пищеварительный	28606
родолжать	28605
оправданный	28604
стриженый	28603
протрезветь	28602
тягость	28601
бяка	28600
солидно	28599
зонд	28598
закалка	28597
караковский	28596
ограждать	28595
днестр	28594
вволю	28593
насовсем	28592
крякнуть	28591
соя	28590
обескуражить	28589
выпрашивать	28588
ворочать	28587
ребятки	28586
озвереть	28585
зубок	28584
якутский	28583
плющ	28582
взбунтоваться	28581
джинни	28580
уколоть	28579
аудиенция	28578
англичанка	28577
сигизмунд	28576
сочинитель	28575
зажигаться	28574
откашляться	28573
непреложный	28572
безответный	28571
супружество	28570
бть	28569
протащить	28568
аптечный	28567
неугомонный	28566
делопроизводство	28565
втиснуть	28564
погрозить	28563
неоправданный	28562
помпа	28561
вахтер	28560
клеопатра	28559
сталинизм	28558
ищущий	28557
речушка	28556
дьякон	28555
кювет	28554
политология	28553
смокинг	28552
тихонечко	28551
астахов	28550
проливной	28549
статейка	28548
чернильный	28547
ост	28546
пульсация	28545
рационализм	28544
контрастность	28543
символически	28542
людный	28541
кенгуру	28540
распирать	28539
сатанизм	28538
пронзать	28537
дугин	28536
тат	28535
рейган	28534
подстроить	28533
поститься	28532
монотонно	28531
кронштадтский	28530
допытываться	28529
вылечиться	28528
беликов	28527
сионистский	28526
выровнять	28525
амортизация	28524
акциз	28523
наказываться	28522
ответвление	28521
моментальный	28520
ходасевич	28519
шредер	28518
невербальный	28517
ринат	28516
ознаменовать	28515
первородный	28514
неистребимый	28513
стыдливо	28512
кинескоп	28511
многофункциональный	28510
дэ	28509
фгуп	28508
трудоспособный	28507
бан	28506
чехословацкий	28505
антифашистский	28504
согласованность	28503
поверженный	28502
гениталии	28501
помахивать	28500
саботаж	28499
киль	28498
зашёл	28497
сонно	28496
потрескивать	28495
инь	28494
домогательство	28493
завистливый	28492
отстранение	28491
укатить	28490
папирус	28489
хворост	28488
запрыгать	28487
свидетельница	28486
логистический	28485
вонзиться	28484
оформиться	28483
способа	28482
ненормативный	28481
бесперспективный	28480
заторопиться	28479
пополудни	28478
антивирус	28477
козий	28476
никонов	28475
орфографический	28474
редакторский	28473
мучаться	28472
аккомпанемент	28471
чёрного	28470
пифагор	28469
плавучий	28468
жираф	28467
демонстративный	28466
результативный	28465
доставляться	28464
рерих	28463
шпана	28462
нецелесообразный	28461
можа	28460
лёха	28459
никотин	28458
манифестация	28457
подспорье	28456
авиалиния	28455
газданов	28454
смягчение	28453
самсон	28452
опустошать	28451
диверсификация	28450
сыпь	28449
облечь	28448
вишь	28447
смерч	28446
приковывать	28445
немытый	28444
баронесса	28443
виновность	28442
долголетие	28441
встревожиться	28440
недостоверный	28439
томин	28438
гарик	28437
несовместимость	28436
норман	28435
мигель	28434
буран	28433
такою	28432
верстка	28431
вербовка	28430
смеркаться	28429
демонстрант	28428
переменяться	28427
доесть	28426
сумеречный	28425
халтура	28424
психотропный	28423
раздвоение	28422
волеизъявление	28421
радушно	28420
клевый	28419
невесело	28418
доброжелатель	28417
либидо	28416
торпедный	28415
неровность	28414
тайваньский	28413
полноценно	28412
щиток	28411
сонливость	28410
политико	28409
злокачественный	28408
стукач	28407
правоотношение	28406
одер	28405
замышлять	28404
петропавловский	28403
филатов	28402
та	28401
фасоль	28400
поежиться	28399
поджог	28398
безбрежный	28397
опытно	28396
склероз	28395
проскакивать	28394
пайка	28393
линк	28392
селянин	28391
компиляция	28390
еси	28389
доезжать	28388
томской	28387
перипетия	28386
мышеловка	28385
банкрот	28384
брук	28383
брякнуть	28382
похищать	28381
капелла	28380
озаботиться	28379
дюма	28378
ходатайствовать	28377
нежданный	28376
лопасть	28375
свора	28374
индексация	28373
перестраиваться	28372
льготник	28371
изливать	28370
пту	28369
трофимов	28368
принадлежащий	28367
просветленный	28366
нипочем	28365
годность	28364
батенька	28363
государев	28362
возмутительный	28361
соболь	28360
штаты	28359
цюрих	28358
ротация	28357
эмоциональность	28356
ковш	28355
кувейт	28354
сажа	28353
неугодный	28352
неодолимый	28351
несовпадение	28350
самообман	28349
дудка	28348
выпирать	28347
финмаркет	28346
белгород	28345
потихонечку	28344
родинка	28343
намеренный	28342
консультироваться	28341
пикирование	28340
страшилка	28339
посейдон	28338
отсекать	28337
расступиться	28336
закапывать	28335
подкуп	28334
замешкаться	28333
земство	28332
призывной	28331
астрологический	28330
постоялый	28329
расщепление	28328
пировать	28327
сигнализировать	28326
главком	28325
демос	28324
дюна	28323
ускоряться	28322
манн	28321
платьице	28320
податливый	28319
упк	28318
затечь	28317
тристан	28316
чакра	28315
поверье	28314
оповещение	28313
гамак	28312
тактично	28311
похудение	28310
фантастически	28309
всячина	28308
авиабилет	28307
липецкий	28306
хи	28305
самозабвенно	28304
искоренение	28303
пиршество	28302
муромец	28301
скалли	28300
румын	28299
острог	28298
испытанный	28297
благоверный	28296
писец	28295
расчетливый	28294
навевать	28293
овечка	28292
перелетать	28291
кожура	28290
недоверчивый	28289
паства	28288
сионизм	28287
нечаев	28286
мими	28285
навязываться	28284
родоначальник	28283
белкин	28282
непревзойденный	28281
дубленка	28280
озадаченно	28279
несравненный	28278
говард	28277
зловонный	28276
замелькать	28275
обоснованно	28274
финляндский	28273
ставрополь	28272
геройский	28271
шо	28270
скупить	28269
общеевропейский	28268
породистый	28267
неотвратимый	28266
посмертно	28265
секундочка	28264
отдернуть	28263
давнишний	28262
впрок	28261
расписываться	28260
карелин	28259
хуйня	28258
причинность	28257
описательный	28256
переоценивать	28255
буйство	28254
чижов	28253
починок	28252
эраст	28251
потрескаться	28250
гениально	28249
полюбопытствовать	28248
босния	28247
владычество	28246
центнер	28245
героически	28244
анка	28243
томпсон	28242
вбивать	28241
заклад	28240
реформация	28239
просрочить	28238
двина	28237
инициация	28236
списание	28235
булькать	28234
обслужить	28233
балаган	28232
наукоемкий	28231
наголо	28230
сф	28229
проселочный	28228
обозревать	28227
кент	28226
окаянный	28225
лань	28224
двусмысленность	28223
несбыточный	28222
полотнище	28221
безукоризненно	28220
аэробика	28219
цой	28218
развратный	28217
похлебка	28216
чистяков	28215
устно	28214
подстройка	28213
скандинавия	28212
дунуть	28211
раскусить	28210
кристаллический	28209
эльдорадо	28208
поманить	28207
слот	28206
полминута	28205
предохранять	28204
аркадьевич	28203
собиратель	28202
концессионный	28201
слуцкий	28200
сентенция	28199
норильск	28198
загораживать	28197
полли	28196
функционер	28195
лоскут	28194
выкатиться	28193
врозь	28192
приостановление	28191
срать	28190
расстилаться	28189
сепаратизм	28188
кемаль	28187
композиционный	28186
спячка	28185
фломастер	28184
осязаемый	28183
гелий	28182
нескромный	28181
отгадать	28180
тихомиров	28179
размахнуться	28178
инфантильный	28177
обостряться	28176
присваиваться	28175
раскалываться	28174
пороть	28173
лизка	28172
разброс	28171
классицизм	28170
чипсы	28169
стаскивать	28168
комиссариат	28167
несказанно	28166
концессия	28165
ткнуться	28164
экранный	28163
переиграть	28162
громовой	28161
кефирчик	28160
аптекарь	28159
летальный	28158
благосклонный	28157
каменщик	28156
стеснять	28155
нераспространение	28154
корсет	28153
почитаться	28152
баранина	28151
прораб	28150
эмир	28149
провернуть	28148
крематорий	28147
челка	28146
слезинка	28145
крутизна	28144
кум	28143
сетчатка	28142
перескочить	28141
сисадмин	28140
демонтаж	28139
парторг	28138
исковый	28137
обдать	28136
кастро	28135
соотносить	28134
милейший	28133
владелица	28132
мега	28131
сер	28130
бутон	28129
шаляпин	28128
завуч	28127
неумело	28126
зимовать	28125
нечестивый	28124
прокофьев	28123
лицезреть	28122
никулин	28121
неукоснительно	28120
нельсон	28119
понапрасну	28118
фанатичный	28117
модернизм	28116
поспешность	28115
умерить	28114
тайсон	28113
низкорослый	28112
втянуться	28111
перелив	28110
разрыдаться	28109
множественность	28108
башкирский	28107
средоточие	28106
беспрекословно	28105
гортань	28104
гарвардский	28103
деканат	28102
ареал	28101
противозаконный	28100
посетовать	28099
козни	28098
рубен	28097
убиваться	28096
правообладатель	28095
двухметровый	28094
хоровой	28093
штурмовый	28092
вузовский	28091
напрямик	28090
плевок	28089
позорить	28088
априори	28087
талантливо	28086
раскладка	28085
беркли	28084
вывернуться	28083
закатиться	28082
заигрывать	28081
всмотреться	28080
сузить	28079
ретро	28078
клеймить	28077
материализоваться	28076
портье	28075
проректор	28074
нотный	28073
расчленение	28072
проворный	28071
колбаска	28070
знаменатель	28069
холера	28068
ремесленный	28067
спусковой	28066
струсить	28065
поразмышлять	28064
разозлить	28063
перевоплощение	28062
созидать	28061
майдан	28060
швейк	28059
казбек	28058
проволочка	28057
номинал	28056
ввязаться	28055
невропатолог	28054
синклер	28053
миролюбивый	28052
неизгладимый	28051
наследница	28050
злодейство	28049
авать	28048
лосниться	28047
клюква	28046
потренироваться	28045
надуманный	28044
твердь	28043
млечный	28042
умозрительный	28041
пать	28040
мирянин	28039
барашек	28038
мартини	28037
кортеж	28036
бита	28035
мразь	28034
смести	28033
планомерный	28032
бессовестный	28031
вспыльчивый	28030
покарать	28029
моллюск	28028
переливание	28027
максимилиан	28026
рябов	28025
грааль	28024
терпкий	28023
ошалеть	28022
мерно	28021
матросский	28020
горн	28019
пм	28018
напороться	28017
захарович	28016
доминант	28015
умеренность	28014
це	28013
серов	28012
конфиденциальность	28011
ввязываться	28010
опутать	28009
оглашать	28008
совестно	28007
поработить	28006
побоище	28005
суррогат	28004
рд	28003
игоревна	28002
кавалерист	28001
заколебаться	28000
кэть	27999
козырев	27998
изъясняться	27997
таганрог	27996
элвис	27995
развлечься	27994
неодобрительно	27993
геморрой	27992
сановник	27991
приобщить	27990
кириенко	27989
мичман	27988
бушлат	27987
потрясающий	27986
дог	27985
членский	27984
байкальский	27983
погостить	27982
головина	27981
предвоенный	27980
регина	27979
штанишки	27978
поволочь	27977
цветастый	27976
эстер	27975
цинк	27974
петлица	27973
отчитаться	27972
сганарель	27971
отмерить	27970
безруков	27969
ксерокс	27968
локализовать	27967
прачечная	27966
неисчислимый	27965
разносторонний	27964
насмехаться	27963
бетти	27962
перенесение	27961
князев	27960
декламировать	27959
порознь	27958
отчёт	27957
артемида	27956
костюмчик	27955
выемка	27954
раздражительность	27953
ржд	27952
налоговик	27951
выпечка	27950
беговой	27949
могилка	27948
естественнонаучный	27947
налиться	27946
георгиевна	27945
выноситься	27944
средне	27943
рейка	27942
запал	27941
научение	27940
чужеземец	27939
осознаваться	27938
сенсор	27937
подлетать	27936
савелий	27935
неутешительный	27934
доморощенный	27933
идеалистический	27932
ущемлять	27931
противоречивость	27930
ватсон	27929
шишкин	27928
вакантный	27927
пилотный	27926
неслучайно	27925
стабфонд	27924
товарно	27923
активация	27922
сознательность	27921
доверчиво	27920
шимпанзе	27919
беггер	27918
низы	27917
болванка	27916
самомнение	27915
плетень	27914
барокко	27913
распространенность	27912
цензурный	27911
таинственность	27910
копоть	27909
кирка	27908
иордания	27907
куранты	27906
неузнаваемость	27905
горчица	27904
неуемный	27903
твц	27902
харя	27901
благосклонно	27900
зорко	27899
заслуженно	27898
вожжа	27897
липецк	27896
первоклассник	27895
сопливый	27894
кулинария	27893
распускаться	27892
нимало	27891
вопиять	27890
телевизионщик	27889
хемингуэй	27888
прибыльность	27887
атлетика	27886
длинноногий	27885
денежка	27884
прорасти	27883
бездействовать	27882
поплавок	27881
натрий	27880
попович	27879
рид	27878
отлучиться	27877
дисковод	27876
лимонад	27875
копна	27874
первокурсник	27873
спецназовец	27872
успокоительный	27871
эльфийский	27870
извилина	27869
оценщик	27868
ловиться	27867
шевчук	27866
прятки	27865
небезызвестный	27864
скептический	27863
кин	27862
ангара	27861
наболеть	27860
вокалист	27859
ладный	27858
экономный	27857
подбодрить	27856
итать	27855
бильярдный	27854
непосвященный	27853
львовский	27852
искушенный	27851
волчица	27850
акунин	27849
бидон	27848
переосмысление	27847
удовлетворительно	27846
корней	27845
перегар	27844
нашуметь	27843
сенька	27842
лодочка	27841
хрестоматия	27840
привидеться	27839
холодность	27838
долларовый	27837
лепетать	27836
излечить	27835
ного	27834
мультимедиа	27833
пожевать	27832
ослеплять	27831
совладелец	27830
соучастие	27829
сносно	27828
стек	27827
сват	27826
беспамятство	27825
холли	27824
лирик	27823
хренов	27822
технико	27821
убежденно	27820
нуждающийся	27819
исполинский	27818
гарнитур	27817
вывалить	27816
допивать	27815
репродуктор	27814
перегореть	27813
отгородить	27812
потаенный	27811
перепечатать	27810
нимфа	27809
похлопывать	27808
блокадный	27807
прорычать	27806
закатать	27805
сморщенный	27804
близорукий	27803
шабаш	27802
ашот	27801
альтруизм	27800
маршрутизатор	27799
спарта	27798
воспроизводиться	27797
сатаров	27796
примоститься	27795
изумить	27794
толь	27793
уплотнение	27792
голубка	27791
петренко	27790
ллойд	27789
проглатывать	27788
накачать	27787
перелететь	27786
циркуляция	27785
идеализировать	27784
конструктивно	27783
нахал	27782
аргентинский	27781
святая	27780
ершов	27779
совершеннолетие	27778
задор	27777
симбиоз	27776
насильственно	27775
обуза	27774
штиль	27773
гладиатор	27772
многогранный	27771
викторина	27770
всходить	27769
торжественность	27768
бакинский	27767
компромиссный	27766
благодарно	27765
ратуша	27764
мфть	27763
омега	27762
сатанист	27761
читинский	27760
прохор	27759
люфтваффе	27758
бальмонт	27757
рокер	27756
известь	27755
нередкий	27754
заполонить	27753
меценат	27752
путевой	27751
нарцисс	27750
вонзить	27749
ворчун	27748
спамер	27747
договорный	27746
шутов	27745
обезвредить	27744
апгрейд	27743
прога	27742
курчавый	27741
чукотка	27740
куропатка	27739
раздельно	27738
экстраординарный	27737
волкодав	27736
безумство	27735
суслик	27734
натан	27733
завиток	27732
эр	27731
содеять	27730
понизиться	27729
досадно	27728
блеклый	27727
спонсорский	27726
угораздить	27725
развязывать	27724
хрустнуть	27723
бездетный	27722
организованность	27721
погреться	27720
седеть	27719
аминокислота	27718
толста	27717
весточка	27716
развеяться	27715
пенсне	27714
щербаков	27713
юта	27712
заражать	27711
опознание	27710
неоднородный	27709
отодвигаться	27708
ветхозаветный	27707
обшить	27706
чить	27705
дрыхнуть	27704
веня	27703
перестроиться	27702
подивиться	27701
поцеловаться	27700
затерять	27699
антуан	27698
зябко	27697
печенка	27696
уилсон	27695
сарафан	27694
недопущение	27693
монашка	27692
нанотехнология	27691
мешаться	27690
сузиться	27689
рассмешить	27688
уловимый	27687
изгнанник	27686
дробный	27685
испокон	27684
настороженный	27683
председательствовать	27682
выбыть	27681
статный	27680
зак	27679
белочка	27678
элегантно	27677
происки	27676
загрязнить	27675
рейтер	27674
подкрадываться	27673
допоздна	27672
пущий	27671
безрадостный	27670
битрикс	27669
серный	27668
антракт	27667
брокерский	27666
вещичка	27665
судебно	27664
дженнифер	27663
подскакивать	27662
модема	27661
компьюлента	27660
щебень	27659
досаждать	27658
од	27657
вольт	27656
газетчик	27655
коломна	27654
сигналить	27653
суровость	27652
ирвин	27651
поседеть	27650
сгрудиться	27649
освещенность	27648
проломить	27647
обьяснить	27646
злить	27645
облачение	27644
жратва	27643
догматический	27642
доделать	27641
овал	27640
подачка	27639
манный	27638
браниться	27637
загадывать	27636
маркин	27635
укорять	27634
починка	27633
голль	27632
пахучий	27631
блудный	27630
высокоразвитый	27629
шутя	27628
мережковский	27627
помотать	27626
грелка	27625
хроник	27624
предрассветный	27623
мейер	27622
затулин	27621
выготский	27620
донецкий	27619
емельянов	27618
активировать	27617
искалечить	27616
венерический	27615
шариковый	27614
сундучок	27613
шуршание	27612
потроха	27611
рокот	27610
диаметрально	27609
прибежище	27608
вешняков	27607
взбрести	27606
благоговейный	27605
целеустремленный	27604
дублер	27603
ехидный	27602
дёшево	27601
овсянка	27600
златоуст	27599
ариэль	27598
смоделировать	27597
лаз	27596
здраво	27595
разрушитель	27594
ксерокопия	27593
долговый	27592
перевооружение	27591
папский	27590
ахать	27589
пригоршня	27588
макаренко	27587
некролог	27586
дрин	27585
лазарет	27584
поршень	27583
сл	27582
усаживать	27581
субмарина	27580
полушубок	27579
подворье	27578
ненастоящий	27577
едь	27576
кинорежиссер	27575
одерживать	27574
бескорыстно	27573
фонетический	27572
напутствие	27571
визирь	27570
щекотливый	27569
ждём	27568
втащить	27567
всяко	27566
порываться	27565
кедр	27564
прения	27563
деликатность	27562
панихида	27561
дерек	27560
мухомор	27559
гавриил	27558
люциус	27557
начеку	27556
гнездовье	27555
гудение	27554
скрижаль	27553
антонова	27552
накатать	27551
баз	27550
организаторский	27549
кирпичик	27548
дрозд	27547
предрекать	27546
филиппович	27545
тухлый	27544
интервент	27543
госдепартамент	27542
мариинский	27541
аллегория	27540
сейм	27539
франс	27538
одернуть	27537
тумба	27536
судовой	27535
сотник	27534
предосудительный	27533
гамов	27532
неуязвимый	27531
чокнутый	27530
незатейливый	27529
атеистический	27528
борисыч	27527
расшифровывать	27526
фомин	27525
оттолкнуться	27524
сальный	27523
морж	27522
замкнутость	27521
изотоп	27520
послесловие	27519
мангуста	27518
равноценный	27517
трехкомнатный	27516
аскар	27515
ида	27514
дезертир	27513
кочевой	27512
перекочевать	27511
блюститель	27510
восточнее	27509
прииск	27508
ободрять	27507
алчный	27506
задвинуть	27505
гор	27504
кувалда	27503
партком	27502
кулек	27501
бриз	27500
флобер	27499
сверять	27498
создаёт	27497
сить	27496
интеллигентский	27495
менструальный	27494
свирепо	27493
рош	27492
толстенный	27491
пн	27490
автоваз	27489
волонтер	27488
иеремия	27487
ископаемый	27486
невозможное	27485
аутсайдер	27484
лайза	27483
пребыть	27482
вселиться	27481
посыл	27480
имманентный	27479
ирен	27478
семеныч	27477
батурин	27476
темя	27475
бычков	27474
накатывать	27473
сточный	27472
справить	27471
заводной	27470
градусник	27469
фонтанка	27468
молочко	27467
теологический	27466
прикрыться	27465
колдовать	27464
леденец	27463
расцениваться	27462
скачивать	27461
нинка	27460
ультразвуковой	27459
разумихин	27458
отгрузка	27457
армада	27456
северус	27455
антисемитский	27454
портер	27453
эля	27452
обелиск	27451
транспарант	27450
коротать	27449
беня	27448
шантажировать	27447
заминка	27446
преобразить	27445
перегиб	27444
бездарность	27443
придаваться	27442
софа	27441
крепить	27440
завязываться	27439
прабабушка	27438
сведущий	27437
лазать	27436
говорение	27435
низина	27434
экскурсионный	27433
штатив	27432
перескакивать	27431
дпс	27430
перекатываться	27429
харизма	27428
ознаменоваться	27427
плейер	27426
сценарный	27425
памятовать	27424
язвительно	27423
дрейф	27422
лыжня	27421
дэнни	27420
строчить	27419
рельефный	27418
гпу	27417
растворение	27416
императив	27415
резник	27414
райс	27413
карат	27412
ранка	27411
орхан	27410
противозачаточный	27409
сопля	27408
малиновский	27407
крен	27406
неисполнение	27405
миледи	27404
пилотка	27403
девальвация	27402
напев	27401
считывать	27400
страус	27399
переломать	27398
студенчество	27397
посольский	27396
заесть	27395
дотошный	27394
махмуд	27393
прекраснейший	27392
изгибаться	27391
неповоротливый	27390
губной	27389
лужица	27388
оплачиваемый	27387
пристройка	27386
чернильница	27385
полька	27384
высотка	27383
барби	27382
укоротить	27381
дайджест	27380
нюх	27379
петиция	27378
партитура	27377
томатный	27376
ладога	27375
кровоточить	27374
оскалить	27373
адаптивный	27372
мучать	27371
даниэль	27370
шиллер	27369
неоновый	27368
сева	27367
пуповина	27366
текстовой	27365
прикинуться	27364
разбрестись	27363
мура	27362
взъерошить	27361
феодор	27360
чахлый	27359
пасько	27358
желудочный	27357
выдергивать	27356
патрулировать	27355
вышеприведенный	27354
иронизировать	27353
сувенирный	27352
сода	27351
проткнуть	27350
бежевый	27349
скользящий	27348
гам	27347
потребительный	27346
корректор	27345
фужер	27344
отрывисто	27343
тревожность	27342
закачаться	27341
замаскированный	27340
особняком	27339
ненец	27338
уэльс	27337
гринуэй	27336
сопроводить	27335
рыжик	27334
оборванный	27333
показной	27332
вырождение	27331
подарочный	27330
умать	27329
слезиться	27328
ошо	27327
паранойя	27326
карп	27325
требовательность	27324
портянка	27323
аутентификация	27322
органичный	27321
языкознание	27320
модульный	27319
аша	27318
разгружать	27317
львица	27316
гроссмейстер	27315
берло	27314
оживляться	27313
пряность	27312
фидель	27311
консульский	27310
перевешивать	27309
сопроводительный	27308
крушить	27307
политтехнолог	27306
ботаник	27305
баритон	27304
бернард	27303
нейтрализация	27302
кпд	27301
ломоть	27300
бронетанковый	27299
грубить	27298
веселость	27297
озимый	27296
сбавить	27295
метаболизм	27294
вселить	27293
вразумительный	27292
дыховичный	27291
легкомысленно	27290
смекалка	27289
шотландец	27288
бьянка	27287
подпустить	27286
донбасс	27285
испить	27284
дородный	27283
сгуститься	27282
фи	27281
гадина	27280
провиант	27279
лещ	27278
мекка	27277
флагманский	27276
адресоваться	27275
внешнеторговый	27274
затратный	27273
лукавство	27272
вынужденно	27271
шовинизм	27270
помрачнеть	27269
эрос	27268
пессимистический	27267
черниговский	27266
кандагар	27265
принудительно	27264
протяжно	27263
доподлинно	27262
совещаться	27261
загодя	27260
зарубить	27259
сборочный	27258
донельзя	27257
сво	27256
погодя	27255
бочок	27254
реализовываться	27253
буде	27252
афера	27251
топология	27250
смаковать	27249
руны	27248
оступиться	27247
чать	27246
посад	27245
гостинец	27244
неопытность	27243
заплата	27242
перемежаться	27241
прозреть	27240
преклонение	27239
незамысловатый	27238
переселить	27237
тверский	27236
комнатушка	27235
снайперский	27234
рабовладельческий	27233
длинно	27232
зафод	27231
переустройство	27230
табор	27229
навзничь	27228
развешивать	27227
пере	27226
заснять	27225
монтировать	27224
блат	27223
воспалительный	27222
ожидаемый	27221
скрытно	27220
нэнси	27219
империалист	27218
вдохновенно	27217
полмиллион	27216
уплачивать	27215
кейн	27214
кириллица	27213
прародитель	27212
триз	27211
десятая	27210
жгут	27209
соединительный	27208
подстанция	27207
оптовик	27206
панталон	27205
устраняться	27204
невежливый	27203
малахов	27202
лесков	27201
консультационный	27200
энергоресурсы	27199
жэк	27198
снарядить	27197
урчать	27196
рыжеволосый	27195
демография	27194
кап	27193
жевательный	27192
расправляться	27191
умыть	27190
нигилизм	27189
шумиха	27188
онечно	27187
бать	27186
кинозвезда	27185
благожелательный	27184
неурядица	27183
гейзенберг	27182
дарий	27181
находчивость	27180
подкупать	27179
тсж	27178
зазывать	27177
яичный	27176
баварский	27175
морфология	27174
шеварднадзе	27173
стронг	27172
авангардный	27171
утилитарный	27170
зрелищный	27169
некомпетентный	27168
перечисляться	27167
фима	27166
знавать	27165
несуразный	27164
смирный	27163
диктоваться	27162
обуздать	27161
мануэль	27160
католицизм	27159
нищенский	27158
пьянствовать	27157
детализация	27156
подогревать	27155
спичечный	27154
ораторский	27153
простат	27152
застойный	27151
годичный	27150
пробежаться	27149
бесстрастно	27148
хагрид	27147
пэт	27146
стукнуться	27145
игумен	27144
рязанов	27143
вершинин	27142
псевдо	27141
лей	27140
издревле	27139
преднамеренный	27138
кэлл	27137
литературоведение	27136
джуффин	27135
двухнедельный	27134
нетривиальный	27133
краситель	27132
токсичный	27131
яаков	27130
багажный	27129
затоптать	27128
нада	27127
подзывать	27126
укутать	27125
городишко	27124
сменный	27123
задворки	27122
пальба	27121
железяка	27120
порез	27119
закуток	27118
заклеить	27117
учётом	27116
транснефть	27115
мексиканец	27114
очь	27113
слом	27112
неодобрение	27111
зарабатывание	27110
докопаться	27109
попирать	27108
господний	27107
суицид	27106
перепалка	27105
разительный	27104
отстроить	27103
инфляционный	27102
бензоколонка	27101
зодчество	27100
брезгливость	27099
ново	27098
австралиец	27097
парфюмерия	27096
уилл	27095
безналичный	27094
нонсенс	27093
измышление	27092
подставной	27091
безвозмездный	27090
самоотверженность	27089
ракетка	27088
командировать	27087
разодрать	27086
оглушать	27085
гаррисон	27084
диакон	27083
таращиться	27082
хип	27081
талый	27080
исмаил	27079
экспромт	27078
курятник	27077
судьбоносный	27076
дотла	27075
озлобить	27074
измотать	27073
фитиль	27072
анисимов	27071
расслоение	27070
стыть	27069
приспичить	27068
утеха	27067
перышко	27066
известнейший	27065
блаженно	27064
макулатура	27063
высосать	27062
недопустимость	27061
переминаться	27060
неосторожно	27059
неотвратимо	27058
овен	27057
фрунзе	27056
подвигаться	27055
синеватый	27054
росто	27053
вручаться	27052
уразуметь	27051
сандра	27050
вир	27049
тролль	27048
курилка	27047
вероятностный	27046
тампон	27045
лучевой	27044
колян	27043
инертный	27042
избитый	27041
зум	27040
очищаться	27039
порука	27038
кальмар	27037
беспризорный	27036
перелезть	27035
лотман	27034
гнетущий	27033
кривить	27032
башенка	27031
корсаков	27030
посинеть	27029
дайвинг	27028
легочный	27027
адо	27026
судейство	27025
курящий	27024
мустанг	27023
плов	27022
минометный	27021
катманду	27020
стеснить	27019
первопроходец	27018
дантист	27017
противоречащий	27016
наркота	27015
застенчиво	27014
разнообразно	27013
надрыв	27012
насупиться	27011
пагода	27010
нагибаться	27009
мстительный	27008
гречка	27007
отладка	27006
кружочек	27005
помещичий	27004
противоборство	27003
привокзальный	27002
просветитель	27001
закусочная	27000
заспанный	26999
нокаут	26998
обтягивать	26997
третьяковский	26996
заразный	26995
просиять	26994
гражданско	26993
данилович	26992
застелить	26991
атласный	26990
половец	26989
теплица	26988
угодник	26987
механизированный	26986
нега	26985
сё	26984
коллекционировать	26983
рыболовство	26982
хныкать	26981
нед	26980
завернуться	26979
остричь	26978
надобный	26977
паниковать	26976
злорадно	26975
мачо	26974
разочаровывать	26973
вогнать	26972
инородец	26971
отд	26970
кал	26969
прилипать	26968
анонимность	26967
завывание	26966
видеофильм	26965
надуться	26964
критерия	26963
поцарапать	26962
бревенчатый	26961
суетный	26960
кантор	26959
карпаты	26958
наездник	26957
рассеяние	26956
инородный	26955
окупаемость	26954
потасовка	26953
приникнуть	26952
коллапс	26951
теплиться	26950
чаять	26949
кокетничать	26948
крымов	26947
петросян	26946
самовольно	26945
фиаско	26944
благодеяние	26943
повозиться	26942
приближенный	26941
вознамериться	26940
грубоватый	26939
хреновый	26938
беззубый	26937
настил	26936
варравин	26935
санитарка	26934
недвусмысленный	26933
распахиваться	26932
синьора	26931
вдвоём	26930
светлеть	26929
салтыков	26928
интерпретатор	26927
фромм	26926
тарелкин	26925
прихрамывать	26924
маникюр	26923
арсен	26922
гермес	26921
машинистка	26920
обещаться	26919
черника	26918
роджерс	26917
добывание	26916
скомпрометировать	26915
интегратор	26914
побороться	26913
навлечь	26912
клеиться	26911
всучить	26910
дельт	26909
кемерово	26908
пересилить	26907
самозащита	26906
поппер	26905
величавый	26904
смерить	26903
таисья	26902
читальный	26901
раф	26900
лок	26899
агольский	26898
молебен	26897
непривычка	26896
плеханов	26895
элис	26894
верещагин	26893
мечтательный	26892
обвалиться	26891
эстет	26890
покер	26889
роуз	26888
оттиск	26887
страсбург	26886
тихонова	26885
юсиф	26884
модуляция	26883
горно	26882
ладен	26881
операторский	26880
рубинштейн	26879
дифференцировать	26878
шестаков	26877
анюта	26876
проконтролировать	26875
пострелять	26874
горьковский	26873
рамблер	26872
кругленький	26871
мякоть	26870
находчивый	26869
щитовидный	26868
упрятать	26867
напроситься	26866
урожайность	26865
джем	26864
доедать	26863
сафин	26862
колба	26861
бесцельный	26860
прождать	26859
дракула	26858
хогвартс	26857
мейерхольд	26856
разрубить	26855
приращение	26854
причесать	26853
магадан	26852
генеалогия	26851
биограф	26850
пачкать	26849
прилежно	26848
силиконовый	26847
новобрачный	26846
чертик	26845
крупнокалиберный	26844
эммануэль	26843
забег	26842
архиерейский	26841
вавилов	26840
попрошайка	26839
разменять	26838
тифлис	26837
серьёзные	26836
столешница	26835
курсировать	26834
улизнуть	26833
братик	26832
иссякать	26831
эфемерный	26830
обуть	26829
математически	26828
мафиози	26827
сосредотачиваться	26826
отвергаться	26825
уточняться	26824
автопром	26823
навалить	26822
бессвязный	26821
боготворить	26820
опозорить	26819
горыныч	26818
эм	26817
отвиснуть	26816
сервиз	26815
живительный	26814
плодиться	26813
мобилизационный	26812
ввергнуть	26811
приподниматься	26810
соизволить	26809
самовольный	26808
элегия	26807
контрацептив	26806
подымать	26805
солнечно	26804
замедлиться	26803
вменить	26802
гуманитарий	26801
нагрев	26800
таскаться	26799
оконечность	26798
буденный	26797
хаотичный	26796
егорова	26795
возобновляться	26794
пальмовый	26793
орест	26792
фильтровать	26791
тереза	26790
вздремнуть	26789
сбежаться	26788
роспуск	26787
корректность	26786
дешевизна	26785
тынянов	26784
вразрез	26783
бригадный	26782
обокрасть	26781
обременять	26780
козленок	26779
подливать	26778
тэтчер	26777
муми	26776
среднеазиатский	26775
обрамление	26774
волновой	26773
феноменология	26772
фрс	26771
седовласый	26770
аиф	26769
доползти	26768
детройт	26767
инкогнито	26766
пакетный	26765
кипятить	26764
гимнастический	26763
гподобное	26762
предопределять	26761
ленч	26760
наклонять	26759
правосознание	26758
придирчиво	26757
пользовать	26756
постесняться	26755
прицепиться	26754
обливать	26753
райдер	26752
постгипнотический	26751
осквернить	26750
кубрик	26749
выкупать	26748
купать	26747
вибратор	26746
восьмилетний	26745
биг	26744
драматичный	26743
пиксел	26742
латентный	26741
дружинник	26740
высококлассный	26739
бинарный	26738
кольберг	26737
скандалить	26736
разбегатьсяся	26735
скреплять	26734
тщеславный	26733
достроить	26732
наваливаться	26731
касим	26730
потеснить	26729
невпопад	26728
уведомлять	26727
построиться	26726
ветровой	26725
Светлана	26724
доколе	26723
янин	26722
стоимостный	26721
маршрутизация	26720
приласкать	26719
долька	26718
чавкать	26717
колумб	26716
интегрироваться	26715
дослушать	26714
пекло	26713
устюг	26712
опалить	26711
рехнуться	26710
морозова	26709
подъём	26708
дан	26707
чертовщина	26706
овечий	26705
разорять	26704
довольствие	26703
пугливый	26702
юбочка	26701
разгадывать	26700
ломить	26699
крамской	26698
иерарх	26697
ненавязчивый	26696
продаться	26695
бис	26694
алхимия	26693
фарватер	26692
бла	26691
соборность	26690
иордан	26689
приходский	26688
костяной	26687
пересаживаться	26686
благоразумно	26685
проситель	26684
инфраструктурный	26683
хмельной	26682
прозрачно	26681
лукреция	26680
протискиваться	26679
заломить	26678
предписываться	26677
шалить	26676
винтовой	26675
продержать	26674
гадалка	26673
запрятать	26672
сахара	26671
смолкать	26670
малообеспеченный	26669
гой	26668
банный	26667
оперение	26666
хлыст	26665
загородить	26664
соответственный	26663
нагружать	26662
прикалываться	26661
ядовито	26660
деспотизм	26659
степенный	26658
подвинуться	26657
антипатия	26656
умалять	26655
хамец	26654
хлоп	26653
балансовый	26652
маститый	26651
печной	26650
ценовый	26649
заслушать	26648
беззвучный	26647
допинг	26646
собачонка	26645
строптивый	26644
промышленно	26643
покуривать	26642
мистификация	26641
ружейный	26640
шиллинг	26639
влепить	26638
чь	26637
гребер	26636
поступательный	26635
лесистый	26634
выцветший	26633
состязаться	26632
вскипеть	26631
разгоняться	26630
каин	26629
совковый	26628
ухудшить	26627
игнатьев	26626
мендель	26625
русски	26624
розалия	26623
перекур	26622
мастерить	26621
смотровой	26620
помаленьку	26619
кравцов	26618
порывистый	26617
кислотный	26616
йозеф	26615
ротор	26614
орфей	26613
лоббировать	26612
фотографирование	26611
башкортостан	26610
обеспокоенность	26609
гарантироваться	26608
многовато	26607
нерешительный	26606
эрнест	26605
пластилин	26604
бездорожье	26603
однополый	26602
шельф	26601
треп	26600
непостоянный	26599
дифференцированный	26598
дневальный	26597
штормовой	26596
положено	26595
клокотать	26594
пустышка	26593
фронтальный	26592
надгробие	26591
парусник	26590
пленница	26589
знач	26588
преображаться	26587
легализовать	26586
реинкарнация	26585
шаркать	26584
якутск	26583
гулянье	26582
уинтерборн	26581
заплетаться	26580
тимофеевич	26579
экскаватор	26578
попечитель	26577
пат	26576
дуся	26575
покровительствовать	26574
консолидированный	26573
темноволосый	26572
детерминизм	26571
импортер	26570
исконно	26569
исступление	26568
бедственный	26567
рашид	26566
значительность	26565
пидор	26564
буйвол	26563
телодвижение	26562
размерность	26561
маниакальный	26560
покалечить	26559
студийный	26558
бурьян	26557
уклончиво	26556
дротик	26555
кипарис	26554
тягач	26553
изогнутый	26552
структурно	26551
горский	26550
литровый	26549
мотострелковый	26548
пассивно	26547
бульварный	26546
развозить	26545
инн	26544
сваливаться	26543
древние	26542
летом	26541
проясняться	26540
прострелить	26539
эксцесс	26538
понятийный	26537
самолично	26536
калоша	26535
аа	26534
ростовщик	26533
выборгский	26532
иногородний	26531
доплыть	26530
проникаться	26529
подрать	26528
вакуумный	26527
провинциал	26526
смехотворный	26525
сваха	26524
евангелист	26523
озерный	26522
оспа	26521
юношество	26520
томление	26519
обжалование	26518
нишевый	26517
иноземный	26516
ближневосточный	26515
эпилепсия	26514
напустить	26513
спинной	26512
сужать	26511
пособник	26510
иудея	26509
клевер	26508
конкретность	26507
зиждиться	26506
присуждение	26505
антант	26504
тюремщик	26503
мелькор	26502
гармоника	26501
отклонять	26500
незрелый	26499
закатный	26498
улетучиться	26497
мигрень	26496
очухаться	26495
митрохин	26494
погнаться	26493
уй	26492
технопарк	26491
отеческий	26490
инок	26489
вливать	26488
вычисляться	26487
донни	26486
зарезервировать	26485
сроду	26484
любопытствовать	26483
радушный	26482
одежка	26481
алфавитный	26480
лавировать	26479
дотягивать	26478
гниль	26477
тупица	26476
омывать	26475
обуславливать	26474
перегородить	26473
божиий	26472
касьян	26471
остроумно	26470
стройматериал	26469
навязывание	26468
парижанин	26467
неосуществимый	26466
опрокинуться	26465
ребе	26464
телерадиокомпания	26463
предзнаменование	26462
исковой	26461
владычица	26460
разгневать	26459
митрофанов	26458
коралловый	26457
врубель	26456
уследить	26455
обломать	26454
плеяда	26453
драматизм	26452
необузданный	26451
всунуть	26450
вытряхнуть	26449
коктебель	26448
урановый	26447
дочурка	26446
серёга	26445
односельчанин	26444
бп	26443
конура	26442
андроид	26441
резо	26440
торф	26439
серпантин	26438
миокард	26437
доман	26436
притворный	26435
зуев	26434
излить	26433
туркмен	26432
большущий	26431
смельчак	26430
диетический	26429
порядковый	26428
центрально	26427
беспросветный	26426
рассеянность	26425
бордюр	26424
интеграл	26423
тра	26422
сертифицировать	26421
заманивать	26420
оптимально	26419
шажок	26418
эякуляция	26417
поэтапный	26416
боеспособность	26415
экстраверт	26414
обольщаться	26413
шуточный	26412
высыпаться	26411
убожество	26410
осунуться	26409
зубец	26408
вышеизложенный	26407
многотысячный	26406
ущемление	26405
анита	26404
галоша	26403
огнемет	26402
благовещенск	26401
порицание	26400
непомерно	26399
побудительный	26398
разбомбить	26397
недоброжелатель	26396
производственно	26395
чувственно	26394
ишак	26393
семейка	26392
апелляционный	26391
шевельнуть	26390
саранча	26389
заколотить	26388
тушка	26387
досягаемость	26386
поселковый	26385
размазывать	26384
бескомпромиссный	26383
фантазер	26382
немыслимо	26381
пудель	26380
луначарский	26379
клеенка	26378
органы	26377
противовоздушный	26376
добросовестность	26375
накатить	26374
высокомерно	26373
объемистый	26372
массово	26371
слёз	26370
головорез	26369
вставляться	26368
директорский	26367
валет	26366
зверев	26365
ява	26364
земфира	26363
игриво	26362
освенцим	26361
ориентирование	26360
кун	26359
контролируемый	26358
саморазвитие	26357
перепонка	26356
ключица	26355
поимка	26354
варка	26353
сокрушенно	26352
закономерно	26351
гаубица	26350
коэн	26349
чет	26348
гоночный	26347
горин	26346
эмират	26345
полуфабрикат	26344
голограмма	26343
блять	26342
геймер	26341
доказываться	26340
триер	26339
необычность	26338
мораторий	26337
релаксация	26336
влксм	26335
пересадить	26334
комаровский	26333
датироваться	26332
детина	26331
загрузиться	26330
заминировать	26329
расхваливать	26328
мясистый	26327
радикализм	26326
программно	26325
лукьянов	26324
госслужащий	26323
мансарда	26322
самообслуживание	26321
билетик	26320
испустить	26319
самоотверженно	26318
группка	26317
лавочник	26316
войцех	26315
лонг	26314
фальшивка	26313
жилистый	26312
прогулочный	26311
вливание	26310
бурчать	26309
попова	26308
любознательность	26307
авантюрный	26306
крендель	26305
диалоговый	26304
отелло	26303
тепловоз	26302
малевич	26301
неповиновение	26300
отскакивать	26299
импульсивный	26298
мститель	26297
осина	26296
флориндо	26295
замечаться	26294
обязательность	26293
вырубка	26292
объятье	26291
огнетушитель	26290
томат	26289
фродо	26288
покачнуться	26287
орлиный	26286
ипподром	26285
бамбуковый	26284
прегрешение	26283
иена	26282
кельтский	26281
сытный	26280
лишек	26279
индюк	26278
забитый	26277
скупиться	26276
бахтин	26275
эо	26274
набрасывать	26273
интриговать	26272
вымпел	26271
заводчик	26270
издевка	26269
контрастировать	26268
дегустация	26267
константинов	26266
затолкать	26265
лаборант	26264
ценнейший	26263
рыбачить	26262
психоаналитический	26261
мошонка	26260
струйный	26259
желаемое	26258
душераздирающий	26257
втиснуться	26256
страшить	26255
сонм	26254
негритянский	26253
генезис	26252
вздернуть	26251
погост	26250
лицемерный	26249
калининский	26248
одаренность	26247
приостановиться	26246
духа	26245
пеня	26244
переиздание	26243
близорукость	26242
домный	26241
дерипаска	26240
сям	26239
пустяковый	26238
насрать	26237
вуд	26236
орешкин	26235
дистрибуция	26234
холоп	26233
неотрывно	26232
рикнуть	26231
кладбищенский	26230
растратить	26229
многочасовой	26228
отдуваться	26227
ильф	26226
гюго	26225
витраж	26224
ненамного	26223
ситуационный	26222
силок	26221
матрешка	26220
несносный	26219
нисходящий	26218
неимущий	26217
кассандра	26216
рассвести	26215
гроссман	26214
воспротивиться	26213
тельма	26212
ленский	26211
неправдоподобный	26210
метеорологический	26209
отметиться	26208
взяточничество	26207
резня	26206
дисциплинированный	26205
неразлучный	26204
вкрадчиво	26203
неотступно	26202
батальонный	26201
преследоваться	26200
пасибо	26199
одышка	26198
освидетельствование	26197
непринуждённо	26196
условленный	26195
спартанский	26194
амет	26193
денщик	26192
мята	26191
формулирование	26190
потуга	26189
контрабандист	26188
чиркнуть	26187
срединный	26186
кмнс	26185
отстегнуть	26184
сказ	26183
генеалогический	26182
целомудрие	26181
галкин	26180
двуногий	26179
застеклить	26178
приравниваться	26177
эванс	26176
небылица	26175
шарлотта	26174
наповал	26173
изогнуться	26172
выдрать	26171
незамужний	26170
никсон	26169
тан	26168
правоверный	26167
потолковать	26166
рембо	26165
обетованный	26164
морин	26163
сгибать	26162
лао	26161
опасливо	26160
химки	26159
изрекать	26158
пароходство	26157
музыкально	26156
ря	26155
оловянный	26154
модус	26153
дыбы	26152
фикс	26151
безвольный	26150
казимир	26149
конторка	26148
спортсменка	26147
износить	26146
висячий	26145
гуманность	26144
магазинный	26143
итс	26142
чиж	26141
повисать	26140
абстрактно	26139
дагмар	26138
тарелочка	26137
нисходить	26136
жолио	26135
выкатить	26134
сонечка	26133
побагроветь	26132
бугорок	26131
урсула	26130
трущоба	26129
барт	26128
катаев	26127
обывательский	26126
трагизм	26125
палисадник	26124
возомнить	26123
гбайт	26122
федерал	26121
припасти	26120
пантер	26119
заслонка	26118
цигун	26117
бледность	26116
топографический	26115
магнитофонный	26114
репатриант	26113
засилье	26112
артамонов	26111
наблюдаемый	26110
омыть	26109
троянский	26108
ходок	26107
отыграться	26106
наврать	26105
очкарик	26104
отплатить	26103
шелковистый	26102
ученость	26101
сооружать	26100
регламентация	26099
репрезентация	26098
отсрочить	26097
подлежащее	26096
мытарство	26095
тиски	26094
дисбаланс	26093
штейнер	26092
безвозмездно	26091
показательно	26090
чур	26089
ер	26088
поднебесный	26087
милюков	26086
завозить	26085
благодарственный	26084
холт	26083
сдирать	26082
прорастать	26081
мета	26080
облюбовать	26079
причудливо	26078
кочерга	26077
лоренц	26076
готика	26075
кобра	26074
иголочка	26073
сговариваться	26072
подсаживаться	26071
валик	26070
кафель	26069
денвер	26068
диктат	26067
преисполнить	26066
заныть	26065
разбавлять	26064
свирепствовать	26063
полуголый	26062
марево	26061
эскорт	26060
коршун	26059
попахивать	26058
севастопольский	26057
маккартни	26056
предрешить	26055
фитнесс	26054
безрезультатный	26053
обанкротиться	26052
катенька	26051
антагонизм	26050
бронетехника	26049
минбарец	26048
еремин	26047
бояр	26046
запустение	26045
прокручивать	26044
агафья	26043
утвердительный	26042
захихикать	26041
вытечь	26040
истощить	26039
аранжировка	26038
игральный	26037
сгодиться	26036
прикрикнуть	26035
настасья	26034
байконур	26033
прагматизм	26032
шин	26031
прапор	26030
опрятный	26029
распродать	26028
расчищать	26027
предательски	26026
купальный	26025
серёжа	26024
удмуртия	26023
собутыльник	26022
деспот	26021
победительница	26020
фортепьяно	26019
ака	26018
манжета	26017
сильвестр	26016
бубен	26015
недурно	26014
замораживание	26013
заскучать	26012
совокупление	26011
рычание	26010
филипс	26009
фотоснимок	26008
многоквартирный	26007
отобразить	26006
обретаться	26005
ацтойный	26004
выстраивание	26003
асимметрия	26002
котлован	26001
турникет	26000
маргинал	25999
вычесть	25998
дверка	25997
уподобиться	25996
каратэ	25995
возвыситься	25994
жизнеописание	25993
верн	25992
сознаваться	25991
экстрим	25990
глядь	25989
задолжать	25988
сь	25987
отлетать	25986
пересечься	25985
хитрить	25984
дестабилизация	25983
вау	25982
надгробный	25981
болтливый	25980
рык	25979
оглушительно	25978
поджарить	25977
квартплата	25976
съезжаться	25975
вегетативный	25974
деленн	25973
тире	25972
просека	25971
запотеть	25970
эликсир	25969
помешательство	25968
контрактник	25967
привратник	25966
углядеть	25965
хомячок	25964
истошно	25963
забормотать	25962
торжествующе	25961
заноситься	25960
ангина	25959
еть	25958
притворство	25957
структурирование	25956
удвоенный	25955
сигаретка	25954
интернационализм	25953
бойцовский	25952
пандора	25951
ватник	25950
жалование	25949
хореография	25948
дурман	25947
спартанец	25946
вылепить	25945
ткаченко	25944
коровник	25943
заколоть	25942
начнёт	25941
попрыгать	25940
выбрасываться	25939
рэнди	25938
восприимчивость	25937
эксцентричный	25936
паводок	25935
утопающий	25934
гречневый	25933
взмывать	25932
тучка	25931
нетерпимый	25930
подножье	25929
зеленоград	25928
продираться	25927
скит	25926
нахально	25925
нечеткий	25924
потемки	25923
разъезжаться	25922
фокусный	25921
тс	25920
голубев	25919
проговориться	25918
ланч	25917
детвора	25916
отстаивание	25915
декодер	25914
доступно	25913
внеземной	25912
хомяк	25911
жатва	25910
филипповна	25909
опадать	25908
зачерпнуть	25907
позаниматься	25906
совка	25905
разгрузить	25904
окрашивать	25903
оварищ	25902
углублять	25901
предрасположенность	25900
элеонора	25899
сутулый	25898
настырный	25897
клонирование	25896
кривизна	25895
шхуна	25894
ильинична	25893
царизм	25892
наслышан	25891
автосалон	25890
портьера	25889
кофеин	25888
злак	25887
тренажерный	25886
женевский	25885
живучесть	25884
консолидировать	25883
возноситься	25882
дремота	25881
манга	25880
черкес	25879
исповедоваться	25878
увольняться	25877
проставить	25876
недурной	25875
богема	25874
настороженность	25873
свыкнуться	25872
термодинамика	25871
редактироваться	25870
штурманский	25869
приволжский	25868
лучезарный	25867
удлинение	25866
откуп	25865
гадюка	25864
госсекретарь	25863
питерец	25862
вылазить	25861
струнный	25860
ларс	25859
рыбина	25858
именины	25857
облезлый	25856
пантеон	25855
резун	25854
георгиевский	25853
попс	25852
вебмастер	25851
культурист	25850
выделывать	25849
невменяемый	25848
рассрочка	25847
сыворотка	25846
умоляюще	25845
пестреть	25844
соткать	25843
придть	25842
напялить	25841
хлопчатобумажный	25840
реть	25839
фора	25838
окликать	25837
присвистнуть	25836
нис	25835
корчить	25834
марля	25833
фаланга	25832
оже	25831
новатор	25830
беккер	25829
блинчик	25828
врасти	25827
ид	25826
ци	25825
люлька	25824
полтава	25823
нашептывать	25822
обострять	25821
затребовать	25820
хаим	25819
изумляться	25818
пестицид	25817
всегдашний	25816
скачивание	25815
погрести	25814
рассеивать	25813
натянутый	25812
стерео	25811
автоматизм	25810
бр	25809
клешня	25808
налегке	25807
дзасохов	25806
ве	25805
глашатай	25804
облава	25803
плодить	25802
годовалый	25801
гаврилович	25800
кань	25799
госплан	25798
откидываться	25797
сноровка	25796
монтень	25795
нежданно	25794
балахон	25793
руна	25792
торговка	25791
драный	25790
неукротимый	25789
белобрысый	25788
феодосия	25787
репрезентативный	25786
ежов	25785
донецк	25784
разборчивый	25783
портретный	25782
сцепиться	25781
освежить	25780
темень	25779
грунтовый	25778
глебов	25777
сдвигаться	25776
минералка	25775
вдавить	25774
проколоть	25773
птолемей	25772
закрутиться	25771
безалкогольный	25770
гибридный	25769
рационализация	25768
чуев	25767
фабрикант	25766
увечье	25765
барометр	25764
прорабатывать	25763
виртуально	25762
смачно	25761
кредитка	25760
уаз	25759
засидеться	25758
косовский	25757
голенище	25756
освободитель	25755
новгородской	25754
живаго	25753
городничий	25752
брусок	25751
президентство	25750
стобязанность	25749
недоуменный	25748
отмывание	25747
задорный	25746
керри	25745
незаслуженно	25744
худ	25743
раскраска	25742
ужесточить	25741
специфически	25740
коннор	25739
чурка	25738
эрика	25737
накрениться	25736
затейливый	25735
расцеловать	25734
коралл	25733
чокнуться	25732
коминтерн	25731
дюран	25730
концентрат	25729
тодд	25728
обреченность	25727
зацикливаться	25726
отчётный	25725
жванецкий	25724
цветков	25723
пепси	25722
свидригайлов	25721
чудно	25720
азовский	25719
мардж	25718
обговорить	25717
маркович	25716
аэростат	25715
изабель	25714
делегирование	25713
остроконечный	25712
жя	25711
безысходный	25710
семенить	25709
прогнить	25708
восставать	25707
домодедово	25706
перочинный	25705
унтер	25704
шмыгнуть	25703
гребенка	25702
духовник	25701
хлопотный	25700
алешка	25699
слабак	25698
индукция	25697
тракторный	25696
стагнация	25695
причалить	25694
перина	25693
шагал	25692
ухнуть	25691
несвойственный	25690
ростислав	25689
баллончик	25688
блокирование	25687
медлительность	25686
кимоно	25685
саван	25684
отрочество	25683
клюшка	25682
викторианский	25681
пожиратель	25680
перестрелять	25679
кривляться	25678
шестов	25677
андревна	25676
кротость	25675
пчелиный	25674
мяукать	25673
церемониться	25672
абхаз	25671
жалить	25670
куйбышев	25669
красноармейский	25668
игривый	25667
елисеев	25666
дискредитация	25665
подкармливать	25664
орлова	25663
омрачать	25662
общенародный	25661
желток	25660
протеин	25659
всяк	25658
наган	25657
злорадство	25656
заваривать	25655
компоновка	25654
информированность	25653
вар	25652
ат	25651
одичать	25650
абонемент	25649
ремарка	25648
нарядить	25647
расчитывать	25646
выстрадать	25645
вёл	25644
що	25643
шурочка	25642
высветить	25641
фазовый	25640
никитский	25639
безучастный	25638
арийский	25637
заморочка	25636
топчан	25635
занос	25634
желтеть	25633
мыльница	25632
сушиться	25631
упование	25630
холокост	25629
могильник	25628
щеголять	25627
междисциплинарный	25626
угар	25625
душевнобольной	25624
гог	25623
наземь	25622
восхищенный	25621
бездумный	25620
взламывать	25619
клубень	25618
неубедительный	25617
высокоскоростной	25616
трубач	25615
превозносить	25614
камчатский	25613
модальность	25612
потупить	25611
пензенский	25610
дружелюбие	25609
пупкин	25608
римма	25607
гурман	25606
благодарение	25605
переселяться	25604
фёдор	25603
кокетливо	25602
аукционный	25601
прочистить	25600
уайльд	25599
сеул	25598
наглец	25597
прибавление	25596
мотивационный	25595
громогласно	25594
ливерпуль	25593
преферанс	25592
воссоздавать	25591
кюхельбекер	25590
сплоченность	25589
мозаичный	25588
виттория	25587
караганда	25586
лилька	25585
каменев	25584
полоскать	25583
отряхнуть	25582
диссонанс	25581
ангелина	25580
джессика	25579
арьергард	25578
сникнуть	25577
яство	25576
правонарушитель	25575
натирать	25574
василевский	25573
амплуа	25572
халатик	25571
нетипичный	25570
безостановочно	25569
хаксли	25568
отстреливаться	25567
забрызгать	25566
никифорович	25565
пересылать	25564
гегелевский	25563
комбриг	25562
спа	25561
грецкий	25560
трубецкой	25559
накладная	25558
сказочно	25557
балласт	25556
бурение	25555
децентрализация	25554
почить	25553
ицхак	25552
туманно	25551
дележ	25550
смеётся	25549
гть	25548
холеный	25547
подкрепляться	25546
обшарпать	25545
метрический	25544
юлианский	25543
спешный	25542
супермен	25541
брехт	25540
перезагружать	25539
курд	25538
гейне	25537
подшучивать	25536
городецкий	25535
дуализм	25534
преткновение	25533
выдохнуться	25532
неофит	25531
осязать	25530
катакомба	25529
сбыть	25528
неисправимый	25527
олли	25526
поддакивать	25525
широчайший	25524
бородач	25523
ротик	25522
чужое	25521
напильник	25520
спортивно	25519
здрасьте	25518
гонимый	25517
брут	25516
весовой	25515
аэродинамический	25514
тит	25513
многоуважаемый	25512
изнывать	25511
трансцендентальный	25510
чикагский	25509
отождествляться	25508
сходка	25507
балдеть	25506
аут	25505
костромской	25504
территориально	25503
харп	25502
окупаться	25501
труднодоступный	25500
липнуть	25499
определённые	25498
пригодность	25497
штерн	25496
светодиод	25495
затрепетать	25494
отчислить	25493
норильский	25492
выпрямить	25491
заполярье	25490
изумлять	25489
конкретика	25488
печься	25487
планетный	25486
ерсия	25485
скорчить	25484
отросток	25483
параша	25482
этнограф	25481
хомяков	25480
риган	25479
протектор	25478
нянечка	25477
бухарин	25476
билан	25475
архимандрит	25474
чёрная	25473
покойно	25472
харрис	25471
полукруглый	25470
разгорячить	25469
сгрести	25468
посудина	25467
настаёт	25466
фосфор	25465
перехитрить	25464
автодорога	25463
микки	25462
стерн	25461
нечаянный	25460
шаманский	25459
полетать	25458
обрамлять	25457
дальновидный	25456
конгломерат	25455
чорт	25454
хохотнуть	25453
угомониться	25452
прасковья	25451
троцкист	25450
коллективизм	25449
упросить	25448
эксплуатироваться	25447
ностальгический	25446
рановато	25445
брезгливый	25444
дебютный	25443
скопить	25442
увековечить	25441
электропередача	25440
виконт	25439
светлячок	25438
епархиальный	25437
крылечко	25436
подорваться	25435
грехопадение	25434
кузнецкий	25433
чк	25432
гашиш	25431
мб	25430
гарольд	25429
вдохновитель	25428
облагаться	25427
пожитки	25426
пятиэтажный	25425
требовательно	25424
нагреваться	25423
аленка	25422
одобрительный	25421
вздорный	25420
прояснять	25419
сберегательный	25418
вопросить	25417
кромвель	25416
спилберг	25415
вывешивать	25414
таежный	25413
негритянка	25412
жало	25411
гармонировать	25410
инверсия	25409
натка	25408
овуляция	25407
абдул	25406
шлепнуться	25405
выгрузка	25404
встряхивать	25403
привалиться	25402
задернуть	25401
главенствовать	25400
ультрафиолетовый	25399
созвучие	25398
коровин	25397
буковка	25396
соединенный	25395
порицать	25394
взбесить	25393
землёй	25392
канва	25391
первооткрыватель	25390
милостиво	25389
гостевый	25388
невод	25387
гринберг	25386
осмысленный	25385
сглазить	25384
зверушка	25383
файловой	25382
мыслиться	25381
патриархат	25380
адамс	25379
зинка	25378
скрежетать	25377
благотворно	25376
знакомец	25375
доу	25374
несогласный	25373
рептилия	25372
валентинович	25371
снисходительность	25370
любо	25369
маляр	25368
начертить	25367
передник	25366
застенчивость	25365
бретань	25364
учуять	25363
прошедшее	25362
телка	25361
запачкать	25360
набрести	25359
янг	25358
агропромышленный	25357
молитво	25356
аллерген	25355
арман	25354
вендор	25353
порка	25352
огромнейший	25351
неписаный	25350
дурень	25349
одиозный	25348
закодировать	25347
стопроцентно	25346
серьезнейший	25345
выправить	25344
дите	25343
ржаной	25342
ущипнуть	25341
бунтовщик	25340
эээ	25339
буль	25338
боксерский	25337
проказа	25336
храбро	25335
скаут	25334
самодовольство	25333
рыжеватый	25332
исландия	25331
нерон	25330
отлучить	25329
эллис	25328
недоношенный	25327
хармс	25326
хок	25325
коммерциализация	25324
засучить	25323
тай	25322
полномасштабный	25321
скепсис	25320
ритмично	25319
щегол	25318
куприн	25317
брежневский	25316
пряжа	25315
минин	25314
корсар	25313
арбитраж	25312
аскетический	25311
загрузочный	25310
кратный	25309
падчерица	25308
ларсен	25307
ботаника	25306
отпугнуть	25305
подкрепиться	25304
отвал	25303
отвесить	25302
стройность	25301
клякса	25300
бездарно	25299
картонка	25298
наворотить	25297
пролом	25296
несвободный	25295
сцук	25294
гаркнуть	25293
коментарий	25292
эйлин	25291
бадди	25290
поругать	25289
переправлять	25288
накручивать	25287
глумиться	25286
взимание	25285
сарафанов	25284
терешкова	25283
клетчатка	25282
дозировка	25281
нба	25280
растереть	25279
осадный	25278
державный	25277
тактичный	25276
арматура	25275
амортизатор	25274
безбожник	25273
контрудар	25272
щелка	25271
краденый	25270
профинансировать	25269
ташкентский	25268
португалец	25267
погребать	25266
вымыслить	25265
утомиться	25264
главк	25263
записочка	25262
баул	25261
подвесной	25260
мирок	25259
мушкетер	25258
безграмотность	25257
выкладываться	25256
забросать	25255
рассаживаться	25254
лесок	25253
рилька	25252
замирание	25251
отяготить	25250
владимиров	25249
пуговка	25248
герасимович	25247
мемфис	25246
пдд	25245
стеснительный	25244
отрывочный	25243
трепетно	25242
шульгин	25241
благостный	25240
дидактический	25239
логос	25238
госкомстат	25237
могилев	25236
игнатий	25235
преобразоваться	25234
гтрк	25233
вциом	25232
силач	25231
возобладать	25230
меньшиков	25229
загипнотизировать	25228
заслать	25227
помыслить	25226
акватория	25225
высокогорный	25224
созвониться	25223
аморфный	25222
коперник	25221
вербовать	25220
неорганический	25219
четвероногий	25218
мартышка	25217
кононенко	25216
насадка	25215
лунин	25214
салливан	25213
типаж	25212
оконце	25211
ничком	25210
лолита	25209
заблагорассудиться	25208
грач	25207
излучатель	25206
простаивать	25205
рубакин	25204
толкиен	25203
непрочный	25202
макинтош	25201
полиэтилен	25200
соскальзывать	25199
обогатиться	25198
горизонтально	25197
ведерко	25196
прометей	25195
несвоевременный	25194
скупка	25193
шуруп	25192
пряный	25191
начисляться	25190
фабиан	25189
ху	25188
будний	25187
набухнуть	25186
гкчп	25185
антироссийский	25184
беатриче	25183
назидание	25182
приравнять	25181
шекель	25180
свердлов	25179
вредность	25178
проводок	25177
поредеть	25176
скоба	25175
зелинский	25174
резервация	25173
аман	25172
беспричинный	25171
трансакционный	25170
прогрессия	25169
горячность	25168
колпачок	25167
клиентура	25166
возрождать	25165
плавиться	25164
выпускница	25163
каган	25162
взвешивание	25161
авторизация	25160
керчь	25159
мигнуть	25158
монако	25157
расчленить	25156
сплетаться	25155
обездолить	25154
ундин	25153
ддт	25152
товаропроизводитель	25151
ляп	25150
третье	25149
вещевой	25148
психоделический	25147
трансформатор	25146
склянка	25145
проецировать	25144
нифига	25143
балалайка	25142
реквием	25141
фольксваген	25140
абрикос	25139
оказия	25138
прославление	25137
стыдный	25136
виртуозно	25135
гаев	25134
оз	25133
насть	25132
моток	25131
вагонный	25130
сэндвич	25129
затрудниться	25128
убыть	25127
привёл	25126
галицкий	25125
рекомендательный	25124
гастрономический	25123
прилежный	25122
лейтмотив	25121
соприкоснуться	25120
неизменность	25119
поездить	25118
востребованность	25117
перекат	25116
оправдательный	25115
рефинансирование	25114
благоприятно	25113
скрупулезно	25112
шпаргалка	25111
колумбийский	25110
затухать	25109
развешать	25108
преподаваться	25107
уизли	25106
зачаток	25105
свеженький	25104
франциск	25103
унисон	25102
каталка	25101
сверхчеловек	25100
припереться	25099
старикашка	25098
нечетный	25097
свен	25096
частокол	25095
перпендикулярный	25094
залететь	25093
лакированный	25092
дублин	25091
прислуживать	25090
коллаж	25089
метафорический	25088
лисовский	25087
эмансипация	25086
радин	25085
позыв	25084
сопредельный	25083
хазар	25082
переводной	25081
наручники	25080
утенок	25079
лачуга	25078
накрепко	25077
латиница	25076
разрисовать	25075
прима	25074
несвобода	25073
выхлоп	25072
изрезать	25071
комендантский	25070
долговечный	25069
кадка	25068
скрючить	25067
приравнивать	25066
переборка	25065
любимов	25064
уилт	25063
перевязка	25062
партиец	25061
эдуардович	25060
фкцб	25059
замять	25058
раздуваться	25057
редеть	25056
крикливый	25055
спросонья	25054
эпохальный	25053
осветительный	25052
номенклатурный	25051
спецоперация	25050
искандер	25049
вскидывать	25048
цилиндрический	25047
кюри	25046
выучка	25045
стс	25044
прореха	25043
жертвенник	25042
сазонов	25041
звукозапись	25040
перетаскивать	25039
куприянов	25038
лобный	25037
прыть	25036
плаха	25035
означенный	25034
немаленький	25033
дубровка	25032
ревниво	25031
планк	25030
эльба	25029
лэймар	25028
иртыш	25027
мошка	25026
неоткуда	25025
произойдёт	25024
вознестись	25023
половодье	25022
вернон	25021
бесстыдный	25020
релевантность	25019
доходчиво	25018
памятка	25017
перегружать	25016
кихот	25015
медиум	25014
нс	25013
потягиваться	25012
милка	25011
добываться	25010
соматический	25009
правдоподобно	25008
ореховый	25007
карликовый	25006
монреаль	25005
простак	25004
покамест	25003
банановый	25002
четный	25001
бин	25000
сосудистый	24999
внебрачный	24998
зимбабве	24997
хвалебный	24996
потупиться	24995
насаждать	24994
громыхать	24993
шастать	24992
движенье	24991
акваланг	24990
позорно	24989
вознесение	24988
вычеркивать	24987
кота	24986
кофейня	24985
заплаканный	24984
платежеспособность	24983
сноб	24982
взводный	24981
диавол	24980
тед	24979
званый	24978
конюх	24977
морить	24976
лейпциг	24975
халявный	24974
мэн	24973
вероломный	24972
припрятать	24971
обсуждаемый	24970
церковно	24969
глист	24968
коровка	24967
пафосный	24966
чистокровный	24965
пустеть	24964
свезти	24963
радиоволна	24962
передергивать	24961
внутриполитический	24960
вылитый	24959
бульдог	24958
увериться	24957
атланта	24956
вырубать	24955
заучить	24954
форвард	24953
тупый	24952
сентиментальность	24951
затопление	24950
мордовия	24949
застилать	24948
пропахнуть	24947
антония	24946
кэп	24945
акс	24944
фальсифицировать	24943
гребец	24942
хельсинкский	24941
южанин	24940
ржевский	24939
отлучаться	24938
крыс	24937
антипод	24936
шезлонг	24935
белогвардеец	24934
гурджиев	24933
мгимо	24932
кения	24931
узость	24930
посягать	24929
судан	24928
невнимание	24927
переплыть	24926
раритет	24925
токмо	24924
философствовать	24923
неяркий	24922
ветряной	24921
подползти	24920
рентабельный	24919
политсовет	24918
недюжинный	24917
хех	24916
описываемый	24915
преднамеренно	24914
собирательный	24913
балконный	24912
некрич	24911
слоун	24910
руно	24909
наматывать	24908
отбавлять	24907
зачислять	24906
болотистый	24905
высаживаться	24904
интерпретироваться	24903
кокетство	24902
антикризисный	24901
оттестировать	24900
помечтать	24899
обновиться	24898
вгик	24897
скриншот	24896
ммоль	24895
фолиант	24894
кельн	24893
гура	24892
псина	24891
виолончель	24890
высокоточный	24889
внеклассный	24888
отучить	24887
подвижной	24886
переносной	24885
огрызаться	24884
развеселиться	24883
черемуха	24882
спрыгивать	24881
домогаться	24880
розенберг	24879
статистически	24878
затрагиваться	24877
эпизодический	24876
шопенгауэр	24875
проникновенно	24874
преходящий	24873
аншлаг	24872
кинозал	24871
глючить	24870
ейчас	24869
бедуин	24868
костырко	24867
конфуз	24866
надвинуть	24865
кастанеда	24864
отсиживаться	24863
продолжатель	24862
утереть	24861
мочеиспускание	24860
довольство	24859
вероучение	24858
алексеева	24857
армеец	24856
панталоны	24855
чёрных	24854
эн	24853
джереми	24852
сухуми	24851
стриж	24850
кальсоны	24849
перископ	24848
пропеллер	24847
мбит	24846
яв	24845
трубный	24844
киса	24843
весельчак	24842
писанина	24841
аскетизм	24840
оккультизм	24839
незабудка	24838
мазохист	24837
ярославич	24836
ограничитель	24835
юрген	24834
геополитика	24833
словения	24832
самолетный	24831
круп	24830
обжечься	24829
эпатаж	24828
чудодейственный	24827
неконтролируемый	24826
гегемония	24825
блокпост	24824
ликки	24823
каменский	24822
мелководье	24821
брюшко	24820
грифон	24819
награбить	24818
певчий	24817
низовой	24816
испарина	24815
разгребать	24814
магомет	24813
чиновничество	24812
проести	24811
линолеум	24810
версаль	24809
колдовской	24808
поумнеть	24807
лейбниц	24806
замутить	24805
бернар	24804
молодняк	24803
абсурдно	24802
ойти	24801
хорват	24800
пятиэтажка	24799
монолит	24798
малярия	24797
прокрутить	24796
прокатить	24795
запугивать	24794
эконом	24793
совершеннейший	24792
взмахивать	24791
пристойный	24790
орджоникидзе	24789
крамольный	24788
горда	24787
дневниковый	24786
ассемблер	24785
отступ	24784
заинтересованно	24783
болтянская	24782
триада	24781
тельняшка	24780
юань	24779
бурить	24778
многослойный	24777
аккумулировать	24776
писаный	24775
симона	24774
волокита	24773
витгенштейн	24772
каблучок	24771
хрюкин	24770
общемировой	24769
выкручиваться	24768
сногсшибательный	24767
аркаша	24766
лый	24765
дисциплинировать	24764
поздравительный	24763
подсолнечный	24762
отрывистый	24761
висла	24760
неразличимый	24759
граненый	24758
отчеканить	24757
помолодеть	24756
каминный	24755
растащить	24754
отморозок	24753
зубчатый	24752
дю	24751
анненский	24750
янки	24749
томно	24748
мотивировка	24747
инсценировка	24746
андреич	24745
слиток	24744
кустарный	24743
онтология	24742
дай	24741
садить	24740
вовчик	24739
некрасиво	24738
ручонка	24737
размашистый	24736
янка	24735
дурова	24734
серьез	24733
орг	24732
каганович	24731
известняк	24730
пестель	24729
опознавательный	24728
кротко	24727
максимова	24726
перестроечный	24725
недеть	24724
саженец	24723
эмили	24722
бордо	24721
блуждание	24720
стерилизация	24719
осваиваться	24718
провожатый	24717
отплытие	24716
гринвич	24715
кд	24714
напичкать	24713
панов	24712
лагуна	24711
колесный	24710
чингисхан	24709
илия	24708
потеплеть	24707
монашество	24706
воодушевлять	24705
лиссабон	24704
локк	24703
неуловимо	24702
кормчий	24701
филфак	24700
герметичный	24699
батрак	24698
намордник	24697
программер	24696
канделябр	24695
дуться	24694
глушко	24693
преданно	24692
шилов	24691
копеечка	24690
жакет	24689
искривить	24688
перевесить	24687
недооценка	24686
коронация	24685
заморгать	24684
разволноваться	24683
затрясти	24682
невнимательный	24681
небезразличный	24680
индуизм	24679
оружейник	24678
логан	24677
набожный	24676
академгородок	24675
такса	24674
гротеск	24673
внедорожник	24672
сноуборд	24671
обнажиться	24670
самопознание	24669
скрепка	24668
номерной	24667
амый	24666
диагностировать	24665
кастинг	24664
лобок	24663
прорезаться	24662
потакать	24661
зарываться	24660
еруслан	24659
судимость	24658
научность	24657
неприменимый	24656
подземка	24655
обличение	24654
дункан	24653
закоренелый	24652
трудолюбов	24651
магнетизм	24650
уравнять	24649
бородавка	24648
дьяк	24647
днепропетровск	24646
бет	24645
панельный	24644
соляной	24643
трехмесячный	24642
комедийный	24641
своеобразно	24640
высовывать	24639
позволительный	24638
переправляться	24637
нема	24636
вашингтонский	24635
пихать	24634
наперевес	24633
мена	24632
смекнуть	24631
спонсировать	24630
складной	24629
ежеминутно	24628
стить	24627
нерабочий	24626
икать	24625
канонада	24624
искривление	24623
созывать	24622
беднейший	24621
типологический	24620
контрнаступление	24619
содрогание	24618
бунгало	24617
кенигсберг	24616
бетси	24615
видывать	24614
хоккеист	24613
энный	24612
интенция	24611
амнезия	24610
внушительно	24609
мировосприятие	24608
тужиться	24607
обувной	24606
голубизна	24605
плательщик	24604
голгофа	24603
горелый	24602
прикорм	24601
утрировать	24600
малознакомый	24599
непорядок	24598
свешиваться	24597
перси	24596
объездить	24595
католичество	24594
дуров	24593
избранница	24592
завхоз	24591
кольнуть	24590
утечь	24589
резаться	24588
юморист	24587
настенька	24586
свинство	24585
алисия	24584
ложить	24583
пасе	24582
вылупиться	24581
географ	24580
мемуарный	24579
оголить	24578
ий	24577
картель	24576
остин	24575
стоматологический	24574
неопрятный	24573
пойма	24572
рэкет	24571
нереально	24570
выслеживать	24569
грациозно	24568
стезя	24567
помножить	24566
бомбовый	24565
тирасполь	24564
решетчатый	24563
переутомление	24562
рюрик	24561
дени	24560
ниро	24559
сгубить	24558
моисеевич	24557
курчатов	24556
гаага	24555
кос	24554
сталкивать	24553
пуп	24552
отдушина	24551
припереть	24550
ахти	24549
глодать	24548
огрызок	24547
вмонтировать	24546
сторон	24545
кедровый	24544
хулиганский	24543
первейший	24542
зарядный	24541
хельга	24540
увязнуть	24539
шестнадцатилетний	24538
эллада	24537
регент	24536
бугай	24535
целеустремленность	24534
гремучий	24533
горшочек	24532
пассив	24531
приятность	24530
бриан	24529
бесконтрольный	24528
плут	24527
фрейм	24526
небосклон	24525
коряга	24524
пильняк	24523
подлог	24522
скрещивание	24521
стойло	24520
хайек	24519
дашка	24518
бесподобный	24517
бесчестный	24516
курносый	24515
картофелина	24514
сухарик	24513
полемический	24512
компьютеризация	24511
чижик	24510
вона	24509
кремовый	24508
оттаять	24507
бдение	24506
бруклин	24505
вляпаться	24504
неоправданно	24503
классификатор	24502
модно	24501
попойка	24500
осечка	24499
бесправный	24498
слипнуться	24497
сгорбиться	24496
нездешний	24495
гневаться	24494
эльдар	24493
промямлить	24492
рамн	24491
зубастый	24490
сбытовой	24489
зернышко	24488
анимационный	24487
натуралист	24486
луговой	24485
нарушиться	24484
мотреть	24483
конвергенция	24482
бакунин	24481
перепланировка	24480
монро	24479
расправлять	24478
волхв	24477
пхеньян	24476
ммвб	24475
грегори	24474
беспризорник	24473
гош	24472
вечереть	24471
еременко	24470
шнырять	24469
скать	24468
сатан	24467
сгоряча	24466
мистицизм	24465
кастрировать	24464
паул	24463
роб	24462
изнурять	24461
камзол	24460
пу	24459
неподготовленный	24458
прошить	24457
паз	24456
отпирать	24455
пренебрежительный	24454
дэзи	24453
умудрить	24452
рун	24451
майн	24450
пруток	24449
кулаков	24448
русалочка	24447
устюженский	24446
анемия	24445
формализовать	24444
договаривать	24443
услужливый	24442
ползком	24441
ссылочка	24440
отместка	24439
паритет	24438
низость	24437
трумэн	24436
дека	24435
покладистый	24434
ненадобность	24433
сабина	24432
счастливец	24431
простительный	24430
непрошеный	24429
гиперссылка	24428
затемнение	24427
ариец	24426
поборник	24425
амбразура	24424
аллода	24423
бесланский	24422
невидимка	24421
оглашение	24420
почивать	24419
руский	24418
посмешище	24417
подзатыльник	24416
покусать	24415
подмастерье	24414
четвёртый	24413
технологически	24412
устрашение	24411
маневры	24410
неуплата	24409
касперский	24408
форель	24407
городить	24406
дороти	24405
диковинка	24404
амфитеатр	24403
труднейший	24402
соавторство	24401
вылавливать	24400
токсин	24399
шульц	24398
любимица	24397
тэк	24396
метеор	24395
лечебно	24394
заячий	24393
готовка	24392
выключаться	24391
подделать	24390
обессилеть	24389
прикладываться	24388
графоман	24387
разворотить	24386
ерзать	24385
дробление	24384
равновесный	24383
обрамить	24382
гинекологический	24381
свернутый	24380
душанбе	24379
спиридонов	24378
зимовка	24377
бессменный	24376
загибать	24375
узловой	24374
утолять	24373
рощица	24372
бронировать	24371
инфицировать	24370
отступиться	24369
отбираться	24368
отчётность	24367
дайте	24366
подмывать	24365
жуан	24364
скрытность	24363
флиртовать	24362
впрямую	24361
молодожен	24360
предвзятый	24359
благородно	24358
бессрочный	24357
кинестетический	24356
олегович	24355
текучий	24354
беллетристика	24353
автовладелец	24352
спекулировать	24351
самоидентификация	24350
вдумчиво	24349
подкидывать	24348
петергоф	24347
трехдневный	24346
междугородный	24345
позолота	24344
самоанализ	24343
индейка	24342
застроить	24341
соцент	24340
патриархия	24339
обуревать	24338
эскимос	24337
матрена	24336
бертон	24335
колосов	24334
принюхиваться	24333
рейхстаг	24332
сблизить	24331
посредственность	24330
аферист	24329
тобольск	24328
сильвер	24327
акать	24326
встаёт	24325
закачать	24324
зажмурить	24323
ожесточение	24322
злобин	24321
аст	24320
немногословный	24319
бороздить	24318
правомерный	24317
суконный	24316
ненападение	24315
проехаться	24314
разглашение	24313
лаж	24312
выделка	24311
кпкопейка	24310
миль	24309
мощи	24308
откидывать	24307
нестор	24306
подольск	24305
гласная	24304
отписать	24303
деторождение	24302
пекарь	24301
уолл	24300
правописание	24299
разогнаться	24298
ервый	24297
глинский	24296
жестянка	24295
благоволить	24294
выразитель	24293
робби	24292
погорелый	24291
моющий	24290
выгрузить	24289
рекламироваться	24288
пяток	24287
соколовский	24286
пригладить	24285
ничтожно	24284
дребедень	24283
исподтишка	24282
бюрократизм	24281
миловать	24280
причитание	24279
втор	24278
интеллигентность	24277
опечатать	24276
дебютировать	24275
пекинский	24274
осточертеть	24273
подло	24272
безучастно	24271
апатит	24270
непререкаемый	24269
правомерность	24268
разительно	24267
правомерно	24266
проникнутый	24265
сальдо	24264
гросс	24263
неряшливый	24262
окупить	24261
познания	24260
наручный	24259
затуманить	24258
простановка	24257
тщедушный	24256
придаточный	24255
сомненье	24254
разлагать	24253
стилист	24252
прашивать	24251
вровень	24250
нудно	24249
фьючерсный	24248
захлопывать	24247
припадать	24246
скушать	24245
тормознуть	24244
уч	24243
мегрэ	24242
непроглядный	24241
климент	24240
вса	24239
округлиться	24238
всхлип	24237
денди	24236
выкрутиться	24235
хранительница	24234
печатание	24233
олово	24232
афина	24231
сожжение	24230
сокурсник	24229
подвешивать	24228
превратность	24227
тамерлан	24226
дионис	24225
мариша	24224
подпрограмма	24223
бессловесный	24222
транквилизатор	24221
ревностный	24220
колер	24219
прослезиться	24218
сгущенка	24217
полметра	24216
адно	24215
вчетверо	24214
испещрить	24213
ущербность	24212
обдумывание	24211
веб	24210
доверчивость	24209
кейнс	24208
недостроенный	24207
своий	24206
удить	24205
прозевать	24204
аарон	24203
преподавательница	24202
смрад	24201
виртуозный	24200
гипермаркет	24199
протестантизм	24198
звукорежиссер	24197
связывание	24196
хореограф	24195
компьютерщик	24194
сероглазый	24193
наводчик	24192
отчаянье	24191
химикат	24190
препона	24189
опальный	24188
хаус	24187
нейтронный	24186
горбушка	24185
акр	24184
натяжение	24183
претворить	24182
множиться	24181
перемешивать	24180
ска	24179
бесноваться	24178
врубиться	24177
оголтелый	24176
окрас	24175
физиолог	24174
косматый	24173
толстенький	24172
поло	24171
напутать	24170
неадекватно	24169
дали	24168
курево	24167
альт	24166
балда	24165
переживаться	24164
боливия	24163
американо	24162
двоякий	24161
практикующий	24160
закутаться	24159
перегрев	24158
мочка	24157
кибер	24156
бронхиальный	24155
неудовлетворенный	24154
кемпинг	24153
категорично	24152
автотранспортный	24151
сеновал	24150
самоходный	24149
чилийский	24148
сов	24147
бриг	24146
воинствующий	24145
издевательский	24144
болид	24143
основополагать	24142
букварь	24141
ип	24140
золя	24139
ужо	24138
вышагивать	24137
доярка	24136
суб	24135
выцвести	24134
помои	24133
турбаза	24132
светочка	24131
неверность	24130
ладиться	24129
отъявленный	24128
циннеркнок	24127
таксон	24126
осмелеть	24125
интроверт	24124
перепродажа	24123
канарейка	24122
самодержец	24121
отвратить	24120
малфа	24119
ец	24118
челны	24117
перезарядиться	24116
корзун	24115
организованно	24114
патрулирование	24113
аркан	24112
аккредитовать	24111
алм	24110
апач	24109
слечь	24108
трансплантация	24107
подзаголовок	24106
ширпотреб	24105
иранец	24104
тб	24103
отчалить	24102
западать	24101
бэкон	24100
ниспослать	24099
метиза	24098
тося	24097
расистский	24096
заоблачный	24095
текучесть	24094
возвратный	24093
водочный	24092
обрезок	24091
старшинство	24090
похотливый	24089
феофан	24088
букетик	24087
кото	24086
щипцы	24085
дрель	24084
витальевич	24083
лампада	24082
дебби	24081
плавной	24080
ачать	24079
мерило	24078
интернетовский	24077
одаривать	24076
воздавать	24075
мрот	24074
хлор	24073
конгрессмен	24072
вениаминович	24071
дэв	24070
доспех	24069
раздосадовать	24068
сна	24067
лавровый	24066
падаль	24065
раба	24064
туроператор	24063
простодушно	24062
заступить	24061
людишки	24060
тюфяк	24059
винс	24058
мика	24057
форс	24056
маневрирование	24055
смотаться	24054
регрессия	24053
обременительный	24052
денежно	24051
блеф	24050
моск	24049
определённых	24048
присыпать	24047
резец	24046
вмятина	24045
эвакуироваться	24044
фокина	24043
мещерский	24042
следопыт	24041
непередаваемый	24040
гантель	24039
выводок	24038
применимость	24037
воркута	24036
галантный	24035
хохма	24034
изранить	24033
колмогоров	24032
хатдать	24031
умопомрачительный	24030
обмыть	24029
гипертонический	24028
заседатель	24027
склока	24026
галиция	24025
придушить	24024
втирать	24023
балбес	24022
возмещать	24021
отсечение	24020
предгорье	24019
стремглав	24018
дебильный	24017
буланин	24016
поблажка	24015
сферический	24014
скрипта	24013
опрометчиво	24012
мокнуть	24011
криптография	24010
люська	24009
сожительство	24008
земледельческий	24007
фом	24006
заваливаться	24005
наморщить	24004
плодотворно	24003
неистовство	24002
зловредный	24001
консервация	24000
игоревич	23999
кома	23998
исо	23997
культурологический	23996
киевлянин	23995
сдуру	23994
обладательница	23993
ликвидный	23992
намокнуть	23991
действенность	23990
наценка	23989
клер	23988
бжезинский	23987
общегосударственный	23986
оповещать	23985
отморозить	23984
ночка	23983
слинять	23982
локки	23981
ирма	23980
иностранка	23979
безобразно	23978
изматывать	23977
вентиль	23976
солярка	23975
депортировать	23974
межправительственный	23973
опережение	23972
формализм	23971
фрида	23970
замашка	23969
обалденный	23968
лощина	23967
якорный	23966
кинематография	23965
полифония	23964
внимательность	23963
надоедливый	23962
терем	23961
обыгрывать	23960
виолетта	23959
иосифович	23958
среднемесячный	23957
зоологический	23956
бесплотный	23955
семьёй	23954
симулятор	23953
дирижабль	23952
захария	23951
равноденствие	23950
баснословный	23949
стискивать	23948
двенадцатилетний	23947
рр	23946
клирик	23945
обессилить	23944
кесарь	23943
иеромонах	23942
отличница	23941
альпинистский	23940
пьёт	23939
кронштейн	23938
группироваться	23937
извинять	23936
щукин	23935
позитивизм	23934
пич	23933
дымоход	23932
глобально	23931
воскресенский	23930
хьюстон	23929
ривз	23928
эмилия	23927
акамие	23926
одноместный	23925
осаго	23924
имиджевый	23923
обиняк	23922
достучаться	23921
твёрдо	23920
воскрешать	23919
энергоснабжение	23918
какать	23917
улыбочка	23916
робеспьер	23915
кондиционирование	23914
облачиться	23913
оговаривать	23912
залаять	23911
биха	23910
юркнуть	23909
уздечка	23908
пломба	23907
ви	23906
афродита	23905
витек	23904
невостребованный	23903
диспетчерский	23902
десь	23901
оскал	23900
маринин	23899
застукать	23898
диджей	23897
биохимия	23896
гинекология	23895
теолог	23894
гомель	23893
порывисто	23892
укоризна	23891
мародер	23890
стат	23889
поедание	23888
закоптить	23887
забиваться	23886
базаров	23885
элегантность	23884
уязвить	23883
формализованный	23882
режа	23881
задвижка	23880
индиана	23879
дор	23878
елисейский	23877
бойкот	23876
раскидывать	23875
сопереживать	23874
дирижировать	23873
сокольники	23872
рич	23871
лобби	23870
высвободиться	23869
пуанкаре	23868
джуди	23867
отстраняться	23866
центробежный	23865
султанмурат	23864
гонг	23863
баклажан	23862
позвоночный	23861
шумерский	23860
миранда	23859
поранить	23858
ларик	23857
придирчивый	23856
панически	23855
прутик	23854
караться	23853
удлинить	23852
вахтенный	23851
конденсатор	23850
доказательный	23849
лазаревич	23848
вклиниться	23847
екатерининский	23846
светик	23845
выхлопной	23844
посовещаться	23843
призывный	23842
рамочный	23841
кастрюлька	23840
тестостерон	23839
лосьон	23838
чжоу	23837
пин	23836
почитай	23835
синди	23834
золотисто	23833
люпин	23832
кропоткин	23831
тускнеть	23830
наживка	23829
геркулес	23828
идеть	23827
подмостки	23826
мюнхенский	23825
безошибочный	23824
пернатый	23823
неустанный	23822
объезд	23821
моня	23820
киви	23819
паштет	23818
порнуха	23817
вздымать	23816
санек	23815
философско	23814
капица	23813
брифинг	23812
бондарчук	23811
труффальдин	23810
наркобизнес	23809
антей	23808
откатиться	23807
инкубатор	23806
скорчиться	23805
эманация	23804
стрельнуть	23803
евразийство	23802
бандероль	23801
определённой	23800
ожесточенно	23799
ходуном	23798
вызволить	23797
высыхать	23796
подольский	23795
шиш	23794
тэ	23793
завербовать	23792
лесоруб	23791
нотариально	23790
подношение	23789
трансфер	23788
попечительский	23787
бесстрашно	23786
запятнать	23785
заживать	23784
здоровяк	23783
атакующий	23782
неровно	23781
вставной	23780
мэт	23779
огнём	23778
истукан	23777
наживаться	23776
бриджить	23775
семнадцатилетний	23774
перламутровый	23773
смастерить	23772
зебра	23771
восемнадцатилетний	23770
снобизм	23769
абсолютизм	23768
переходной	23767
октава	23766
дробовик	23765
заначка	23764
навернуться	23763
разветвить	23762
деррида	23761
порождаться	23760
волочиться	23759
жернов	23758
тодоровский	23757
переменчивый	23756
микроэлемент	23755
тискать	23754
предвзятость	23753
запугивание	23752
упразднение	23751
рембрандт	23750
полотняный	23749
шапиро	23748
венчаться	23747
обомлеть	23746
милтон	23745
аудиокассета	23744
респондентка	23743
фио	23742
фм	23741
переболеть	23740
росси	23739
занудный	23738
оксфордский	23737
поощрить	23736
притронуться	23735
кожух	23734
перешеек	23733
шевеление	23732
охрипнуть	23731
бандитизм	23730
неустойка	23729
абсурдность	23728
осенять	23727
бездельничать	23726
горняк	23725
сдувать	23724
кощунственный	23723
введенский	23722
срам	23721
вднх	23720
упорядоченный	23719
нацелиться	23718
всемогущество	23717
сальвадор	23716
досмотреть	23715
юрик	23714
кряду	23713
франкенштейн	23712
непризнанный	23711
карамазов	23710
толково	23709
твердыня	23708
задуть	23707
клюев	23706
посреднический	23705
новицкий	23704
дейв	23703
злейший	23702
предохранение	23701
ган	23700
цветник	23699
хасид	23698
алесить	23697
динка	23696
кругосветный	23695
бейсбол	23694
полыхнуть	23693
ден	23692
марковна	23691
джан	23690
гармонизация	23689
орд	23688
высь	23687
наум	23686
соловецкий	23685
приемать	23684
подвижка	23683
топиться	23682
приёма	23681
подрывной	23680
реанимировать	23679
вышесказанное	23678
премиальный	23677
мочалка	23676
диспозиция	23675
автопортрет	23674
бесовский	23673
кинетический	23672
газик	23671
взаимозависимость	23670
порабощение	23669
скуратов	23668
тряска	23667
калачик	23666
нарочитый	23665
бирка	23664
неподражаемый	23663
наверстать	23662
надин	23661
страждущий	23660
почесывать	23659
терский	23658
брок	23657
ароматический	23656
полупроводниковый	23655
переосмыслить	23654
сорбонна	23653
наволочка	23652
тягаться	23651
дисфункция	23650
штрафовать	23649
бескровный	23648
вперемежку	23647
степенно	23646
маленькая	23645
папенька	23644
природно	23643
сослужить	23642
фк	23641
кофеварка	23640
позабавить	23639
содом	23638
упырь	23637
анвар	23636
феминистский	23635
политкорректность	23634
снадобье	23633
разболеться	23632
радиальный	23631
ставрополье	23630
компресс	23629
редукция	23628
субсидирование	23627
подвигать	23626
протокольный	23625
терралаба	23624
гончар	23623
сименс	23622
дослать	23621
станционный	23620
оттопырить	23619
поджелудочный	23618
мичурин	23617
разбойничий	23616
отмазка	23615
лебедка	23614
скарб	23613
донец	23612
запаздывать	23611
загладить	23610
донорский	23609
деревяшка	23608
перелетный	23607
линч	23606
огорченный	23605
механизация	23604
юджин	23603
кощунство	23602
тоть	23601
андреа	23600
удивлённо	23599
прозвенеть	23598
ползучий	23597
выпуклость	23596
петушок	23595
неравномерно	23594
осязание	23593
политзаключенный	23592
трансакция	23591
пришлый	23590
геймплей	23589
химиотерапия	23588
заикание	23587
доплачивать	23586
отгородиться	23585
очкастый	23584
чтец	23583
торгаш	23582
сопляк	23581
плацента	23580
мешкать	23579
мантра	23578
перпендикулярно	23577
мадагаскар	23576
ужасаться	23575
нюрнберг	23574
моторист	23573
застенок	23572
застарелый	23571
командировочный	23570
баренцев	23569
потанин	23568
отбросы	23567
фокусировка	23566
тыкаться	23565
прессинг	23564
недочет	23563
кокос	23562
концентрационный	23561
фигурант	23560
медикаментозный	23559
душка	23558
хлюпать	23557
арвид	23556
петро	23555
кодировать	23554
юнкер	23553
малодушие	23552
разогревать	23551
вскинуться	23550
европарламент	23549
часом	23548
перегон	23547
гарнир	23546
сепаратистский	23545
ледовитый	23544
аккумуляторный	23543
редька	23542
палаточный	23541
смышленый	23540
ухаб	23539
маньчжурия	23538
медийный	23537
шелл	23536
клещи	23535
многоточие	23534
холодайн	23533
тошнотворный	23532
наречь	23531
семиотика	23530
снк	23529
подраздел	23528
осмысливать	23527
отыскаться	23526
режиссёр	23525
лучистый	23524
чка	23523
бойница	23522
книжник	23521
подснежник	23520
сиамский	23519
унижаться	23518
носов	23517
кутаться	23516
гастрит	23515
осиротеть	23514
предшествующий	23513
ауди	23512
отталкивание	23511
немощь	23510
панама	23509
закалить	23508
аббатство	23507
пристраститься	23506
хвать	23505
комплексовать	23504
упаковывать	23503
кт	23502
перенапряжение	23501
онуфрий	23500
задник	23499
войно	23498
волдеморт	23497
отваливаться	23496
хвостовой	23495
градоначальник	23494
акушер	23493
нормализоваться	23492
вмс	23491
выписаться	23490
блуд	23489
однородность	23488
новомодный	23487
необозримый	23486
стремя	23485
памир	23484
девственник	23483
херувим	23482
потешаться	23481
грозовой	23480
горазд	23479
прайм	23478
приобщаться	23477
чтож	23476
гемоглобин	23475
выскочка	23474
незарегистрированный	23473
эстакада	23472
грэг	23471
перерабатывающий	23470
муп	23469
росить	23468
червячок	23467
роиться	23466
превеликий	23465
скверик	23464
тренерский	23463
формализация	23462
афишировать	23461
эскадр	23460
николсон	23459
искажаться	23458
резонировать	23457
детсад	23456
кетчуп	23455
шестидесятник	23454
доныне	23453
периодика	23452
скрасить	23451
рушить	23450
отметина	23449
подобающий	23448
селекционер	23447
любви	23446
тайфун	23445
прояснение	23444
уролог	23443
намочить	23442
бесстрашие	23441
вершок	23440
телик	23439
съестной	23438
северокорейский	23437
уродец	23436
усыпальница	23435
скупо	23434
огайо	23433
праздноваться	23432
самосвал	23431
ущемить	23430
микс	23429
свозить	23428
караулов	23427
сергеич	23426
форсирование	23425
измазать	23424
поличное	23423
камерон	23422
перенестись	23421
туманов	23420
безболезненный	23419
блейк	23418
ческий	23417
кафешка	23416
слепец	23415
рассада	23414
прцент	23413
курьез	23412
фуко	23411
истеблишмент	23410
брахман	23409
складный	23408
пенный	23407
корениться	23406
выговориться	23405
сный	23404
бластер	23403
скорбно	23402
кроули	23401
амалия	23400
мотивированный	23399
энергопотребление	23398
возница	23397
аппендицит	23396
сш	23395
острейший	23394
кольт	23393
пожинать	23392
покупательский	23391
малышев	23390
излом	23389
рубильник	23388
поступиться	23387
ция	23386
докучать	23385
ломбард	23384
шереметев	23383
агидель	23382
полёта	23381
заскользить	23380
листовой	23379
тц	23378
неодушевленный	23377
полярность	23376
ультр	23375
щуплый	23374
подкатывать	23373
противопоставляться	23372
шлепанец	23371
диктовка	23370
захоронить	23369
абстрагироваться	23368
процедурный	23367
полусотня	23366
сцука	23365
межэтнический	23364
наполнитель	23363
лившиц	23362
выкарабкаться	23361
фа	23360
невыразительный	23359
митинговать	23358
учительская	23357
шифровка	23356
барельеф	23355
пусковой	23354
деформировать	23353
вдовец	23352
бадер	23351
жандармский	23350
подсмотреть	23349
лактация	23348
топорик	23347
ангола	23346
приставлять	23345
практикум	23344
маршак	23343
хард	23342
эшафот	23341
правдиво	23340
перемычка	23339
сокрушать	23338
хвастать	23337
аккордеон	23336
разграничить	23335
садовод	23334
залежь	23333
структурированный	23332
роднить	23331
леопольд	23330
махина	23329
высокопроизводительный	23328
разнос	23327
стеклышко	23326
празднично	23325
безнаказанный	23324
исказиться	23323
примочка	23322
сумятица	23321
овчинников	23320
куцый	23319
скандировать	23318
сверхприбыль	23317
вовартира	23316
поплавать	23315
дарвинизм	23314
бельё	23313
выныривать	23312
разъяснительный	23311
пенс	23310
щербинский	23309
глазычев	23308
вересаев	23307
елочный	23306
лицемер	23305
засчитывать	23304
прилюдно	23303
профанация	23302
ограничительный	23301
ревматизм	23300
сладострастие	23299
модест	23298
организовываться	23297
грибной	23296
вычитание	23295
трико	23294
ночник	23293
кондиция	23292
франшиза	23291
фонарный	23290
можать	23289
выпрямляться	23288
бронирование	23287
буэнос	23286
сдавленный	23285
выгуливать	23284
залепить	23283
холодеть	23282
пепелище	23281
помойный	23280
закулисный	23279
хорнблоуэр	23278
пришивать	23277
несусветный	23276
неповторимость	23275
питейный	23274
немочь	23273
неуклонный	23272
жик	23271
алиция	23270
коган	23269
презентовать	23268
шопен	23267
выпендриваться	23266
оригинально	23265
загнуться	23264
хота	23263
высокоэффективный	23262
подвид	23261
вымогать	23260
бедствовать	23259
пенальти	23258
молочница	23257
поглазеть	23256
открывание	23255
матричный	23254
антоша	23253
оплеуха	23252
проектно	23251
кикимора	23250
педераст	23249
преобразовывать	23248
поигрывать	23247
дюжий	23246
отяжелеть	23245
давешний	23244
беспримерный	23243
неиспользованный	23242
компрессия	23241
дознание	23240
позиционный	23239
участливо	23238
шизофреник	23237
осло	23236
кокс	23235
непрекращающийся	23234
услужливо	23233
притеснение	23232
статусный	23231
гуссерль	23230
раби	23229
хорватский	23228
интер	23227
пахан	23226
махонин	23225
ааа	23224
двадцатка	23223
мбр	23222
нормализовать	23221
передозировка	23220
распутать	23219
отсчитать	23218
казахстанец	23217
чукч	23216
прослеживать	23215
косметолог	23214
остудить	23213
песенный	23212
дееспособный	23211
бартер	23210
стивенс	23209
заляпать	23208
чёрное	23207
весёлый	23206
отродясь	23205
всеуслышание	23204
согнутый	23203
планомерно	23202
оброк	23201
приворот	23200
солли	23199
пневматический	23198
лацкан	23197
долгорукий	23196
слыхивать	23195
глухота	23194
коллективно	23193
поберечь	23192
вольский	23191
амуниция	23190
автобан	23189
броский	23188
повариха	23187
бридж	23186
страшновато	23185
чкалов	23184
килька	23183
неандерталец	23182
ферапонтик	23181
репина	23180
гауптвахта	23179
мана	23178
победно	23177
уголек	23176
бодибилдинг	23175
высокочастотный	23174
совмещаться	23173
рей	23172
географически	23171
ряса	23170
неприветливый	23169
североамериканский	23168
фестивальный	23167
ублажать	23166
удостоверить	23165
повелительный	23164
прогнуться	23163
хорошее	23162
переименовывать	23161
кредиторский	23160
княжение	23159
профан	23158
послеродовой	23157
разбивка	23156
несокрушимый	23155
однополчанин	23154
негодность	23153
мореплаватель	23152
переиздать	23151
артемия	23150
синоптик	23149
хрущевский	23148
восточноевропейский	23147
кельт	23146
десктопа	23145
полив	23144
сиротский	23143
училка	23142
пирамидка	23141
тнт	23140
трифонов	23139
бирюзовый	23138
тута	23137
былина	23136
кубинец	23135
маклер	23134
гиппократ	23133
когорта	23132
язон	23131
омрачить	23130
расшить	23129
джоэл	23128
сомов	23127
проглядеть	23126
затворник	23125
забой	23124
шоссейный	23123
морщить	23122
ополченец	23121
выброситься	23120
эдвин	23119
нимб	23118
рести	23117
затор	23116
заводь	23115
дерзнуть	23114
пть	23113
пришвин	23112
позна	23111
погорячиться	23110
параллелизм	23109
ускакать	23108
чередовать	23107
ронни	23106
мамуль	23105
наседать	23104
истерзать	23103
майлс	23102
нагнетать	23101
вдв	23100
скиталец	23099
паллада	23098
поощряться	23097
приношение	23096
усмирить	23095
радиоактивность	23094
козаков	23093
щелочка	23092
тяготиться	23091
присказка	23090
пододвинуть	23089
возжелать	23088
демонтировать	23087
ульяна	23086
баловство	23085
галуа	23084
колорадо	23083
трофимович	23082
послабление	23081
микеланджело	23080
перекус	23079
беркут	23078
белгородский	23077
поляризация	23076
прельщать	23075
эфес	23074
найдётся	23073
хетти	23072
мерин	23071
щепа	23070
самообразование	23069
выгнуть	23068
свершить	23067
казацкий	23066
темпераментный	23065
калина	23064
повергать	23063
шекспировский	23062
заумный	23061
саундтрек	23060
отложиться	23059
выманить	23058
селектор	23057
сена	23056
зотов	23055
садизм	23054
экспрессия	23053
явственный	23052
дровосек	23051
белл	23050
сито	23049
анонсы	23048
даллас	23047
печенкин	23046
гарин	23045
хваленый	23044
гибко	23043
лёд	23042
вылизывать	23041
экий	23040
фальшиво	23039
пластичный	23038
пленять	23037
вспылить	23036
халатность	23035
чертог	23034
заплыть	23033
сворачиваться	23032
асимметричный	23031
демобилизация	23030
обнюхивать	23029
разъедать	23028
персоналия	23027
дряблый	23026
неприкрытый	23025
вобла	23024
попытать	23023
новочеркасск	23022
урфостров	23021
заноза	23020
рый	23019
бурбон	23018
корректура	23017
точь	23016
прослыть	23015
оцепление	23014
энергосистема	23013
сторожка	23012
равнинный	23011
впалый	23010
определённого	23009
месопотамия	23008
целительный	23007
переходник	23006
маркировать	23005
членение	23004
неоконченный	23003
ролан	23002
идентификационный	23001
расчесывать	23000
начинить	22999
постричь	22998
ледоруб	22997
засветить	22996
райм	22995
бешт	22994
естествоиспытатель	22993
запатентовать	22992
баать	22991
вовек	22990
мэтт	22989
пиарщик	22988
электропоезд	22987
лоббирование	22986
тяжеловесный	22985
иоффе	22984
педант	22983
череповец	22982
слопать	22981
вприпрыжку	22980
ландыш	22979
старинка	22978
табель	22977
приходящий	22976
субстрат	22975
размеренно	22974
сгиб	22973
вышибать	22972
плескать	22971
авторадио	22970
лоренцо	22969
шенгенский	22968
нескоро	22967
исповедание	22966
пивоваренный	22965
радиолокационный	22964
невмоготу	22963
мосхион	22962
злободневный	22961
гамбургский	22960
зенитчик	22959
удушье	22958
тушеный	22957
альбертовна	22956
афон	22955
перепуг	22954
спецвыпуск	22953
спесь	22952
вазочка	22951
гиз	22950
краситься	22949
лыко	22948
кодек	22947
незавидный	22946
гринпис	22945
перебежать	22944
зил	22943
наживать	22942
родригес	22941
ресивер	22940
извлекаться	22939
увлеченность	22938
доконать	22937
вооружаться	22936
кофейник	22935
бесхитростный	22934
веча	22933
позарез	22932
суриков	22931
попортить	22930
хозяйственник	22929
закаленный	22928
широкополосный	22927
ошибочность	22926
анкетирование	22925
винокур	22924
ворковать	22923
разжимать	22922
колосс	22921
верблюжий	22920
многоэтажка	22919
мальчонка	22918
закидать	22917
наниматься	22916
останкинский	22915
чарнота	22914
дрейфовать	22913
образа	22912
стереотипный	22911
ускориться	22910
армен	22909
бордовый	22908
снв	22907
укроп	22906
рюкзачок	22905
наискосок	22904
однокашник	22903
зудеть	22902
долговечность	22901
влачить	22900
донышко	22899
политэкономия	22898
марица	22897
окуляр	22896
судоходство	22895
бесценок	22894
слипаться	22893
боекомплект	22892
начнём	22891
сачок	22890
ржание	22889
пепельный	22888
ландау	22887
синтон	22886
нашивка	22885
отмывать	22884
приметный	22883
катар	22882
подзащитный	22881
шурин	22880
неразборчиво	22879
слизистая	22878
оттоманский	22877
сутенер	22876
битье	22875
ротмистр	22874
двоечник	22873
шаймиев	22872
гертруда	22871
выпроводить	22870
розоватый	22869
сплотиться	22868
покусывать	22867
хамский	22866
повоевать	22865
глинистый	22864
тео	22863
насилу	22862
истолковывать	22861
феррари	22860
меркантильный	22859
фронтон	22858
макартур	22857
герасимов	22856
коваленко	22855
пасека	22854
кузбасс	22853
подергать	22852
разломать	22851
повеять	22850
любка	22849
массовость	22848
реорганизовать	22847
гавайский	22846
карина	22845
тяжеленный	22844
безвольно	22843
цапля	22842
визгливый	22841
габриэль	22840
загореть	22839
хить	22838
разминать	22837
нач	22836
билайн	22835
табакерка	22834
играющий	22833
телека	22832
мученический	22831
прикид	22830
акробат	22829
автозавод	22828
тото	22827
ниц	22826
суррогатный	22825
рыбачий	22824
акие	22823
перебиваться	22822
заградительный	22821
экономка	22820
начитанный	22819
зампред	22818
белогвардейский	22817
запылить	22816
мпс	22815
однократный	22814
техасский	22813
вживую	22812
нервировать	22811
вломиться	22810
народец	22809
изыскать	22808
понемножку	22807
самолетик	22806
никифор	22805
обогащаться	22804
стервятник	22803
навесить	22802
евнух	22801
неразвитый	22800
одри	22799
софийский	22798
праздность	22797
предприимчивость	22796
фетисов	22795
джованни	22794
стороной	22793
олимпия	22792
мик	22791
селигер	22790
зураб	22789
закручивать	22788
обвязать	22787
обшарить	22786
вязь	22785
арафат	22784
креативность	22783
ванечка	22782
гуп	22781
копиться	22780
новоселье	22779
выполнимый	22778
ессно	22777
распределиться	22776
распрямиться	22775
левит	22774
бардо	22773
девайс	22772
зимин	22771
мавр	22770
превозмогать	22769
рп	22768
скоп	22767
запечатлеться	22766
саксонский	22765
подвоз	22764
каримов	22763
пристраиваться	22762
креститель	22761
найдёте	22760
мундштук	22759
центрифуга	22758
запихать	22757
урвать	22756
взлетно	22755
очистительный	22754
вий	22753
подпитка	22752
стенгазета	22751
ампула	22750
ванночка	22749
плутарх	22748
бунтарь	22747
орава	22746
прикрутить	22745
душевая	22744
штурмовка	22743
прокламация	22742
дзен	22741
пиночет	22740
кулагин	22739
половица	22738
отважно	22737
барбер	22736
памфлет	22735
нестратов	22734
манчестер	22733
йошкар	22732
прыщик	22731
сочетанье	22730
расписной	22729
пещер	22728
разграбление	22727
прошивка	22726
избыточность	22725
урбанизация	22724
набитый	22723
макро	22722
совершеннолетний	22721
подсобка	22720
тм	22719
клавишный	22718
волосяной	22717
создаётся	22716
озябнуть	22715
закружить	22714
хлебец	22713
попустительство	22712
подыгрывать	22711
целомудренный	22710
штырь	22709
оливье	22708
мерси	22707
проселок	22706
телефонистка	22705
генпрокурор	22704
бьёт	22703
ситцевый	22702
взыскивать	22701
брукс	22700
апологет	22699
заделать	22698
чара	22697
филонов	22696
сулейман	22695
ляпунов	22694
набиться	22693
грыжа	22692
бортик	22691
постановщик	22690
гибралтар	22689
образность	22688
необоснованно	22687
кораблекрушение	22686
объесться	22685
интоксикация	22684
высвобождение	22683
божие	22682
растяжение	22681
ахинея	22680
исполнительский	22679
наихудший	22678
пресня	22677
пляс	22676
юдин	22675
вымя	22674
анни	22673
самойлов	22672
цингербать	22671
полечь	22670
эмиссар	22669
мгер	22668
сподобиться	22667
батюшки	22666
работящий	22665
бесполезность	22664
выкроить	22663
кисло	22662
прыщавый	22661
сбавлять	22660
кекс	22659
котироваться	22658
терзание	22657
солнцезащитный	22656
френч	22655
необразованный	22654
предохраняться	22653
красочно	22652
промеж	22651
садистский	22650
посетительница	22649
зрительно	22648
лошак	22647
россиянка	22646
векторный	22645
выпутаться	22644
подстегивать	22643
незаслуженный	22642
пропп	22641
тася	22640
заблудший	22639
стошнить	22638
ткач	22637
илюша	22636
горд	22635
тетива	22634
клево	22633
нацарапать	22632
приседание	22631
ломкий	22630
фундаменталист	22629
выплевывать	22628
исковеркать	22627
злоключение	22626
михал	22625
ткацкий	22624
шаровой	22623
прострация	22622
унция	22621
аутизм	22620
означить	22619
ильинский	22618
прожилка	22617
хорек	22616
ревностно	22615
листопад	22614
набат	22613
хоромы	22612
выведать	22611
суетливо	22610
сдружиться	22609
сяк	22608
циновка	22607
ув	22606
удлиненный	22605
штучный	22604
нефтедобыча	22603
адель	22602
неправедный	22601
хрестоматийный	22600
состоятельность	22599
обдавать	22598
перегонять	22597
песочек	22596
ямочка	22595
константинопольский	22594
миэт	22593
целлофановый	22592
засеять	22591
рапортовать	22590
ужастик	22589
гильотина	22588
блажь	22587
непривлекательный	22586
выволочь	22585
электроснабжение	22584
никудышный	22583
разводка	22582
подплыть	22581
канавка	22580
бернс	22579
спрогнозировать	22578
лаконично	22577
околица	22576
неоднозначно	22575
обучиться	22574
накрутить	22573
вернёмся	22572
коллектор	22571
нарушенный	22570
промычать	22569
утроиться	22568
избирком	22567
манфред	22566
старк	22565
туготрон	22564
дописывать	22563
карел	22562
незримо	22561
таращить	22560
скворец	22559
омерзение	22558
арфа	22557
взахлеб	22556
недоработка	22555
женщин	22554
каравай	22553
заедать	22552
намедни	22551
михеев	22550
кеннет	22549
благоговейно	22548
разминуться	22547
святый	22546
калька	22545
подзорный	22544
письмена	22543
проинструктировать	22542
стремянка	22541
струве	22540
растворять	22539
дипломированный	22538
риза	22537
найман	22536
малоприятный	22535
вернисаж	22534
гастроли	22533
ричать	22532
размежевание	22531
сьюзен	22530
регенерация	22529
иракец	22528
черенок	22527
мулла	22526
служилой	22525
нескладный	22524
взрыватель	22523
чемпионский	22522
малец	22521
безотказно	22520
корнеев	22519
сплочение	22518
мехико	22517
пиздить	22516
контузить	22515
блудница	22514
подлить	22513
обостренный	22512
перечить	22511
снотворный	22510
отваживаться	22509
вскорости	22508
бомбоубежище	22507
кбит	22506
балтимор	22505
артём	22504
иронично	22503
Мария	22502
варяг	22501
нах	22500
жозефина	22499
эпштейн	22498
колбасный	22497
альдо	22496
цитат	22495
рукоделие	22494
уинстон	22493
ды	22492
замороженный	22491
убавить	22490
уползти	22489
чаадаев	22488
перемешаться	22487
саморегулирование	22486
кадиллак	22485
отверженный	22484
проучить	22483
филька	22482
развращать	22481
танюша	22480
оперетта	22479
непозволительный	22478
уп	22477
взмокнуть	22476
мичиган	22475
упитанный	22474
неиссякаемый	22473
неказистый	22472
кулуар	22471
золотов	22470
путаный	22469
лапать	22468
виртуоз	22467
рьяно	22466
синь	22465
бумеранг	22464
шепшелович	22463
петровка	22462
преклонить	22461
гипнотизировать	22460
ежи	22459
рукотворный	22458
прогибаться	22457
соотнесение	22456
разглагольствовать	22455
зоолог	22454
подкожный	22453
нижеследующий	22452
стилизовать	22451
бестолково	22450
пояснительный	22449
божеский	22448
спешиться	22447
анкетный	22446
гнушаться	22445
знахарь	22444
пейтон	22443
саркастически	22442
растрата	22441
новаторство	22440
практичность	22439
аврал	22438
коалиционный	22437
мальтийский	22436
беднота	22435
слабоумие	22434
непритязательный	22433
благородие	22432
голословный	22431
тральщик	22430
минако	22429
передряга	22428
гостиный	22427
кристин	22426
неодинаковый	22425
аэродромный	22424
ефросимов	22423
электротехнический	22422
глупенький	22421
чёрном	22420
заокеанский	22419
удушливый	22418
неявно	22417
стенографистка	22416
кристально	22415
сургут	22414
бай	22413
дь	22412
корица	22411
сплоченный	22410
катин	22409
гусейнов	22408
аудиальный	22407
перебежчик	22406
дурачиться	22405
кокосовый	22404
пельмени	22403
камуфляжный	22402
бразилец	22401
мнс	22400
презреть	22399
отрабатываться	22398
монтажник	22397
букашка	22396
непоследовательный	22395
нарезка	22394
подземной	22393
воришка	22392
примеча	22391
невосполнимый	22390
четки	22389
прозябать	22388
тиражирование	22387
адача	22386
целлюлоза	22385
бессердечный	22384
килогерц	22383
мановение	22382
дуремар	22381
развертывать	22380
хмырь	22379
панно	22378
выпятить	22377
подмечать	22376
книзу	22375
лёгкий	22374
твоём	22373
афанасьевна	22372
окольный	22371
месторасположение	22370
ватт	22369
крижанич	22368
замахиваться	22367
пышно	22366
логик	22365
хонда	22364
благообразный	22363
разбиение	22362
мвек	22361
обгон	22360
водораздел	22359
мишкин	22358
форматирование	22357
уравновешивать	22356
хлипкий	22355
палящий	22354
фурсенко	22353
промозглый	22352
обслуга	22351
отцов	22350
субординация	22349
поддать	22348
клясть	22347
фарисей	22346
предводительство	22345
проваливать	22344
пенка	22343
извергать	22342
бакенбарда	22341
лат	22340
миролюбиво	22339
ярчайший	22338
состряпать	22337
мансур	22336
подсветить	22335
лайка	22334
подельник	22333
лоренцен	22332
роба	22331
телок	22330
аглый	22329
некрополь	22328
достаточность	22327
беннет	22326
старатель	22325
несение	22324
ступа	22323
пропитаться	22322
подпольщик	22321
юрский	22320
эквивалентность	22319
блестка	22318
омовение	22317
пилотирование	22316
заразительный	22315
великокняжеский	22314
босфор	22313
инк	22312
чукотский	22311
геев	22310
токо	22309
нова	22308
вертолетный	22307
будать	22306
напыщенный	22305
экспонент	22304
углекислота	22303
лесхоз	22302
самуил	22301
вяз	22300
компрометировать	22299
гуль	22298
деловитый	22297
баб	22296
перезвон	22295
разукрасить	22294
мэрилин	22293
экспрессивный	22292
отметать	22291
фата	22290
электронно	22289
хамиан	22288
рас	22287
присоединять	22286
разгуляться	22285
сокращенно	22284
вассал	22283
визитер	22282
зоология	22281
бабкин	22280
бахрома	22279
упорядоченность	22278
халиф	22277
обедня	22276
фокусироваться	22275
высвечивать	22274
читаемый	22273
планет	22272
карр	22271
перегруппировка	22270
просвещать	22269
придирка	22268
чешир	22267
удорожание	22266
стинер	22265
вкрадчивый	22264
лилит	22263
бесхозный	22262
улучить	22261
шарахнуться	22260
наведаться	22259
гигабайт	22258
кафельный	22257
миросозерцание	22256
бенгальский	22255
подаяние	22254
калибровка	22253
наладка	22252
восполнять	22251
папаха	22250
рут	22249
возлияние	22248
супостат	22247
молленхауэр	22246
клебанов	22245
сантехника	22244
контрабандный	22243
подведомственный	22242
кипучий	22241
магний	22240
волынский	22239
выставление	22238
перерегистрация	22237
съянова	22236
невкусный	22235
надменно	22234
корнет	22233
тинейджер	22232
йота	22231
горисполком	22230
вопросик	22229
хрупкость	22228
платоновна	22227
босоножка	22226
встряхнуться	22225
гаврила	22224
театрально	22223
дроздов	22222
замыслить	22221
законченный	22220
двуглавый	22219
встряска	22218
преференция	22217
засранец	22216
снедь	22215
станцевать	22214
платежеспособный	22213
нонна	22212
устлать	22211
заплатка	22210
гнойный	22209
смолчать	22208
игнатьевич	22207
единодушие	22206
яночка	22205
системно	22204
третейский	22203
оптимистично	22202
игорек	22201
спидометр	22200
избегнуть	22199
колбасить	22198
свинг	22197
дэйв	22196
кострома	22195
неблагодарность	22194
тюрбан	22193
неолиберальный	22192
еропкин	22191
схожесть	22190
вседозволенность	22189
заслышать	22188
батсур	22187
отворять	22186
помесь	22185
техно	22184
лотерейный	22183
поскрипывать	22182
изыскивать	22181
фотокарточка	22180
подогрев	22179
сраный	22178
непрестанный	22177
сводчатый	22176
вязание	22175
обличие	22174
вышеизложенное	22173
плагин	22172
вольфович	22171
гатчина	22170
скоординировать	22169
федька	22168
топнуть	22167
извращенный	22166
сказочка	22165
распластаться	22164
гэри	22163
санузел	22162
ртутный	22161
ирочка	22160
тобольский	22159
тя	22158
конвойный	22157
муром	22156
эксклюзив	22155
лицензировать	22154
насмешник	22153
пунктир	22152
обходной	22151
безраздельно	22150
барсук	22149
госзаказ	22148
армстронг	22147
нетленный	22146
пронин	22145
неман	22144
напористый	22143
зубр	22142
фундаментализм	22141
претить	22140
откупиться	22139
отменно	22138
сверить	22137
сингл	22136
шарфик	22135
невмешательство	22134
несгибаемый	22133
калач	22132
длиннющий	22131
яковенко	22130
всласть	22129
гендер	22128
простирать	22127
итальянка	22126
джедай	22125
молдаванин	22124
безгрешный	22123
ежегодник	22122
пайщик	22121
авансцена	22120
магаданский	22119
кибернетический	22118
афинянин	22117
бк	22116
мудрено	22115
потоптаться	22114
пери	22113
фешенебельный	22112
энергосбережение	22111
откланяться	22110
чокаться	22109
встраивать	22108
роберта	22107
декольте	22106
послеоперационный	22105
воззвать	22104
заклеймить	22103
врубить	22102
гренадер	22101
песчаник	22100
ралли	22099
обслуживаться	22098
самоцвет	22097
сопереживание	22096
утекать	22095
птицефабрика	22094
хули	22093
учёный	22092
пахарь	22091
гусарский	22090
подмять	22089
союзнический	22088
заведомый	22087
ство	22086
радиопередача	22085
фотомодель	22084
кац	22083
праотец	22082
успокаивающе	22081
просторечие	22080
противоракетный	22079
затмевать	22078
гари	22077
бунюэль	22076
нэп	22075
чжан	22074
френсис	22073
переборщить	22072
всколыхнуть	22071
ярмо	22070
феноменологический	22069
хлеще	22068
замораживать	22067
ненастье	22066
черепок	22065
криптографический	22064
дос	22063
атеросклероз	22062
приколоть	22061
загвоздка	22060
крышечка	22059
боеспособный	22058
пв	22057
заполниться	22056
маркес	22055
локация	22054
ушибить	22053
румат	22052
подневольный	22051
эллин	22050
неактивный	22049
углеводород	22048
василек	22047
максимизация	22046
канделаки	22045
ненецкий	22044
км	22043
подшипник	22042
строев	22041
длинноволосый	22040
подчеркнуто	22039
учтиво	22038
цикада	22037
порассуждать	22036
паоло	22035
затхлый	22034
скривить	22033
нефтедоллар	22032
отрешенность	22031
хумалог	22030
пакистанский	22029
отнесение	22028
гораций	22027
берман	22026
повременить	22025
юнона	22024
гурьба	22023
прилепить	22022
фредриксон	22021
опала	22020
элеватор	22019
мамонтов	22018
осиновый	22017
релевантный	22016
саид	22015
чумазый	22014
сердобольный	22013
домовладелец	22012
рекламист	22011
гомон	22010
глуховец	22009
укрупнение	22008
спасенье	22007
цокать	22006
левка	22005
семга	22004
деморализовать	22003
ссудный	22002
холла	22001
неслышный	22000
капустный	21999
подковать	21998
фотошоп	21997
зависимо	21996
подыхать	21995
задолбать	21994
загрустить	21993
заросли	21992
подробнейший	21991
джоконда	21990
пасьянс	21989
капрал	21988
эндокринный	21987
верзила	21986
демиург	21985
отдалиться	21984
ленточный	21983
копылов	21982
понадеяться	21981
вскрик	21980
эс	21979
купиться	21978
рыбкин	21977
янус	21976
маузер	21975
сгруппировать	21974
мэм	21973
гороховый	21972
модификатор	21971
нюрнбергский	21970
зорг	21969
заманчиво	21968
немудрено	21967
комичный	21966
секундомер	21965
херня	21964
левкин	21963
ганновер	21962
тарасова	21961
метеоролог	21960
вегетарианец	21959
портсигар	21958
легковушка	21957
затвердеть	21956
защелка	21955
шеннон	21954
осведомитель	21953
колизей	21952
барыба	21951
графский	21950
милославский	21949
наблюдавать	21948
подпорка	21947
драгунский	21946
удвоиться	21945
плотников	21944
александер	21943
воздаяние	21942
продвинутый	21941
встрять	21940
обусловленность	21939
кошелёк	21938
млеть	21937
юбиляр	21936
финик	21935
монополизировать	21934
гюнтер	21933
коллекционирование	21932
замшевый	21931
кастет	21930
пикуленко	21929
каркать	21928
городище	21927
кормежка	21926
вацлав	21925
ординарец	21924
безбожный	21923
массовка	21922
фаэтон	21921
схоронить	21920
аватар	21919
оскалиться	21918
цепко	21917
тоба	21916
цит	21915
пирогов	21914
заикнуться	21913
скотоводство	21912
ямайка	21911
трупный	21910
вываливать	21909
уворачиваться	21908
нарисоваться	21907
дараган	21906
дегтярев	21905
внутриутробный	21904
сверхзадача	21903
нараспашку	21902
грн	21901
сателлит	21900
кармашек	21899
словоформа	21898
полёт	21897
приведёт	21896
расстроенный	21895
храбрец	21894
замигать	21893
филон	21892
полнометражный	21891
перхоть	21890
телефония	21889
ным	21888
позволяться	21887
жим	21886
заждаться	21885
присуждаться	21884
чопорный	21883
писательство	21882
исправляться	21881
анахронизм	21880
скупость	21879
стандартизировать	21878
прокурить	21877
кэролайн	21876
обманный	21875
зубрить	21874
оть	21873
целлюлозно	21872
соблазнение	21871
дисбактериоз	21870
дрянной	21869
статика	21868
аделаида	21867
возбудиться	21866
проговаривать	21865
конев	21864
неудавшийся	21863
дефиниция	21862
лёгкие	21861
ненадлежащий	21860
выраженность	21859
ненужность	21858
мазохизм	21857
пятигорск	21856
эый	21855
аннал	21854
бананито	21853
неравномерность	21852
еретический	21851
экскремент	21850
предбанник	21849
вместительный	21848
затухание	21847
морепродукт	21846
куль	21845
прогуливать	21844
финалист	21843
вагинальный	21842
путы	21841
вак	21840
регресс	21839
закрытость	21838
комплектоваться	21837
студеный	21836
гребенщиков	21835
гротескной	21834
медиатор	21833
пташка	21832
разделительный	21831
месить	21830
версальский	21829
неприхотливый	21828
вовлекаться	21827
кабаре	21826
оборванец	21825
ужалить	21824
кривиться	21823
хильда	21822
позеленеть	21821
берк	21820
протекция	21819
глохнуть	21818
излияние	21817
байкер	21816
констанция	21815
верещать	21814
гомельский	21813
аквапарк	21812
дробить	21811
трухлдуб	21810
бранд	21809
саксония	21808
просчитаться	21807
зверье	21806
смазливый	21805
нетвердый	21804
линни	21803
магдалина	21802
перемахнуть	21801
прокопович	21800
распущенность	21799
стойбище	21798
серьёзных	21797
артемьев	21796
ассоль	21795
михайло	21794
пениться	21793
вменяться	21792
тельный	21791
делишки	21790
жестикуляция	21789
выломать	21788
мясокомбинат	21787
обособление	21786
соколова	21785
задел	21784
отрешиться	21783
премудрый	21782
гейм	21781
экслер	21780
виа	21779
рассосаться	21778
обменивать	21777
толчея	21776
петровская	21775
мереть	21774
коррекционный	21773
маневренность	21772
филиппенко	21771
буддистский	21770
кальян	21769
умолк	21768
еже	21767
казанцев	21766
змий	21765
поспособствовать	21764
перебрасываться	21763
рената	21762
горбачевский	21761
режущий	21760
регалия	21759
вещмешок	21758
неотличимый	21757
взломщик	21756
подшутить	21755
ликбез	21754
шириться	21753
брандмауэр	21752
курицын	21751
отзывчивость	21750
стонор	21749
забинтовать	21748
начнётся	21747
вояж	21746
пэтч	21745
сн	21744
бюргер	21743
шерп	21742
жиган	21741
еловек	21740
досыта	21739
отождествить	21738
улисс	21737
дженнингстраница	21736
однодневный	21735
богослужебный	21734
золотовалютный	21733
гот	21732
вослед	21731
носатый	21730
сафари	21729
магда	21728
изливаться	21727
калмыкия	21726
зарница	21725
симуляция	21724
журавлев	21723
дискурсивный	21722
промывка	21721
госпитальный	21720
натощак	21719
эвристический	21718
подсадить	21717
краевед	21716
хать	21715
архимед	21714
увлажнять	21713
трах	21712
бесноватый	21711
числительный	21710
освящать	21709
бодунов	21708
сытость	21707
орудия	21706
нарыв	21705
жжение	21704
желоб	21703
пародировать	21702
новообразование	21701
омлет	21700
благость	21699
терминологический	21698
рычажок	21697
токсикоз	21696
сельчанин	21695
разложиться	21694
риз	21693
вытесняться	21692
автошкола	21691
пленительный	21690
патронаж	21689
крахмал	21688
имам	21687
бурка	21686
стелька	21685
четверостишие	21684
спасть	21683
соловейчик	21682
мый	21681
заварка	21680
заплести	21679
слагаться	21678
выплеснуться	21677
юзать	21676
идиш	21675
эмбарго	21674
грубейший	21673
ухажер	21672
ачем	21671
взрастить	21670
угасание	21669
дзюдо	21668
единолично	21667
обозлиться	21666
земноводный	21665
пг	21664
контузия	21663
калерия	21662
детерминировать	21661
вороний	21660
обманываться	21659
юсупов	21658
неофициально	21657
померещиться	21656
балашов	21655
центризбирком	21654
эксплуататор	21653
аннулирование	21652
ориентировочно	21651
претворение	21650
считывание	21649
магистратура	21648
мышкин	21647
подсыпать	21646
пахомов	21645
скалить	21644
маз	21643
немота	21642
носочек	21641
катарсис	21640
логинов	21639
необдуманный	21638
уродовать	21637
запутывать	21636
особливо	21635
редиска	21634
надсмотрщик	21633
синдикат	21632
сирин	21631
бюджетирование	21630
репатриация	21629
раскидистый	21628
поладить	21627
окатить	21626
пирушка	21625
подспудно	21624
напольный	21623
машков	21622
межконтинентальный	21621
потухший	21620
прогнозный	21619
счёту	21618
реверанс	21617
оркестровый	21616
швец	21615
вернётся	21614
неточно	21613
кашка	21612
функционал	21611
дагестанский	21610
кладовщик	21609
жильё	21608
миссисипи	21607
следущий	21606
угнать	21605
марченко	21604
овощи	21603
примешиваться	21602
консервированный	21601
ун	21600
раздуться	21599
ввезти	21598
голявкин	21597
платонический	21596
задорно	21595
учёта	21594
заверещать	21593
конт	21592
ходжа	21591
гнедич	21590
усидеть	21589
жидовский	21588
неискушенный	21587
ленинизм	21586
паразитировать	21585
безотносительно	21584
бедненький	21583
флетчер	21582
водил	21581
интурист	21580
камердинер	21579
вместилище	21578
невезение	21577
тумблер	21576
вымазать	21575
чтом	21574
опа	21573
подметка	21572
зазеркалье	21571
вольер	21570
сивый	21569
охренеть	21568
офф	21567
прачка	21566
двухмесячный	21565
скучающий	21564
перикл	21563
асср	21562
камент	21561
раскручиваться	21560
фонтанчик	21559
медперсонал	21558
полянский	21557
квинтэссенция	21556
сотоварищ	21555
плетка	21554
паперть	21553
атрибутика	21552
нараспев	21551
заявляться	21550
верховенство	21549
ноосфера	21548
бабурин	21547
наловить	21546
сварка	21545
нео	21544
неграмотность	21543
страстность	21542
проходка	21541
кульминационный	21540
самонадеянный	21539
послеобеденный	21538
простолюдин	21537
расталкивать	21536
справедливец	21535
стыковаться	21534
муляж	21533
вшивый	21532
гадко	21531
устыдиться	21530
кисловодск	21529
азартно	21528
сертифицированный	21527
кубинка	21526
неопознанный	21525
хто	21524
камрад	21523
широченный	21522
приволакивать	21521
лав	21520
кэрри	21519
княз	21518
телеведущий	21517
разочаровываться	21516
патриарший	21515
архимандрить	21514
ставленник	21513
хватиться	21512
манго	21511
вай	21510
унифицировать	21509
ростова	21508
рубиновый	21507
ставень	21506
покатый	21505
итд	21504
проносить	21503
просвистеть	21502
культурология	21501
килобайт	21500
солить	21499
риэлтор	21498
гнести	21497
шуленбург	21496
списываться	21495
врубаться	21494
модифицированный	21493
локатор	21492
столярный	21491
темнокожий	21490
якобсон	21489
гидравлический	21488
клев	21487
терентьевич	21486
скудость	21485
сосредоточивать	21484
неоднозначность	21483
боров	21482
гарочка	21481
кинокамера	21480
ослышаться	21479
двукратный	21478
фокусировать	21477
послушник	21476
уфимский	21475
истязание	21474
омбудсмен	21473
нпз	21472
стилизация	21471
беньямин	21470
комплектовать	21469
бляха	21468
иринка	21467
тёмные	21466
расползтись	21465
лестер	21464
валер	21463
оскликнуть	21462
вольво	21461
глаша	21460
наперерез	21459
сотрясаться	21458
коньячок	21457
сладенький	21456
ог	21455
данить	21454
шторка	21453
картуз	21452
медитативный	21451
досадливо	21450
обогреть	21449
прискакать	21448
маржа	21447
стенание	21446
осипович	21445
урожденный	21444
кремниевый	21443
бескорыстие	21442
втолкнуть	21441
крестовоздвиженский	21440
преломление	21439
мерзлый	21438
борн	21437
отчитывать	21436
юсти	21435
нелогичный	21434
комфортность	21433
подспудный	21432
скрипичный	21431
заметать	21430
ливонский	21429
напутствовать	21428
ничейный	21427
юниор	21426
сторить	21425
символьный	21424
вспахать	21423
паж	21422
перешептываться	21421
бернис	21420
икт	21419
сфер	21418
петухов	21417
подготовленность	21416
невдомек	21415
скоротать	21414
полоумный	21413
сбруя	21412
туземной	21411
мальвина	21410
башкир	21409
безногий	21408
уйдёт	21407
ирена	21406
сидор	21405
кэмпбелл	21404
гавриловна	21403
фуфайка	21402
соха	21401
возопить	21400
впихнуть	21399
марлен	21398
чувствование	21397
привязь	21396
черепичный	21395
эритроцит	21394
шоп	21393
интерпол	21392
мельбурн	21391
увещевание	21390
возьмём	21389
плошка	21388
топливно	21387
отпроситься	21386
могильщик	21385
завес	21384
андреас	21383
конвертер	21382
таймыр	21381
приобретатель	21380
рефлексивный	21379
поблекнуть	21378
овир	21377
видеоматериал	21376
июн	21375
вагин	21374
озадачивать	21373
маечка	21372
подкрасить	21371
короленко	21370
митчелл	21369
церетели	21368
карлович	21367
капрать	21366
бородинский	21365
шатров	21364
завсегда	21363
веселенький	21362
исполнительница	21361
пятидесятилетний	21360
одномандатный	21359
замазать	21358
позиционироваться	21357
безнравственность	21356
свеситься	21355
позвякивать	21354
разметать	21353
эллиот	21352
порозоветь	21351
айда	21350
постовой	21349
влас	21348
стрит	21347
гулянка	21346
неуютный	21345
засаживаться	21344
отстранять	21343
индивидуализация	21342
диктант	21341
побеспокоить	21340
арефьев	21339
многопользовательский	21338
завлечь	21337
изловить	21336
маловатый	21335
манящий	21334
кантон	21333
самбо	21332
чуб	21331
новозеландский	21330
рупереть	21329
бесшабашный	21328
отбежать	21327
обидчивый	21326
анамнез	21325
балансировка	21324
коммутация	21323
осирис	21322
мень	21321
непрямой	21320
видеоролик	21319
бешенный	21318
нарусова	21317
стлаться	21316
терпимо	21315
обнищание	21314
поселяться	21313
ученичество	21312
нагревать	21311
транспортер	21310
таец	21309
поучить	21308
замертво	21307
невразумительный	21306
брага	21305
манускрипт	21304
прокрасться	21303
надавать	21302
репин	21301
недолговечный	21300
протекание	21299
невидящий	21298
седан	21297
развязаться	21296
вредительство	21295
засосать	21294
игумный	21293
додумать	21292
универсал	21291
терминальный	21290
реципиент	21289
принципиальность	21288
посветить	21287
браунинг	21286
разрешительный	21285
дуче	21284
аввакум	21283
туринский	21282
горшков	21281
телячий	21280
гимназический	21279
увеселительный	21278
остервенение	21277
махорка	21276
андертон	21275
печорин	21274
забраковать	21273
бенджамин	21272
мефодий	21271
оснащаться	21270
брусника	21269
японка	21268
голубок	21267
билиа	21266
отрешенный	21265
рефлекторный	21264
схватки	21263
коап	21262
последующее	21261
желудка	21260
шуман	21259
нереальность	21258
ровесница	21257
самсунг	21256
тринадцатилетний	21255
переформирование	21254
кабинетный	21253
обиталище	21252
ширак	21251
можайский	21250
вырождаться	21249
травматизм	21248
загруженность	21247
чертыхаться	21246
сориентировать	21245
взаимоисключающий	21244
вовать	21243
молодчик	21242
заискивать	21241
коварно	21240
исаевич	21239
серпухов	21238
дьявольски	21237
гея	21236
саксофон	21235
случаем	21234
буг	21233
умножаться	21232
свежо	21231
обирать	21230
фо	21229
авдотья	21228
кощей	21227
дистанцироваться	21226
обороноспособность	21225
осьминог	21224
передвижной	21223
выкрасть	21222
камилла	21221
тарантино	21220
специализировать	21219
лоренс	21218
анненков	21217
проболтаться	21216
непоследовательность	21215
кредитовать	21214
пп	21213
жлоб	21212
приват	21211
бу	21210
ларец	21209
разин	21208
микт	21207
тяжёлый	21206
платиновый	21205
ягодка	21204
робертс	21203
броузер	21202
ужиться	21201
астафия	21200
гастролировать	21199
чечен	21198
резидентура	21197
кремень	21196
гунн	21195
павлова	21194
тайван	21193
истома	21192
неуспех	21191
репрессированный	21190
витебский	21189
ворованный	21188
подкоп	21187
клановый	21186
цирюльник	21185
завоз	21184
благоволение	21183
боязно	21182
вкладыш	21181
неметь	21180
забанить	21179
баркас	21178
совнарком	21177
недоступность	21176
картографический	21175
галс	21174
отловить	21173
игорев	21172
болдырев	21171
переводческий	21170
сапфир	21169
осколочный	21168
нидерландский	21167
наперегонки	21166
гаспаров	21165
прыснуть	21164
примитив	21163
определённый	21162
резонный	21161
сокамерник	21160
перерыть	21159
слайти	21158
самосовершенствоваться	21157
композитный	21156
покраска	21155
ураганный	21154
оседлый	21153
прожорливый	21152
милитаризм	21151
страданье	21150
сбывать	21149
выродок	21148
поклажа	21147
виссарионович	21146
рекер	21145
выковать	21144
карабахский	21143
полемизировать	21142
зи	21141
раздавливать	21140
ощетиниться	21139
скифский	21138
острить	21137
ткачук	21136
наводнить	21135
чистосердечный	21134
непонимающе	21133
прихлебывать	21132
архитектурно	21131
енисейский	21130
арбатов	21129
госбюджет	21128
встроенный	21127
опосредовать	21126
нарастить	21125
уд	21124
сглаживать	21123
партнёра	21122
шарманка	21121
труффальдиный	21120
конспиративный	21119
муму	21118
подсматривать	21117
обзаводиться	21116
люсьен	21115
набухать	21114
гевара	21113
шкипер	21112
заправский	21111
невозмутимость	21110
молодая	21109
вакханалия	21108
беверли	21107
поймёт	21106
топь	21105
зарваться	21104
утешаться	21103
черненький	21102
канарис	21101
растворитель	21100
самодовольно	21099
недееспособный	21098
фраер	21097
молитвенник	21096
малышева	21095
долли	21094
прокатный	21093
троить	21092
найдёт	21091
микроклимат	21090
седмица	21089
мастерица	21088
гной	21087
валерьянка	21086
клим	21085
перестараться	21084
сладить	21083
гуляев	21082
полдник	21081
чен	21080
анаша	21079
печеный	21078
передразнивать	21077
голубушка	21076
выживаемость	21075
непроверенный	21074
забывчивость	21073
бт	21072
дрожание	21071
этимология	21070
семинарист	21069
тандем	21068
камбуз	21067
психопат	21066
срабатывание	21065
форумчанин	21064
голосить	21063
вянуть	21062
унифицированный	21061
шестеренка	21060
гродно	21059
торить	21058
калиненко	21057
джентльменский	21056
проползти	21055
скрупулезный	21054
осмысленно	21053
виагра	21052
подкачать	21051
лево	21050
невелик	21049
пролистать	21048
гнида	21047
каракуля	21046
лан	21045
секреция	21044
портик	21043
обобрать	21042
блуждающий	21041
обитаемый	21040
малограмотный	21039
сброд	21038
крамер	21037
паттерн	21036
обучающий	21035
беспилотный	21034
пембертон	21033
главенство	21032
монополистический	21031
померить	21030
познаваться	21029
эть	21028
дурость	21027
матный	21026
квентин	21025
изяслав	21024
факультативный	21023
внештатный	21022
кокетливый	21021
лунатик	21020
подступиться	21019
противоядие	21018
самоучитель	21017
обрубок	21016
кравчук	21015
олечка	21014
безайс	21013
коммивояжер	21012
унестись	21011
центавр	21010
маца	21009
всемерно	21008
древнееврейский	21007
дудочка	21006
холостяцкий	21005
сладковатый	21004
кембриджский	21003
борисова	21002
кириллович	21001
сэть	21000
скрябин	20999
окисление	20998
вкрапление	20997
торен	20996
распечатывать	20995
дилерский	20994
рудный	20993
продавить	20992
процессорный	20991
институция	20990
объединенный	20989
эпиграмма	20988
сморкаться	20987
шейла	20986
недостача	20985
разносчик	20984
доверяться	20983
бодрить	20982
семьянин	20981
воскресать	20980
нечленораздельный	20979
предвосхищать	20978
неистощимый	20977
алсу	20976
надругательство	20975
искупать	20974
отхватить	20973
обласкать	20972
газировка	20971
оснастка	20970
перестрахование	20969
акричать	20968
бый	20967
лиственница	20966
большее	20965
овый	20964
сандерс	20963
катарина	20962
барабас	20961
разворовать	20960
яец	20959
поголовный	20958
зажарить	20957
леонидовна	20956
замкнуться	20955
благоухание	20954
спиральный	20953
рекс	20952
конвульсия	20951
коммандос	20950
сейсмический	20949
подпортить	20948
зачастить	20947
наставать	20946
денисович	20945
дотоле	20944
видовой	20943
электропитание	20942
полутон	20941
соломка	20940
коррозия	20939
самолёта	20938
подъездный	20937
вундеркинд	20936
синать	20935
клинка	20934
регистратура	20933
пленение	20932
толян	20931
санчасть	20930
истекший	20929
поддеть	20928
архипов	20927
турнирный	20926
чертовый	20925
рокфеллер	20924
совещательный	20923
сатир	20922
ассигнация	20921
пьянеть	20920
сканера	20919
интригующий	20918
возгорание	20917
генотип	20916
благодушный	20915
спонтанность	20914
отстрел	20913
озлобление	20912
мехмат	20911
нижневартовск	20910
пасс	20909
истощать	20908
скопище	20907
любый	20906
скринсейвер	20905
заострять	20904
мастеровой	20903
заступаться	20902
покойница	20901
камбоджа	20900
военком	20899
микроволновка	20898
пробор	20897
поживиться	20896
госслужба	20895
высвечиваться	20894
запинка	20893
финишный	20892
павший	20891
позволю	20890
заиметь	20889
воздвигать	20888
самодержавный	20887
вятка	20886
кудрявцев	20885
удаль	20884
бестия	20883
торо	20882
чужеродный	20881
выправка	20880
москвин	20879
слабоумный	20878
задатки	20877
помоему	20876
отпечататься	20875
листинг	20874
наворот	20873
корректироваться	20872
задержанный	20871
обезобразить	20870
церковник	20869
пиаф	20868
переоборудовать	20867
савицкий	20866
подчеркивание	20865
весовый	20864
запорожье	20863
представительский	20862
мерзко	20861
всеволодович	20860
занавесь	20859
внедриться	20858
непрофильный	20857
именование	20856
отрапортовать	20855
дестабилизировать	20854
телефонист	20853
травянистый	20852
показуха	20851
коронка	20850
лушать	20849
сплевывать	20848
солидность	20847
ассириец	20846
термальный	20845
костёр	20844
конический	20843
пошив	20842
кремний	20841
паровозный	20840
предметно	20839
диснейленд	20838
финишировать	20837
скворцов	20836
отрог	20835
огородный	20834
выплескивать	20833
эстетически	20832
уолт	20831
исламист	20830
догола	20829
несопоставимый	20828
начальственный	20827
попечительство	20826
принято	20825
отчужденность	20824
пунцовый	20823
расспросы	20822
рм	20821
рань	20820
продувать	20819
манекенщица	20818
акпп	20817
обнинск	20816
семенной	20815
каплан	20814
филе	20813
бранный	20812
пухленький	20811
экзекуция	20810
форекс	20809
агат	20808
местр	20807
паленый	20806
ороший	20805
сюзанна	20804
сокращенный	20803
феанаро	20802
примитивно	20801
граммофон	20800
облупиться	20799
фс	20798
лежак	20797
сглаз	20796
завершенность	20795
реликтовый	20794
выравнивать	20793
закваска	20792
промерзнуть	20791
арагорн	20790
размолвка	20789
плечевой	20788
муфтий	20787
чествовать	20786
книжица	20785
почечный	20784
лото	20783
полчасик	20782
людка	20781
вега	20780
мураками	20779
приладить	20778
исправительно	20777
отринуть	20776
шмелев	20775
мольберт	20774
бабник	20773
аида	20772
детская	20771
сосание	20770
вздуться	20769
грегор	20768
сабвуфер	20767
засаленный	20766
низвергнуть	20765
хлестнуть	20764
походя	20763
надзорный	20762
нанометр	20761
могилевский	20760
просветлеть	20759
волок	20758
плакаться	20757
мошков	20756
ханский	20755
партбилет	20754
шлифовать	20753
димин	20752
мафиозный	20751
морозец	20750
олух	20749
богемный	20748
обвиснуть	20747
халхин	20746
напролом	20745
деннис	20744
обогреватель	20743
крюков	20742
тулон	20741
свертывание	20740
референтный	20739
полоз	20738
публичность	20737
колоннада	20736
разбушеваться	20735
тито	20734
плейбой	20733
милль	20732
краснознаменный	20731
ободряюще	20730
серго	20729
брэд	20728
подгузник	20727
финка	20726
расторопный	20725
княг	20724
сакраментальный	20723
ворошить	20722
прогореть	20721
синявский	20720
роммель	20719
парамонов	20718
киборг	20717
барыш	20716
курьерский	20715
даётся	20714
правдоподобие	20713
сыктывкарский	20712
окидывать	20711
бусинка	20710
примерка	20709
старикан	20708
терьян	20707
неравномерный	20706
скотовод	20705
ромул	20704
раппорт	20703
этажерка	20702
хоста	20701
обезглавить	20700
отступник	20699
хризантема	20698
карагандинский	20697
затаенный	20696
ругательный	20695
ливингстон	20694
уложение	20693
конкретизация	20692
элейн	20691
форпост	20690
бейт	20689
полоснуть	20688
нейман	20687
адмиралтейский	20686
натурализм	20685
солистка	20684
коба	20683
подарочек	20682
выруливать	20681
флорентийский	20680
конторский	20679
иоанна	20678
ильюшин	20677
винегрет	20676
вскипятить	20675
просрочка	20674
пассия	20673
патрушев	20672
мульт	20671
криз	20670
склонение	20669
безбедный	20668
соитие	20667
заморозки	20666
охладеть	20665
нерациональный	20664
размывать	20663
сумбурный	20662
уподобить	20661
стенокардия	20660
чёрным	20659
посолить	20658
малашенко	20657
туника	20656
митч	20655
шанхайский	20654
ежечасно	20653
неплатеж	20652
хадсон	20651
удешевление	20650
несказанный	20649
леденить	20648
сидя	20647
сум	20646
расхотеться	20645
кабала	20644
произошёл	20643
непьющий	20642
одурачить	20641
неумный	20640
навязчивость	20639
соч	20638
наколка	20637
ама	20636
нарост	20635
подвизаться	20634
проникновенный	20633
ихо	20632
ляхов	20631
прерия	20630
эдмунд	20629
чудной	20628
геофизический	20627
сёма	20626
варево	20625
шнайдер	20624
дымчатый	20623
англосаксонский	20622
нежиться	20621
трутень	20620
развратить	20619
круз	20618
солнцестояние	20617
дрема	20616
пышность	20615
сожитель	20614
скотский	20613
ниспадать	20612
скроить	20611
грунтовка	20610
свистящий	20609
толерантный	20608
бусина	20607
певучий	20606
провезти	20605
долохов	20604
погремушка	20603
зарецкий	20602
долженствовать	20601
закром	20600
экстра	20599
майер	20598
прожигать	20597
генофонд	20596
автокатастрофа	20595
боезапас	20594
пьяно	20593
взбудоражить	20592
отрыть	20591
шулер	20590
сушилка	20589
петручио	20588
помяться	20587
мяться	20586
вандализм	20585
лопать	20584
приплясывать	20583
геройство	20582
колесник	20581
колье	20580
геродот	20579
самопроизвольный	20578
истязать	20577
гиви	20576
зорин	20575
лаковый	20574
одуреть	20573
ковбойский	20572
свиягин	20571
впопыхах	20570
депеша	20569
взаперти	20568
выкапывать	20567
спонсорство	20566
пушок	20565
эшер	20564
отплывать	20563
толстая	20562
гортанный	20561
песик	20560
наколоть	20559
пружинный	20558
претворять	20557
этель	20556
актуализация	20555
наскок	20554
ключевский	20553
виденье	20552
выродиться	20551
внп	20550
отделочный	20549
фрустрация	20548
камикадзе	20547
зазеваться	20546
вырулить	20545
вычурный	20544
благовещение	20543
рспп	20542
идеализация	20541
арм	20540
мигрировать	20539
зна	20538
майкрософт	20537
удостаиваться	20536
вязьма	20535
любимчик	20534
безрассудство	20533
предполагаемый	20532
цукки	20531
астрал	20530
целлофан	20529
отлавливать	20528
аргон	20527
физтеха	20526
громозека	20525
повторяемость	20524
манхаттан	20523
ворчание	20522
осветиться	20521
окраинный	20520
дамаска	20519
утешиться	20518
двухсторонний	20517
статский	20516
психолого	20515
разношерстный	20514
постмодерн	20513
сапожный	20512
погожий	20511
истощенный	20510
высвобождать	20509
ростелеком	20508
флуд	20507
каверзный	20506
кофейни	20505
гуляние	20504
жидкокристаллический	20503
аркашка	20502
поросль	20501
материковый	20500
тактильный	20499
ромашов	20498
переориентация	20497
ню	20496
местами	20495
бумер	20494
бруствер	20493
щелк	20492
штемпель	20491
лесопромышленный	20490
затереть	20489
сифон	20488
дез	20487
униженный	20486
зашуршать	20485
джи	20484
забайкалье	20483
убаюкивать	20482
идёшь	20481
неподъемный	20480
запечь	20479
отложенный	20478
этиловый	20477
ротшильд	20476
илюхин	20475
диктаторский	20474
миндаль	20473
надел	20472
виолетт	20471
торнадо	20470
облагать	20469
хэппи	20468
песо	20467
мустафа	20466
кейси	20465
циркуляр	20464
зашивать	20463
добродушие	20462
преподноситься	20461
облицовка	20460
баклан	20459
веревочный	20458
ссать	20457
руди	20456
улус	20455
мво	20454
загадить	20453
импульсный	20452
потребный	20451
декретный	20450
хенри	20449
геном	20448
главнокомандование	20447
недешево	20446
постулировать	20445
юй	20444
довлеть	20443
экстерьер	20442
парниковый	20441
сопротивляемость	20440
хрипловатый	20439
вялость	20438
задвигаться	20437
гамигин	20436
ара	20435
послужной	20434
исаков	20433
туфта	20432
лапшин	20431
нарождаться	20430
испросить	20429
макдональд	20428
возыметь	20427
ломануться	20426
накрапывать	20425
ревнитель	20424
ладмираль	20423
химчистка	20422
молчанов	20421
вместимость	20420
русификация	20419
кадровик	20418
пединститут	20417
перекрестить	20416
неправдоподобно	20415
закупаться	20414
колько	20413
айзек	20412
предохранительный	20411
ибрагим	20410
окоченеть	20409
мщение	20408
усыплять	20407
эмпирически	20406
телепортация	20405
накаляться	20404
довершить	20403
лоха	20402
смиряться	20401
нравоучение	20400
эллинистический	20399
передразнить	20398
сникерс	20397
штандарт	20396
дословный	20395
отмалчиваться	20394
тряпичный	20393
уборщик	20392
различно	20391
холмистый	20390
исходящий	20389
содержательно	20388
жутковатый	20387
благовещенский	20386
казарменный	20385
прихлопнуть	20384
лекционный	20383
перелесок	20382
проучиться	20381
светоносный	20380
настучать	20379
фиона	20378
гейл	20377
сель	20376
люра	20375
кастрация	20374
алматинский	20373
причащаться	20372
витой	20371
розочка	20370
ассирийский	20369
массажист	20368
копнуть	20367
битов	20366
букинистический	20365
именинница	20364
облизываться	20363
ознакомительный	20362
полнокровный	20361
параноик	20360
авилов	20359
креационист	20358
нефтеперерабатывать	20357
гипнотизер	20356
матье	20355
приветик	20354
процветающий	20353
цветопередача	20352
модуля	20351
стачка	20350
заборчик	20349
гримм	20348
франчайзи	20347
помазать	20346
абы	20345
авторитетно	20344
инерционный	20343
неправильность	20342
событийный	20341
взглядывать	20340
выслуга	20339
гудериан	20338
чр	20337
концептуализм	20336
левитан	20335
мосэнерго	20334
сверяться	20333
работаться	20332
приправить	20331
емеля	20330
анаконда	20329
манас	20328
взрывоопасный	20327
доносчик	20326
ресторатор	20325
втихаря	20324
ожно	20323
бодлер	20322
переодевание	20321
эскалация	20320
зачитываться	20319
харт	20318
межбанковский	20317
кабул	20316
бургомистр	20315
развязный	20314
идиллический	20313
пасмурно	20312
ио	20311
динар	20310
налегать	20309
стремительность	20308
землепользование	20307
предусмотрительность	20306
рамон	20305
сумароков	20304
недосмотр	20303
воззриться	20302
шойгу	20301
увязывать	20300
уплетать	20299
новолуние	20298
парфенов	20297
комплекция	20296
презент	20295
гавно	20294
гба	20293
притормаживать	20292
алтын	20291
каторжник	20290
маслина	20289
мордовский	20288
натолкнуть	20287
мосгорсуд	20286
пинчук	20285
голдсмит	20284
наб	20283
израилев	20282
ферзь	20281
фармацевт	20280
выплескиваться	20279
осознанность	20278
уефа	20277
ослушаться	20276
мычание	20275
автомагистраль	20274
исполненный	20273
ча	20272
ангро	20271
ший	20270
мешанина	20269
писька	20268
вероломство	20267
наденька	20266
магнитогорск	20265
беспочвенный	20264
негоже	20263
коваль	20262
грудки	20261
правила	20260
гсм	20259
тирание	20258
взбежать	20257
мыш	20256
парфюмерный	20255
одоевский	20254
закадычный	20253
роговой	20252
кащей	20251
зелёные	20250
окрылить	20249
зачетка	20248
сынуля	20247
отмычка	20246
росбалт	20245
франсуаза	20244
старлинг	20243
подавляться	20242
леголас	20241
энергоблок	20240
засорять	20239
междометие	20238
обрушивать	20237
бродвей	20236
небожитель	20235
монархист	20234
мопед	20233
молоточек	20232
шатр	20231
излечиться	20230
топорщиться	20229
согласовываться	20228
самодостаточность	20227
бей	20226
федра	20225
дрессировать	20224
мамедов	20223
расшатать	20222
всенародно	20221
оттенять	20220
зрячий	20219
лёша	20218
черепной	20217
ушанка	20216
заползать	20215
вычленить	20214
недешевый	20213
мартын	20212
дягилев	20211
метрополь	20210
наступающий	20209
реставратор	20208
съёмки	20207
рухлядь	20206
колесить	20205
электровоз	20204
кантри	20203
франка	20202
восхваление	20201
эллинский	20200
секира	20199
бом	20198
икар	20197
жеронт	20196
размять	20195
санаторно	20194
иришка	20193
сиротство	20192
кровоизлияние	20191
стирание	20190
бесстыдно	20189
глен	20188
эшби	20187
холить	20186
чирикать	20185
йосеф	20184
моторизованный	20183
зачинщик	20182
ясновидение	20181
саморегуляция	20180
пунин	20179
романский	20178
сберкасса	20177
арбузный	20176
покрикивать	20175
определённо	20174
еврипид	20173
отодрать	20172
окунуть	20171
нерегулярный	20170
косогор	20169
привалов	20168
видоискатель	20167
агния	20166
недопустимо	20165
маслоу	20164
харбин	20163
малоэффективный	20162
нал	20161
еперить	20160
ростропович	20159
припас	20158
комсомольск	20157
причесывать	20156
истерически	20155
коленный	20154
интонационный	20153
гобелен	20152
поглаживание	20151
сурок	20150
провидец	20149
матвеева	20148
неискренний	20147
обосновываться	20146
регулируемый	20145
метрика	20144
стенать	20143
утерянный	20142
мичуринский	20141
поборы	20140
арлекин	20139
флуктуация	20138
засвистеть	20137
резануть	20136
самогонка	20135
пегаш	20134
преступить	20133
антидепрессант	20132
симулировать	20131
фугас	20130
главбух	20129
тунеядец	20128
сэмми	20127
робинсон	20126
подпитывать	20125
десятичный	20124
захмелеть	20123
нелицеприятный	20122
жмуриться	20121
ракетно	20120
вытравить	20119
буровый	20118
алёна	20117
ахилл	20116
промывание	20115
впадение	20114
обзванивать	20113
герпес	20112
растущий	20111
устаревать	20110
нарываться	20109
беспрепятственный	20108
паулюс	20107
видеонаблюдение	20106
полусмерть	20105
митин	20104
квебек	20103
лгун	20102
неподалёку	20101
трудоспособность	20100
бронхит	20099
трудяга	20098
ень	20097
прилежание	20096
мия	20095
перебранка	20094
перципиент	20093
консистенция	20092
лейборист	20091
басилашвить	20090
отрастить	20089
подкосить	20088
геодезический	20087
акой	20086
омсело	20085
шварценеггер	20084
перепачкать	20083
порывать	20082
доберман	20081
адаптированный	20080
разночтение	20079
притворно	20078
полустанок	20077
недопить	20076
райка	20075
шлепок	20074
непутевый	20073
глазище	20072
настороже	20071
нагревание	20070
бистро	20069
северской	20068
импичмент	20067
вос	20066
прилепиться	20065
мэг	20064
безмолвствовать	20063
фитнести	20062
ошеломленно	20061
перепутаться	20060
новорапид	20059
изведать	20058
угощаться	20057
славянофил	20056
огрех	20055
кибиров	20054
спиваться	20053
вжаться	20052
промо	20051
тётя	20050
растечься	20049
косный	20048
полусон	20047
христенко	20046
каннский	20045
хара	20044
мозжорин	20043
растрачивать	20042
буфетчица	20041
эта	20040
выгружать	20039
прихотливый	20038
юркий	20037
трансмиссия	20036
веррес	20035
эбби	20034
рожица	20033
берестов	20032
призывно	20031
светлейший	20030
ганнибал	20029
юстиниан	20028
спецкор	20027
плес	20026
спамера	20025
хвастовство	20024
тяжёлые	20023
вытряхивать	20022
начислить	20021
колёса	20020
барка	20019
копь	20018
безвременье	20017
марксистско	20016
нательный	20015
высчитывать	20014
понуро	20013
бренда	20012
таковый	20011
наломать	20010
сизов	20009
заточка	20008
нагадить	20007
укоренить	20006
пон	20005
биотехнология	20004
ржаветь	20003
фотогалерея	20002
джошуа	20001
сверло	20000
физ	19999
растолкать	19998
сгребать	19997
хлопушка	19996
тестер	19995
похолодать	19994
расступаться	19993
танка	19992
пекарня	19991
половинный	19990
макдоналдс	19989
обнародование	19988
полупроводник	19987
слышь	19986
коробить	19985
дедуля	19984
либретто	19983
каштанкин	19982
пинцет	19981
провальный	19980
утонченность	19979
сбивчивый	19978
переписчик	19977
бекон	19976
вовлеченность	19975
ниночка	19974
ложно	19973
мзда	19972
фирсов	19971
умиляться	19970
патетический	19969
науч	19968
цинковый	19967
молочно	19966
вымпелком	19965
меткость	19964
ярцев	19963
ханжа	19962
сплит	19961
часики	19960
свифт	19959
недосуг	19958
арсеньев	19957
полимер	19956
москаль	19955
патефон	19954
изрыгать	19953
тертый	19952
катапульта	19951
мутно	19950
качалка	19949
брусчатка	19948
мурат	19947
посадский	19946
портфолио	19945
биденко	19944
гребаный	19943
сберегать	19942
изобретательский	19941
блокироваться	19940
стилизованный	19939
вещательный	19938
делла	19937
прорицатель	19936
пулевой	19935
шлифовка	19934
закупочный	19933
посапывать	19932
супчик	19931
рейсовый	19930
дек	19929
волховский	19928
артрит	19927
маленков	19926
мяу	19925
пречистый	19924
портниха	19923
учтивый	19922
лежа	19921
опрометью	19920
узда	19919
мок	19918
замалчивать	19917
пауэлл	19916
дозволять	19915
хитрец	19914
гарнизонный	19913
уваров	19912
стыров	19911
войлок	19910
посрамить	19909
засасывать	19908
свинарник	19907
соразмерный	19906
пантомима	19905
гончая	19904
фаллос	19903
безмятежность	19902
катехизис	19901
опьянеть	19900
туповатый	19899
перформанс	19898
угнести	19897
вброд	19896
происшедшее	19895
бл	19894
залатать	19893
угорь	19892
водосточный	19891
плетение	19890
далай	19889
капнуть	19888
радзиховский	19887
прореагировать	19886
отсыпаться	19885
медкомиссия	19884
гуля	19883
тюнер	19882
урочище	19881
психофизический	19880
огласиться	19879
арарат	19878
женечка	19877
логопед	19876
лукьянович	19875
романовна	19874
герхард	19873
оскорбиться	19872
лайм	19871
бернштейн	19870
покоряться	19869
сорить	19868
прибалт	19867
прокопий	19866
упорядочивать	19865
бти	19864
барочный	19863
клянчить	19862
двухчасовой	19861
промоутер	19860
лесничий	19859
заползти	19858
кулибин	19857
пробирать	19856
фрать	19855
сли	19854
землевладение	19853
незадача	19852
картинно	19851
протечь	19850
смычок	19849
необосновать	19848
руководительница	19847
почтеннейший	19846
увязаться	19845
шаблонный	19844
цивильный	19843
таль	19842
шикарно	19841
ненаучный	19840
подтасовка	19839
прочсти	19838
титановый	19837
обладавать	19836
холка	19835
бретонский	19834
денисова	19833
пристрастный	19832
стар	19831
кожица	19830
оцепить	19829
закрасить	19828
сириец	19827
кура	19826
разевать	19825
отбытие	19824
белоусов	19823
донизу	19822
фигурист	19821
жеребенок	19820
бесстыдство	19819
приятие	19818
кварц	19817
коломенский	19816
аффективный	19815
кристальный	19814
истерик	19813
антверпен	19812
мультипликация	19811
самолётов	19810
корвет	19809
мужицкий	19808
савченко	19807
гетеросексуальный	19806
митрофан	19805
натаскать	19804
молодожены	19803
снип	19802
беломор	19801
морозильный	19800
дезинфекция	19799
нисать	19798
прикуривать	19797
залоговый	19796
прогулять	19795
подобное	19794
непослушание	19793
яго	19792
попрать	19791
непротиворечивый	19790
профицит	19789
санта	19788
айкидо	19787
калорийность	19786
сэй	19785
подшивка	19784
нежить	19783
распаковать	19782
арк	19781
посягнуть	19780
молчун	19779
просперо	19778
законсервировать	19777
осуждаться	19776
маргарин	19775
сро	19774
рублевка	19773
казанова	19772
своенравный	19771
ватага	19770
похабный	19769
беловежский	19768
бутылочный	19767
многоканальный	19766
бреющий	19765
зависить	19764
валерьевич	19763
глубокоуважаемый	19762
поддон	19761
хула	19760
натерпеться	19759
угождать	19758
приязнь	19757
бастовать	19756
паутинка	19755
андрюшка	19754
лавный	19753
грешно	19752
стреляться	19751
високосный	19750
бургундский	19749
антинародный	19748
справочно	19747
егорушка	19746
сдобрить	19745
подстрекать	19744
запечься	19743
арбатский	19742
матисс	19741
гибсон	19740
натуралистический	19739
спецподразделение	19738
кидд	19737
свекор	19736
хаки	19735
очаровывать	19734
тлен	19733
обвивать	19732
дальнобойщик	19731
класться	19730
богадельня	19729
бесстыжий	19728
врачиха	19727
заботливость	19726
иня	19725
росия	19724
кленовый	19723
меншиков	19722
малькольм	19721
детализировать	19720
удилище	19719
кукиш	19718
поступка	19717
стефани	19716
крепеж	19715
полстакан	19714
софочь	19713
сев	19712
борзая	19711
вражий	19710
безбожно	19709
аще	19708
фор	19707
крошить	19706
журчание	19705
таврический	19704
крупье	19703
ркп	19702
пожизненно	19701
второпях	19700
засопеть	19699
нахальство	19698
фрай	19697
сверка	19696
литературоведческий	19695
изыматься	19694
коридорчик	19693
посереть	19692
мерзлота	19691
ультра	19690
деваха	19689
чертков	19688
уродиться	19687
викторов	19686
назидательный	19685
созерцательный	19684
древнеегипетский	19683
вильямс	19682
ганг	19681
тигрица	19680
заморачиваться	19679
чистилище	19678
солянка	19677
бухарест	19676
оправить	19675
фоккер	19674
вегетарианский	19673
онищенко	19672
барный	19671
поползновение	19670
пет	19669
водоизмещение	19668
пританцовывать	19667
наркологический	19666
глухарь	19665
рикошет	19664
поэтапно	19663
подложный	19662
шерман	19661
отчий	19660
данциг	19659
прозорливость	19658
терроризировать	19657
концептуально	19656
охо	19655
лоцман	19654
физиологически	19653
сопричастность	19652
пережевывать	19651
благоустроенный	19650
декоративно	19649
множитель	19648
залечить	19647
народник	19646
раздвинуться	19645
утренник	19644
яковлева	19643
обвенчаться	19642
дышаться	19641
винцо	19640
сарайчик	19639
серьёзное	19638
кулон	19637
Кондрат	19636
каганов	19635
кляча	19634
подвывать	19633
отзывать	19632
верба	19631
литера	19630
неквалифицированный	19629
постников	19628
очно	19627
кичиться	19626
венозный	19625
жабры	19624
черепанов	19623
органайзер	19622
скалиться	19621
песец	19620
мультипликатор	19619
ампутировать	19618
маховик	19617
перелистать	19616
дмитриева	19615
янковский	19614
локально	19613
лета	19612
проигрывание	19611
хореографический	19610
рефрейминг	19609
загребать	19608
отчудить	19607
павлинов	19606
номинант	19605
несвежий	19604
предусмотрительный	19603
абс	19602
метрдотель	19601
нерест	19600
фоторепортаж	19599
хариус	19598
набиваться	19597
абсент	19596
полметр	19595
вскормить	19594
разматывать	19593
сверхчеловеческий	19592
непереносимый	19591
отрасти	19590
правоприменительный	19589
отреставрировать	19588
муравьиный	19587
парча	19586
мэрт	19585
воровский	19584
глубокомысленно	19583
георгин	19582
футурист	19581
саха	19580
минобразования	19579
перебежка	19578
спамерский	19577
чанг	19576
вывихнуть	19575
калькар	19574
дибров	19573
пегас	19572
протекционизм	19571
фрей	19570
нелогично	19569
реставрировать	19568
запонка	19567
любительница	19566
постер	19565
карбюратор	19564
откусывать	19563
полусонный	19562
счёте	19561
дерьмовый	19560
нагасаки	19559
ширяев	19558
обрядовый	19557
проваляться	19556
голодающий	19555
накат	19554
дементьев	19553
благороднейший	19552
засиживаться	19551
паркинг	19550
дистрибутить	19549
дашенька	19548
верстак	19547
истлеть	19546
заглатывать	19545
чуд	19544
хронометр	19543
увещевать	19542
тёплый	19541
подсоединить	19540
мороженый	19539
невилл	19538
курьезный	19537
танцпол	19536
гвалт	19535
отброс	19534
обворожительный	19533
металлист	19532
запрягать	19531
упрочить	19530
душман	19529
кремер	19528
энка	19527
пронять	19526
заступник	19525
мавра	19524
дворняга	19523
левада	19522
жерло	19521
нарва	19520
завистник	19519
деконструкция	19518
плев	19517
обусловливаться	19516
флинт	19515
сперанский	19514
роулинг	19513
прохладительный	19512
отжить	19511
растровый	19510
распитие	19509
врассыпную	19508
нор	19507
зара	19506
преступно	19505
эпистолярный	19504
задаром	19503
махачкала	19502
расчистка	19501
безденежье	19500
экономико	19499
отшлифовать	19498
литургический	19497
расплодиться	19496
захудалый	19495
лузов	19494
газа	19493
общак	19492
школ	19491
здохнуть	19490
дебиторский	19489
наказуемый	19488
григорович	19487
сварливый	19486
шариков	19485
мостки	19484
предсказуемость	19483
распространенный	19482
штольня	19481
тернер	19480
диспропорция	19479
нарядиться	19478
щепотка	19477
отлучка	19476
баскетболист	19475
скипетр	19474
воздеть	19473
перевязывать	19472
телеграфировать	19471
перешагивать	19470
слабоватый	19469
превед	19468
аристарх	19467
элиот	19466
бестактный	19465
невыразимо	19464
скоротечный	19463
хэнк	19462
шариат	19461
микрометр	19460
нанизать	19459
чингиз	19458
бечевка	19457
миха	19456
бочаров	19455
либава	19454
боков	19453
бельевой	19452
господский	19451
замшелый	19450
детско	19449
гончарова	19448
желтизна	19447
мухаммад	19446
медичи	19445
тату	19444
загрохотать	19443
пропись	19442
дееспособность	19441
индуистский	19440
православия	19439
инструктировать	19438
рефери	19437
казначейский	19436
рыцарство	19435
крученый	19434
дс	19433
ушлый	19432
зашкаливать	19431
взяточник	19430
семпл	19429
ремонтник	19428
сатирик	19427
ганди	19426
послав	19425
приготовлять	19424
ольгин	19423
луга	19422
франец	19421
малик	19420
иваненко	19419
дорн	19418
кипяченый	19417
трезвенник	19416
платонович	19415
вколоть	19414
невысказанный	19413
оклеветать	19412
карьерист	19411
выколоть	19410
наитие	19409
лейла	19408
надводный	19407
силезия	19406
опоясывать	19405
деньжата	19404
похолодание	19403
чтоль	19402
моздок	19401
муханов	19400
трой	19399
дейли	19398
дихотомия	19397
неготовность	19396
толки	19395
обхватывать	19394
алонсо	19393
аэродинамика	19392
наставница	19391
поглощаться	19390
маслянистый	19389
окей	19388
жисть	19387
спьяну	19386
пилигрим	19385
кузнечный	19384
колымский	19383
кандарицкая	19382
чердачный	19381
вершитель	19380
эдем	19379
запылать	19378
чаровать	19377
неразрывный	19376
торшер	19375
заправиться	19374
запорожский	19373
сиречь	19372
ложность	19371
изысканно	19370
манежный	19369
дондурей	19368
шмыгать	19367
владивостокский	19366
благовоние	19365
чураться	19364
театрализованный	19363
юркун	19362
онкология	19361
глобализм	19360
кубарем	19359
маскировочный	19358
застольный	19357
павленко	19356
вишна	19355
рикша	19354
вытолкать	19353
беспринципный	19352
многословный	19351
роскошно	19350
горний	19349
каземат	19348
роспатент	19347
рябой	19346
кортес	19345
десница	19344
галифе	19343
сект	19342
багряный	19341
вазелин	19340
неумеренный	19339
неполадки	19338
конъюнктурный	19337
ланг	19336
алрос	19335
люцина	19334
танин	19333
главно	19332
изя	19331
перешёл	19330
возделывать	19329
заклятый	19328
анджей	19327
кулачный	19326
навзрыд	19325
копеечный	19324
досадовать	19323
отрешенно	19322
запасаться	19321
невнимательность	19320
нечистоты	19319
неизбывный	19318
мулин	19317
модернистский	19316
примирительно	19315
квинт	19314
глазунов	19313
предсказатель	19312
вылизать	19311
чудес	19310
наобум	19309
пруссак	19308
бабнуть	19307
евсей	19306
неадекватность	19305
джорджия	19304
диего	19303
хитросплетение	19302
руф	19301
полусфера	19300
сенокос	19299
миро	19298
захлестывать	19297
крупинка	19296
брелок	19295
циффель	19294
кетамин	19293
подавленность	19292
тишков	19291
южнокорейский	19290
эйфелев	19289
клинт	19288
управитель	19287
нейлоновый	19286
гомосексуальность	19285
образцово	19284
телецентр	19283
бижутерия	19282
хазарский	19281
лысеть	19280
разомкнуть	19279
слабонервный	19278
называемый	19277
харон	19276
заряжаться	19275
переваливаться	19274
ксенон	19273
сублимация	19272
излучина	19271
виллис	19270
похвалиться	19269
буржуазно	19268
иветта	19267
вывозиться	19266
плодовитый	19265
конвертация	19264
осквернять	19263
рассвирепеть	19262
трапезная	19261
крепыш	19260
бредовой	19259
передаточный	19258
нф	19257
поторопить	19256
ерш	19255
завлекать	19254
примеч	19253
июллетень	19252
келдер	19251
саровский	19250
топография	19249
вк	19248
дедушкин	19247
гав	19246
прибивать	19245
грабительский	19244
рунический	19243
черепашка	19242
популистский	19241
лобанов	19240
ричардсон	19239
радонежский	19238
сиверов	19237
человеколюбие	19236
официоз	19235
кирзовый	19234
дть	19233
пошло	19232
эгоцентризм	19231
невнимательно	19230
врат	19229
облегчаться	19228
досужий	19227
втолковывать	19226
трикотажный	19225
теоретико	19224
утопленник	19223
данилова	19222
хлудов	19221
бран	19220
грэхем	19219
обломиться	19218
самолюбивый	19217
похвастать	19216
терпенье	19215
плоскогорье	19214
вахтанг	19213
шутер	19212
конфуций	19211
здрасте	19210
подзабыть	19209
неприличие	19208
пмрека	19207
расчитать	19206
джастин	19205
четырнадцатилетний	19204
испытующе	19203
двоеточие	19202
дежурка	19201
переплестись	19200
пшено	19199
атлетический	19198
конденсат	19197
хуч	19196
постанывать	19195
подплывать	19194
схлопотать	19193
гиль	19192
фантомас	19191
капитально	19190
выборочно	19189
несравнимый	19188
километровый	19187
самоограничение	19186
гавести	19185
хаять	19184
тюнинг	19183
раскланиваться	19182
што	19181
вайкуле	19180
слабительный	19179
моторика	19178
алек	19177
максимализм	19176
неподвластный	19175
кэри	19174
скормить	19173
слышимый	19172
неврологический	19171
хохлов	19170
ведётся	19169
ненастный	19168
гарсия	19167
ерез	19166
солт	19165
разражаться	19164
барнаульский	19163
препираться	19162
био	19161
стокгольмский	19160
мизансцена	19159
дотащить	19158
полновесный	19157
моб	19156
легитимация	19155
офелия	19154
бричка	19153
ялтинский	19152
лёг	19151
ипихта	19150
сашин	19149
фрагонар	19148
давидович	19147
булава	19146
отсвечивать	19145
кайл	19144
сравнять	19143
рыклин	19142
жюстина	19141
цикличность	19140
нестыковка	19139
пут	19138
рег	19137
лобачевский	19136
спартакиада	19135
нытье	19134
шпионить	19133
полисмен	19132
марлоу	19131
бостонский	19130
изготовляться	19129
норрис	19128
истово	19127
продуктивно	19126
транспортировать	19125
жариться	19124
ашер	19123
станковый	19122
раскольник	19121
сомнительно	19120
мелисса	19119
ввернуть	19118
окопаться	19117
рувд	19116
прикатить	19115
директивный	19114
тамплиер	19113
предержащий	19112
глуповатый	19111
свить	19110
притч	19109
обнарузить	19108
вкруг	19107
поубавиться	19106
разверзнуться	19105
наделение	19104
выскальзывать	19103
аааа	19102
прейскурант	19101
тортик	19100
шорт	19099
выгребать	19098
универсум	19097
полулежать	19096
платина	19095
массачусетс	19094
полуоткрытый	19093
неизмеримый	19092
столпотворение	19091
феерический	19090
прозревать	19089
капеллан	19088
удваивать	19087
вгрызаться	19086
шарахнуть	19085
лиман	19084
тритон	19083
темза	19082
подзаконный	19081
высоковольтный	19080
передовик	19079
нарочницкая	19078
бейсбольной	19077
изм	19076
лазурь	19075
леность	19074
куш	19073
дискриминационный	19072
рь	19071
мертвенно	19070
феллини	19069
ману	19068
мастерский	19067
пойло	19066
лучиться	19065
предновогодний	19064
озерцо	19063
вэнь	19062
лазутчик	19061
блистательно	19060
упаковочный	19059
точеный	19058
нейтрально	19057
режимный	19056
терек	19055
можжевельник	19054
прокуратор	19053
хват	19052
масштабность	19051
джемма	19050
писемский	19049
столпа	19048
шипящий	19047
пий	19046
меркель	19045
мордашка	19044
вед	19043
вильно	19042
уняться	19041
подводиться	19040
черногория	19039
выпячивать	19038
фразеология	19037
штамповать	19036
обуять	19035
инвариант	19034
баранкин	19033
неа	19032
киплинг	19031
ошпарить	19030
поправимый	19029
чеканка	19028
загибаться	19027
кумулятивный	19026
начфин	19025
лун	19024
вгонять	19023
таяние	19022
градов	19021
бабенка	19020
отлучение	19019
заголосить	19018
порри	19017
салонный	19016
прооперировать	19015
отой	19014
черняк	19013
муравьев	19012
лебедева	19011
оскомина	19010
детородный	19009
учтивость	19008
полицеймейстер	19007
чонкин	19006
фотосъемка	19005
распивать	19004
пасынок	19003
прирасти	19002
недержание	19001
ревизионный	19000
пидарас	18999
перебороть	18998
надька	18997
краж	18996
потешный	18995
чао	18994
хасбулатов	18993
желудь	18992
сероватый	18991
сальери	18990
кирсанов	18989
клонировать	18988
россель	18987
нейронный	18986
бобруйск	18985
инуть	18984
приять	18983
помпея	18982
дорис	18981
расшевелить	18980
немилость	18979
застояться	18978
промазать	18977
зловоние	18976
убиенный	18975
бандаж	18974
подвернуть	18973
эразм	18972
сопряжение	18971
стрекотать	18970
имён	18969
отбывание	18968
несравнимо	18967
иждивенец	18966
генеральша	18965
саркастический	18964
жертвенность	18963
присуждать	18962
блинов	18961
попользоваться	18960
награждаться	18959
амфора	18958
безутешный	18957
строггорн	18956
новодворский	18955
среднегодовой	18954
обольщение	18953
пд	18952
просверлить	18951
либерман	18950
передвижный	18949
маневренный	18948
кровоток	18947
нехилый	18946
трусца	18945
розенталь	18944
крейсерский	18943
спохватываться	18942
наряжаться	18941
хрюша	18940
кэша	18939
неудачливый	18938
рафик	18937
пылиться	18936
кардиолог	18935
илиада	18934
вкусненький	18933
гидра	18932
градостроительство	18931
азс	18930
затушить	18929
моложавый	18928
заказник	18927
полтавский	18926
асад	18925
пересыпать	18924
подпоручик	18923
связность	18922
мене	18921
жиденький	18920
мот	18919
пл	18918
покатать	18917
стряпня	18916
тёмных	18915
задышать	18914
гак	18913
потонуть	18912
циклоп	18911
раймонд	18910
рубленый	18909
тавтология	18908
грэм	18907
заламывать	18906
почин	18905
эдинбург	18904
платяной	18903
госуниверситет	18902
узорчатый	18901
наличник	18900
медпункт	18899
недоделать	18898
контрафактный	18897
хамыц	18896
журфак	18895
циркуль	18894
вовеки	18893
свободолюбивый	18892
неразрывной	18891
забрезжить	18890
примадонна	18889
запчасти	18888
отделываться	18887
соб	18886
подбивать	18885
четырежды	18884
слиска	18883
начертание	18882
тотально	18881
русс	18880
поминальный	18879
объёма	18878
страдальческий	18877
зычный	18876
невзлюбить	18875
обставлять	18874
реалистичность	18873
византиец	18872
неурожай	18871
имитационный	18870
божественность	18869
стыдливый	18868
сватовство	18867
исраэль	18866
америк	18865
натуга	18864
предшествование	18863
барбаросс	18862
селезенка	18861
фотопленка	18860
рассудочный	18859
умничать	18858
периферический	18857
литье	18856
ведический	18855
стартер	18854
умилять	18853
семинарский	18852
прислужник	18851
словацкий	18850
евфрат	18849
контртеррористический	18848
аравийский	18847
нападка	18846
четырехугольный	18845
голубков	18844
бэби	18843
фейхтвангер	18842
ситец	18841
непогрешимый	18840
чьё	18839
достраивать	18838
пенелопа	18837
расшифровываться	18836
зерновые	18835
веснушчатый	18834
упокой	18833
чеканить	18832
теплоснабжение	18831
играючи	18830
добрейший	18829
офигеть	18828
отстреливать	18827
карин	18826
выделенный	18825
маи	18824
ментовский	18823
номинально	18822
упс	18821
слагаемое	18820
умывание	18819
нан	18818
шевырев	18817
отвязать	18816
нурланн	18815
рикки	18814
хумулин	18813
чернявый	18812
наигрывать	18811
дорваться	18810
угонщик	18809
блюхер	18808
издевательски	18807
почтамт	18806
выветриться	18805
голованов	18804
веласкес	18803
альфонс	18802
ирис	18801
соловки	18800
постскриптум	18799
рампа	18798
дмитрич	18797
буднично	18796
типо	18795
облизнуть	18794
миллисекунда	18793
гала	18792
закавказский	18791
папиросный	18790
пентаграмма	18789
замедленный	18788
хром	18787
плодовитость	18786
неширокий	18785
болкисева	18784
выпорхнуть	18783
рассол	18782
выполненный	18781
бенуа	18780
командно	18779
отворот	18778
опорожнить	18777
забайкальский	18776
гнедой	18775
молчанье	18774
стоматология	18773
отварной	18772
полетный	18771
креонт	18770
оаэ	18769
разрекламировать	18768
внешторгбанк	18767
полировка	18766
кургинян	18765
суздальский	18764
вечнозеленый	18763
максимизировать	18762
рискованно	18761
магнитола	18760
субтитр	18759
керк	18758
кеннит	18757
раздутый	18756
дробиться	18755
мемуарист	18754
течёт	18753
запричитать	18752
инициализация	18751
нефига	18750
нацбол	18749
благоустроить	18748
трещинка	18747
рекрут	18746
покупательница	18745
легенд	18744
подергиваться	18743
индонезийский	18742
увить	18741
вкусность	18740
простудить	18739
совокупляться	18738
выборщик	18737
притеснять	18736
льдинка	18735
пролечь	18734
седок	18733
секундант	18732
прорубить	18731
доча	18730
головастик	18729
побаловать	18728
бейкер	18727
посерьезнеть	18726
чернигов	18725
вцик	18724
победоносно	18723
измайловский	18722
купала	18721
суженый	18720
надорвать	18719
психо	18718
тоник	18717
незапланированный	18716
келдыш	18715
исаакович	18714
кариес	18713
приглядывать	18712
поганка	18711
надрез	18710
трудоголик	18709
девятилетний	18708
раздетый	18707
нитрат	18706
горловина	18705
светоч	18704
слышимость	18703
рубиться	18702
табаков	18701
поделом	18700
кастреть	18699
реалистично	18698
богоугодный	18697
статистик	18696
потащиться	18695
обустраивать	18694
народиться	18693
оверт	18692
хрюкать	18691
водопой	18690
сенека	18689
стрелочник	18688
тихоновна	18687
налетчик	18686
заржаветь	18685
обзвонить	18684
перевоспитание	18683
неблагополучие	18682
эстроген	18681
карачаево	18680
покрутиться	18679
занятой	18678
гуськом	18677
анисий	18676
скапен	18675
похорошеть	18674
шахтерский	18673
смут	18672
оспариваться	18671
росчерк	18670
божественно	18669
плашмя	18668
обдирать	18667
хиросима	18666
клейкий	18665
разъяренный	18664
подстегнуть	18663
автономность	18662
зарастать	18661
ковалевский	18660
ии	18659
телефончик	18658
согласная	18657
эротичный	18656
лс	18655
веско	18654
пригубить	18653
нештатный	18652
плафон	18651
осложниться	18650
превозмочь	18649
касаемо	18648
опор	18647
беременная	18646
мвт	18645
угнетатель	18644
керченский	18643
токийский	18642
спроль	18641
озу	18640
тарахтеть	18639
разъединить	18638
готье	18637
кляп	18636
трак	18635
шарапова	18634
дерябин	18633
токсический	18632
евпатория	18631
дедовский	18630
рамазать	18629
гэллегер	18628
погореть	18627
алле	18626
рикс	18625
майков	18624
прямолинейно	18623
маркет	18622
судостроительный	18621
карфаген	18620
сереть	18619
макарова	18618
мятный	18617
кипрский	18616
фамусов	18615
моление	18614
лори	18613
плз	18612
обкладывать	18611
выспрашивать	18610
кандида	18609
обтекать	18608
украинка	18607
просо	18606
мусоропровод	18605
заходиться	18604
перегрызть	18603
нестройный	18602
всыпать	18601
своевременность	18600
конвейерный	18599
харизматический	18598
приостанавливаться	18597
клеветать	18596
осведомляться	18595
цоколь	18594
плат	18593
паркинсон	18592
гастарбайтер	18591
отсосать	18590
укрепленный	18589
берлускони	18588
коррелировать	18587
кипятиться	18586
бесчинство	18585
своеволие	18584
парфюм	18583
желый	18582
мелкобуржуазный	18581
харчи	18580
замятин	18579
вольфганг	18578
переложение	18577
закалять	18576
галантно	18575
раздумать	18574
шоб	18573
гапон	18572
эва	18571
зап	18570
инаугурация	18569
взваливать	18568
опель	18567
хари	18566
фигаро	18565
словесно	18564
кабаков	18563
устроение	18562
смягчаться	18561
нереализованный	18560
космология	18559
вэри	18558
неотвратимость	18557
максимовна	18556
зацвести	18555
цербер	18554
соты	18553
бер	18552
диоген	18551
развезти	18550
полугодовой	18549
тонировать	18548
дани	18547
кудряшов	18546
отцепить	18545
пирсинг	18544
чудеса	18543
мв	18542
облетать	18541
обезьяний	18540
киссинджер	18539
скинуться	18538
ежиться	18537
непонятка	18536
свидеться	18535
бунимович	18534
слетаться	18533
коттеджный	18532
фельдман	18531
попугайчик	18530
затеваться	18529
переродиться	18528
речение	18527
лейка	18526
порочность	18525
говяжий	18524
непристойность	18523
богданович	18522
чарующий	18521
приостанавливать	18520
пористый	18519
фостер	18518
переизбыток	18517
капилляр	18516
отрадно	18515
дисконтный	18514
оят	18513
ковальчук	18512
толстеть	18511
единообразие	18510
воспринимаемый	18509
продюсерский	18508
букин	18507
предугадывать	18506
прошмыгнуть	18505
экстатический	18504
стоптать	18503
гаркуша	18502
термический	18501
тейео	18500
власис	18499
раскиснуть	18498
кра	18497
вертиться	18496
видеоклип	18495
единообразный	18494
твен	18493
междугородний	18492
озариться	18491
средина	18490
армагеддон	18489
утробный	18488
спаять	18487
смещать	18486
наумович	18485
шувалов	18484
тёплой	18483
телятина	18482
проверочный	18481
водица	18480
кис	18479
обеднеть	18478
ретроспективный	18477
сюрреалистический	18476
интенсификация	18475
электро	18474
мона	18473
подданство	18472
иноязычный	18471
местожительство	18470
поэкспериментировать	18469
конфессиональный	18468
удавиться	18467
впервой	18466
осознавание	18465
статист	18464
плутоний	18463
соцреализм	18462
сладострастный	18461
мортимер	18460
гимнаст	18459
упоительный	18458
хансен	18457
выгравировать	18456
сдавливать	18455
марик	18454
эрец	18453
промочить	18452
переться	18451
пежо	18450
добрести	18449
сервировать	18448
завышать	18447
беззаветный	18446
отпрыгнуть	18445
туркестан	18444
спагетти	18443
эрогенный	18442
пикнуть	18441
царапаться	18440
проулок	18439
авель	18438
млин	18437
исхудать	18436
протекторат	18435
дослужиться	18434
отстраненность	18433
священство	18432
соискание	18431
приноситься	18430
фикус	18429
приспосабливать	18428
заволочь	18427
обследоваться	18426
сумбур	18425
подследственный	18424
перекрасить	18423
торпед	18422
реформаторский	18421
реалити	18420
караок	18419
кэрролл	18418
спиннинг	18417
антропоморфный	18416
непрофессионализм	18415
известковый	18414
месячных	18413
платиться	18412
церебральный	18411
витиеватый	18410
тронный	18409
ют	18408
стандартно	18407
швыдкой	18406
лила	18405
букинист	18404
самотек	18403
дисперсия	18402
былое	18401
сутулиться	18400
сумрачно	18399
испытываться	18398
прогон	18397
шубин	18396
синайский	18395
шумовой	18394
денно	18393
колыхать	18392
радж	18391
аскет	18390
роликовый	18389
телесно	18388
обшаривать	18387
пережидать	18386
дарк	18385
смыкать	18384
заброска	18383
дуреха	18382
слаженный	18381
навеселе	18380
садоводство	18379
понаехать	18378
плодовый	18377
кэлум	18376
субъективизм	18375
глушков	18374
разбойный	18373
йорк	18372
пухнуть	18371
электросвязь	18370
спецшкола	18369
заучивать	18368
натренировать	18367
обгорелый	18366
байдарок	18365
суслов	18364
переплюнуть	18363
крупская	18362
анафема	18361
жаворонков	18360
спорщик	18359
каганат	18358
стелиться	18357
трусливо	18356
киберпространство	18355
вер	18354
минсвязи	18353
лидирующий	18352
отрицаться	18351
алгебраический	18350
доналд	18349
гипертрофированный	18348
еэп	18347
комик	18346
приусадебный	18345
расчёт	18344
иллинойс	18343
безгранично	18342
бауман	18341
найджел	18340
драматургический	18339
соблазнитель	18338
эка	18337
пророчить	18336
попсовый	18335
лучина	18334
выкручивать	18333
натужно	18332
второсортный	18331
исправность	18330
аниматор	18329
кулешов	18328
коммунар	18327
раж	18326
обождать	18325
дв	18324
стэнли	18323
воспрянуть	18322
междоусобный	18321
ренделл	18320
разгневаться	18319
колобов	18318
неэффективно	18317
сургутнефтегаз	18316
даф	18315
взбивать	18314
той	18313
неузнаваемый	18312
кувырок	18311
численно	18310
осмотрительность	18309
жасант	18308
заселять	18307
гештальт	18306
доминанта	18305
подвязать	18304
сусанин	18303
стебелек	18302
накрахмалить	18301
чёрно	18300
педиатрия	18299
можный	18298
лёгкой	18297
эндокринолог	18296
разоряться	18295
эвтаназия	18294
мелькание	18293
выступающий	18292
выбоина	18291
офшорный	18290
ненормальность	18289
углеводородный	18288
винер	18287
прудить	18286
приползти	18285
тушение	18284
ободок	18283
паковать	18282
нарицательный	18281
проектироваться	18280
поваляться	18279
высмеять	18278
магнус	18277
дум	18276
соблазниться	18275
двойня	18274
оснащенность	18273
миланский	18272
струнка	18271
радиотелефон	18270
рулём	18269
ассимилировать	18268
дальнобойный	18267
брюссельский	18266
эксмо	18265
затесаться	18264
фрунзенский	18263
бухучет	18262
ландшафтный	18261
главка	18260
осадка	18259
грить	18258
рожон	18257
присягнуть	18256
менатеп	18255
худоба	18254
неопубликованный	18253
каменка	18252
пятерня	18251
покраснение	18250
фрэнка	18249
бдительно	18248
бесцеремонный	18247
вятский	18246
отнекиваться	18245
хищно	18244
нееврей	18243
прошибить	18242
осыпь	18241
невада	18240
обложение	18239
вменять	18238
покричать	18237
раскошелиться	18236
шлемель	18235
посветлеть	18234
побрить	18233
реле	18232
ножичек	18231
лесозаготовка	18230
назидательно	18229
шурка	18228
понеделькус	18227
преодолеваться	18226
бодун	18225
дока	18224
прикидка	18223
перемешиваться	18222
конверсия	18221
помешаться	18220
корделие	18219
валерик	18218
иж	18217
оладья	18216
ткать	18215
частие	18214
опоясать	18213
стадный	18212
умонастроение	18211
ухать	18210
омоложение	18209
коллекционный	18208
тушинский	18207
зачетный	18206
лейкоцит	18205
начислять	18204
лежанка	18203
стряпчий	18202
таггерт	18201
зверюга	18200
прощупать	18199
скрипет	18198
подготовлять	18197
обломов	18196
расформировать	18195
трескаться	18194
наняться	18193
навозный	18192
сервант	18191
чук	18190
стихотворец	18189
стравинский	18188
нордический	18187
вползать	18186
занервничать	18185
стероид	18184
геллер	18183
актёров	18182
вплавь	18181
тёмный	18180
безрассудно	18179
подгонка	18178
райкин	18177
гнездышко	18176
запамятовать	18175
долбаный	18174
моссовет	18173
кровельный	18172
перетерпеть	18171
приберечь	18170
оттачивать	18169
стюард	18168
круговерть	18167
лешик	18166
валк	18165
каб	18164
мольер	18163
балкончик	18162
косметичка	18161
раздваиваться	18160
соотечественница	18159
рассудительность	18158
окорок	18157
лапочка	18156
упиться	18155
кундалини	18154
гиблый	18153
снежана	18152
ахмад	18151
аметить	18150
технологичный	18149
определитель	18148
аи	18147
мерфи	18146
недоброжелательный	18145
сбивчиво	18144
восхитительно	18143
кричащий	18142
вист	18141
карикатурный	18140
съязвить	18139
складывание	18138
ведьмак	18137
рассказик	18136
изорвать	18135
прокалывать	18134
лоскуток	18133
распластать	18132
икнуть	18131
хронически	18130
покивать	18129
квашеный	18128
трансферт	18127
офицерство	18126
зауралье	18125
расчесать	18124
оффлайн	18123
цоппино	18122
евр	18121
андреева	18120
эхудой	18119
барни	18118
маркиза	18117
притягательность	18116
ядреный	18115
реять	18114
изысканность	18113
потайный	18112
кэрол	18111
димитрия	18110
самопроизвольно	18109
гниение	18108
притягиваться	18107
пенкин	18106
апология	18105
вышеславец	18104
неля	18103
щурить	18102
ночлежка	18101
судоходный	18100
визовый	18099
меджлис	18098
сытно	18097
раздвигаться	18096
моро	18095
помешивать	18094
итерация	18093
инка	18092
синергетика	18091
присовокупить	18090
пригреть	18089
увянуть	18088
семяизвержение	18087
короновать	18086
эспрессо	18085
заваруха	18084
чар	18083
арык	18082
сочувственный	18081
отпираться	18080
лоббист	18079
гаечный	18078
локо	18077
гермать	18076
камерун	18075
проталкивать	18074
генуя	18073
умнейший	18072
покачивание	18071
животноводческий	18070
чешуйка	18069
трехсторонний	18068
переделкино	18067
манька	18066
дядечка	18065
залетный	18064
резка	18063
перегнуть	18062
подсайт	18061
гольдберг	18060
аматуров	18059
захолустный	18058
смотрить	18057
перекидывать	18056
мадридский	18055
добби	18054
петрушевская	18053
телька	18052
нежирный	18051
откупорить	18050
болотов	18049
фин	18048
расказать	18047
длань	18046
обуглить	18045
аркада	18044
шустро	18043
океанический	18042
материализовать	18041
вьюгин	18040
перспективность	18039
ополчиться	18038
закрасться	18037
упомнить	18036
высмотреть	18035
рубина	18034
фетиш	18033
арап	18032
троллейбусный	18031
регламентироваться	18030
мчать	18029
лин	18028
шер	18027
миронова	18026
народовластие	18025
свый	18024
ноэль	18023
прибирать	18022
акафист	18021
переоборудование	18020
раскатать	18019
сверхурочный	18018
живёшь	18017
курбатов	18016
обрывистый	18015
тёмно	18014
калькуляция	18013
серьёзным	18012
туркменбаша	18011
дубликат	18010
волновый	18009
бела	18008
фуфло	18007
наковальня	18006
береста	18005
непонять	18004
америкос	18003
провозглашаться	18002
возрадоваться	18001
оробеть	18000
отрубать	17999
клеветнический	17998
розить	17997
разучивать	17996
бактериальный	17995
однообразно	17994
дельце	17993
леонтьевич	17992
монмартр	17991
неологизм	17990
якобинец	17989
палат	17988
нахлобучить	17987
дольщик	17986
затворить	17985
мориц	17984
лиственный	17983
природ	17982
клир	17981
кадык	17980
радищев	17979
безразмерный	17978
рыбалко	17977
скальп	17976
айболит	17975
трубопроводный	17974
нелестный	17973
национализировать	17972
ботва	17971
майлз	17970
ошалело	17969
кукушкин	17968
гий	17967
лидерский	17966
пошаговый	17965
хомут	17964
вита	17963
пахотный	17962
задувать	17961
ахерн	17960
опосредованно	17959
глагольный	17958
непрофессионал	17957
прогнозироваться	17956
зачаточный	17955
скучноватый	17954
дезодорант	17953
юдит	17952
удавка	17951
илларион	17950
анестезиолог	17949
удваиваться	17948
тернистый	17947
задорнов	17946
перекрестие	17945
уморить	17944
ажар	17943
кларенс	17942
хотение	17941
ужели	17940
мелодический	17939
вознаграждать	17938
опричник	17937
изъявлять	17936
схоластика	17935
папарацци	17934
эскадрилия	17933
дужка	17932
развалина	17931
загулять	17930
мосфильм	17929
приторный	17928
глубокомысленный	17927
самовнушение	17926
одергивать	17925
рыбинск	17924
огненно	17923
пусковый	17922
репка	17921
пигмент	17920
раздражающий	17919
привередливый	17918
витт	17917
снисходить	17916
новороссийский	17915
психофизиологический	17914
бестужев	17913
эмиссионный	17912
прошелестеть	17911
ханство	17910
семиотический	17909
обрубить	17908
прослышать	17907
пожатие	17906
формуляр	17905
механизатор	17904
тормошить	17903
слизывать	17902
якушкин	17901
рекогносцировка	17900
завозиться	17899
неусыпный	17898
скручивать	17897
лживость	17896
розов	17895
остекление	17894
фив	17893
очередник	17892
пригибаться	17891
пуховый	17890
подстановка	17889
селиванов	17888
взгромоздиться	17887
захолустье	17886
беспроигрышный	17885
голем	17884
столбняк	17883
экономно	17882
енот	17881
фри	17880
интимность	17879
изжога	17878
гиена	17877
блуза	17876
крат	17875
перепечатывать	17874
комиссионные	17873
пешкова	17872
вслушаться	17871
протопопов	17870
сабль	17869
гаагский	17868
ке	17867
концентрический	17866
стеклопакет	17865
цдх	17864
генералиссимус	17863
дубай	17862
уравниловка	17861
лодырь	17860
ваться	17859
дунайский	17858
курдский	17857
лепка	17856
свитка	17855
самокритика	17854
удлиняться	17853
мотька	17852
ауробиндо	17851
кристаллизация	17850
разрознить	17849
разглашать	17848
козлиный	17847
укра	17846
отторгнуть	17845
морока	17844
грядущее	17843
кед	17842
ступ	17841
булгаковский	17840
ермаков	17839
мюрат	17838
перун	17837
террариум	17836
прицеливание	17835
чёрную	17834
рори	17833
ваххабит	17832
пейдж	17831
кандалы	17830
голографический	17829
загрызть	17828
мер	17827
опечалить	17826
стилистически	17825
самоуничтожение	17824
проецироваться	17823
насар	17822
утихомирить	17821
терра	17820
ал	17819
основательность	17818
пацифист	17817
наслать	17816
сура	17815
вуди	17814
островный	17813
заготавливать	17812
названивать	17811
заталкивать	17810
бубнов	17809
сшибить	17808
плечистый	17807
хмыкать	17806
бир	17805
мямлить	17804
палас	17803
шимон	17802
югорский	17801
холокоста	17800
дробыш	17799
милинкевич	17798
табличный	17797
переориентировать	17796
воцарение	17795
рекордно	17794
муженек	17793
гангрена	17792
тридевять	17791
шероховатость	17790
нарт	17789
малек	17788
подтрунивать	17787
куннилингус	17786
наград	17785
необратимость	17784
хандруев	17783
гребешок	17782
десктоп	17781
быковский	17780
заигрывание	17779
автосервис	17778
электрификация	17777
прозорливый	17776
бмпозиум	17775
сломя	17774
опрометчивый	17773
неявка	17772
сенатский	17771
кампус	17770
прочертить	17769
коромысло	17768
свершаться	17767
дружнин	17766
гербовый	17765
обегать	17764
даритель	17763
богохульство	17762
иванченко	17761
нда	17760
перемалывать	17759
тарик	17758
транслятор	17757
китаянка	17756
проточный	17755
зазорный	17754
кямал	17753
протоптать	17752
люминесцентный	17751
саунд	17750
измучиться	17749
какашка	17748
хандра	17747
перельман	17746
подстава	17745
дорогуша	17744
боженька	17743
домофон	17742
мордобой	17741
сиб	17740
интерфейсный	17739
мдеревня	17738
задергаться	17737
обмануться	17736
скалолазание	17735
льший	17734
активистка	17733
камертон	17732
землячество	17731
генералитет	17730
кадыр	17729
путина	17728
Жигули	17727
гардеробный	17726
шоковый	17725
россини	17724
вш	17723
суперзвезда	17722
агнесс	17721
надеваться	17720
алеся	17719
валентиновна	17718
автономно	17717
схлынуть	17716
коммерчески	17715
спецовка	17714
саломея	17713
поэтичный	17712
разжиться	17711
полоцкий	17710
калугин	17709
сума	17708
холодить	17707
исцелиться	17706
дарвиновский	17705
оКсана	17704
шайтан	17703
алешин	17702
объёме	17701
ино	17700
уилер	17699
бравада	17698
костерок	17697
развертка	17696
сощуриться	17695
оруэлл	17694
скапный	17693
клятвенно	17692
похмельный	17691
парадное	17690
кобзон	17689
сбрасываться	17688
ремиссия	17687
кварцевый	17686
михайлова	17685
письмецо	17684
лисичка	17683
жучка	17682
укв	17681
демка	17680
плешивый	17679
корчагин	17678
осетровый	17677
ацетон	17676
оттаскивать	17675
парламентаризм	17674
горделиво	17673
теплушка	17672
корпеть	17671
гектор	17670
конферансье	17669
парторганизация	17668
жск	17667
осока	17666
полимерный	17665
недопонимание	17664
друган	17663
многоразовый	17662
расул	17661
тоб	17660
рейли	17659
непринужденность	17658
гомеопатический	17657
линялый	17656
бали	17655
трепыхаться	17654
морден	17653
покладать	17652
обледенелый	17651
однофамилец	17650
детонатор	17649
нейти	17648
ханжество	17647
скорин	17646
голубева	17645
полакомиться	17644
каббала	17643
откачать	17642
канатный	17641
кик	17640
усыновитель	17639
международно	17638
выдворить	17637
башенный	17636
прокашляться	17635
ванильный	17634
юганскнефтегаз	17633
апл	17632
гут	17631
наутек	17630
вваливаться	17629
челядь	17628
самсонов	17627
кармический	17626
затосковать	17625
душенька	17624
воинственно	17623
визуализировать	17622
безвременно	17621
осклабиться	17620
распаковывать	17619
закаливание	17618
щепетильный	17617
апокалиптический	17616
рубенс	17615
улетучиваться	17614
триместр	17613
харви	17612
грэй	17611
эфрон	17610
оболтус	17609
посторониться	17608
алис	17607
научаться	17606
серфинг	17605
донат	17604
состроить	17603
местопребывание	17602
платов	17601
лужники	17600
сапиенс	17599
встревать	17598
рггу	17597
травматический	17596
дурачить	17595
ширь	17594
тама	17593
дора	17592
хамелеон	17591
изувечить	17590
бомбей	17589
вытоптать	17588
каспар	17587
утрачиваться	17586
блатарь	17585
верификация	17584
клубничный	17583
замоскворечье	17582
утопиться	17581
замешивать	17580
взрывный	17579
латунный	17578
отвинтить	17577
бессовестно	17576
мопассан	17575
кристоф	17574
выписываться	17573
селекционный	17572
аутентичный	17571
накаливание	17570
всеобщность	17569
прилагаемый	17568
взыскательный	17567
диетолог	17566
непропорционально	17565
лесничество	17564
слезный	17563
навязчиво	17562
этажный	17561
разговорить	17560
юрьич	17559
параноидальный	17558
многоцветный	17557
династие	17556
обезболивание	17555
акакий	17554
илл	17553
пенье	17552
дерегулирование	17551
сжинать	17550
буржуйский	17549
обжить	17548
опротестовать	17547
отщепенец	17546
вязкость	17545
фич	17544
мужичонка	17543
предначертать	17542
убывание	17541
милли	17540
севастьянов	17539
уганда	17538
матерчатый	17537
стелить	17536
прописаться	17535
дзный	17534
перелезать	17533
рахель	17532
руфь	17531
блевотина	17530
заступать	17529
замуровать	17528
хулиганить	17527
изголодаться	17526
хаммер	17525
сшибать	17524
стыдливость	17523
купцов	17522
отгул	17521
кононов	17520
дикки	17519
дерн	17518
меловой	17517
браковать	17516
аза	17515
протяженный	17514
бергсон	17513
оное	17512
изготовиться	17511
виленский	17510
тропики	17509
попрекать	17508
живописно	17507
вареник	17506
морковный	17505
заполярный	17504
крещеный	17503
всасывать	17502
рав	17501
вин	17500
навешивать	17499
фрейя	17498
тазовый	17497
заглушка	17496
обертывание	17495
мя	17494
надругаться	17493
инакомыслие	17492
жебелев	17491
патологоанатом	17490
бестактность	17489
заколдовать	17488
немудреный	17487
заплясать	17486
эллочка	17485
ефимова	17484
дозволяться	17483
дозорный	17482
уподобление	17481
антиквар	17480
метательный	17479
затравить	17478
истощиться	17477
шарапов	17476
отжать	17475
противостоящий	17474
рационалистический	17473
покоритель	17472
антресоль	17471
туристка	17470
желанье	17469
нарышкин	17468
самонадеянность	17467
рез	17466
документировать	17465
органика	17464
гаша	17463
шампанский	17462
баланда	17461
каучук	17460
надворный	17459
ацтек	17458
малфой	17457
вызревать	17456
афин	17455
неискренность	17454
быстров	17453
батискаф	17452
чурикова	17451
открутить	17450
сматываться	17449
словить	17448
приостановка	17447
залюбоваться	17446
предположительный	17445
счёта	17444
заученный	17443
карманник	17442
законотворческий	17441
попрятаться	17440
хьюз	17439
измайлов	17438
микстура	17437
пугающе	17436
слив	17435
нощно	17434
гористый	17433
менестрель	17432
диссидентский	17431
особист	17430
гестаповец	17429
зелено	17428
муз	17427
поместный	17426
запретительный	17425
злачный	17424
припустить	17423
лоран	17422
сереженька	17421
вплести	17420
лязгнуть	17419
многоугольник	17418
пиз	17417
саурон	17416
новокузнецк	17415
бертран	17414
пятерочка	17413
зарывать	17412
боржоми	17411
буданов	17410
мариновать	17409
незыблемость	17408
вымыться	17407
складно	17406
панченко	17405
содовый	17404
воркис	17403
холуй	17402
плутония	17401
нерентабельный	17400
увеселение	17399
канонизация	17398
фантастичный	17397
стародавний	17396
попадя	17395
подтяжки	17394
чахотка	17393
продрогнуть	17392
осевой	17391
пузыриться	17390
скиснуть	17389
плутать	17388
контрразведчик	17387
заморочить	17386
хешке	17385
покинутый	17384
гарднер	17383
ветошь	17382
неудаться	17381
синцов	17380
амортизационный	17379
джино	17378
провоз	17377
оснатить	17376
саранск	17375
затараторить	17374
меломан	17373
фекла	17372
головко	17371
истереть	17370
гэндальф	17369
колень	17368
вязка	17367
лихорадить	17366
закупорить	17365
двоиться	17364
кейтель	17363
засчитать	17362
кочан	17361
фок	17360
стяжать	17359
осин	17358
юрин	17357
тараторить	17356
покаянный	17355
франкфуртский	17354
электроник	17353
польско	17352
соглядатай	17351
заправляться	17350
псало	17349
буэндиа	17348
разредить	17347
карапуз	17346
воссоединиться	17345
плюхаться	17344
перезванивать	17343
тепленький	17342
побрякушка	17341
аффтар	17340
жаровня	17339
нагреться	17338
морозильник	17337
подработать	17336
мт	17335
глубоководный	17334
экономичность	17333
переполнение	17332
неисповедимый	17331
нефтепереработка	17330
гаусс	17329
постой	17328
мальборо	17327
разглядывание	17326
раскосый	17325
кнесинка	17324
правосудия	17323
литой	17322
райх	17321
бирюков	17320
соблаговолить	17319
заносчивый	17318
рассветный	17317
вещный	17316
чувашие	17315
легавый	17314
неприкаянный	17313
балдахин	17312
аркадьевна	17311
овсяный	17310
обвешать	17309
мАксвелл	17308
сплетничать	17307
узнаваемость	17306
улать	17305
райисполком	17304
истерично	17303
прописный	17302
уэйн	17301
ракитин	17300
пьяни	17299
квалифицироваться	17298
пламенеть	17297
костинский	17296
коммунальщик	17295
вскрыться	17294
пудинг	17293
чернуха	17292
дискет	17291
коридорный	17290
паяльник	17289
цивилизованно	17288
гвинея	17287
обнадежить	17286
басманный	17285
расточать	17284
аллегорический	17283
смываться	17282
гопник	17281
стопочка	17280
глянец	17279
нечистота	17278
салтык	17277
оруженосец	17276
ариадный	17275
вяленый	17274
сгустить	17273
михайловское	17272
пчелка	17271
спихнуть	17270
асеев	17269
межрайонный	17268
ступенчатый	17267
перестраховочный	17266
посадник	17265
тэйлор	17264
портупея	17263
смешливый	17262
защемить	17261
сикросекунда	17260
рабовладелец	17259
коготок	17258
царев	17257
яныч	17256
шокирующий	17255
энлиль	17254
обдувать	17253
рокотать	17252
изольд	17251
спбгу	17250
бакиев	17249
подозреваться	17248
завуалировать	17247
лаборантка	17246
тако	17245
дайнуолд	17244
лорен	17243
нелегал	17242
линь	17241
сочесть	17240
пригласительный	17239
натравить	17238
дороговатый	17237
люта	17236
облагораживать	17235
измаил	17234
старп	17233
памфилова	17232
простатит	17231
замолвить	17230
госкомиссия	17229
демократически	17228
сенсорик	17227
клоунада	17226
липатов	17225
ослиный	17224
ракетчик	17223
двустволка	17222
вечеря	17221
нахваливать	17220
антагонист	17219
жалостливый	17218
возбраняться	17217
гуревич	17216
боязливо	17215
человекообразный	17214
херес	17213
одр	17212
растаскивать	17211
сомать	17210
пунктуальный	17209
фотокорреспондент	17208
бояРин	17207
отвержение	17206
философствование	17205
дыгать	17204
мрачноватый	17203
андреевский	17202
пороговый	17201
дьяченко	17200
раздолбать	17199
антивоенный	17198
обнажаться	17197
старье	17196
сердечность	17195
оболенский	17194
пантера	17193
возлежать	17192
катрион	17191
алистер	17190
угарный	17189
укротить	17188
распилить	17187
подзаработать	17186
ординарный	17185
затягивание	17184
теть	17183
грузно	17182
чикатить	17181
кулаев	17180
косность	17179
пихнуть	17178
антип	17177
малоинтересный	17176
парковый	17175
отражатель	17174
красненький	17173
отво	17172
сибить	17171
гвен	17170
бережок	17169
пестрота	17168
иосифовна	17167
гиббон	17166
отмщение	17165
юм	17164
дождём	17163
вильнев	17162
удручающий	17161
зенин	17160
тихонович	17159
акцизный	17158
плинтус	17157
разбухнуть	17156
колонизатор	17155
гатчинский	17154
терка	17153
разрастание	17152
вишневская	17151
округлить	17150
выращиваться	17149
усложниться	17148
нафаня	17147
якуб	17146
коррида	17145
непрекращаться	17144
поношенный	17143
гнездовой	17142
лосось	17141
обрушение	17140
сервантес	17139
пирамидальный	17138
посвистывать	17137
всеоружие	17136
всплакнуть	17135
шумер	17134
владетель	17133
малоподвижный	17132
кулич	17131
ромб	17130
развратник	17129
изрыть	17128
хаотично	17127
евровидение	17126
переодетый	17125
утомительно	17124
орешник	17123
рэмбо	17122
интересность	17121
новопрудский	17120
заерзать	17119
коржаков	17118
провинность	17117
прижизненный	17116
ситуативный	17115
проесть	17114
бархан	17113
богатеть	17112
экспроприация	17111
платоновский	17110
ноющий	17109
рамстор	17108
рамочка	17107
танцовщик	17106
викарио	17105
словоохотливый	17104
степка	17103
хар	17102
вонзаться	17101
опускание	17100
предъявитель	17099
наркоторговец	17098
луиз	17097
феб	17096
лодочный	17095
всполошиться	17094
продуть	17093
релятивистский	17092
бережливый	17091
опорочить	17090
евразэс	17089
окупать	17088
остекленеть	17087
оторопь	17086
шлемофон	17085
отмести	17084
рекрутер	17083
рвотный	17082
обух	17081
предтеча	17080
икролитр	17079
госструктура	17078
фанфара	17077
техосмотр	17076
удовольствоваться	17075
чужестранец	17074
теснейший	17073
интендант	17072
горошина	17071
ништяк	17070
ез	17069
ульрих	17068
лайра	17067
замаячить	17066
пинегин	17065
разнестись	17064
асоциальный	17063
бутафорский	17062
шаровары	17061
благовидный	17060
сварщик	17059
самоочевидный	17058
шевроле	17057
сбегаться	17056
капризно	17055
гончарный	17054
зигфрид	17053
пуща	17052
ноздрев	17051
увеличительный	17050
кутепов	17049
обертывать	17048
аскеза	17047
вымотать	17046
стрелочка	17045
парфный	17044
фаберже	17043
смарт	17042
кам	17041
везучий	17040
лейбористский	17039
врезка	17038
гулливер	17037
выковыривать	17036
скованность	17035
имитатор	17034
нечестно	17033
разбрасываться	17032
символист	17031
толмачев	17030
ухта	17029
круглолицый	17028
горланить	17027
полоцк	17026
низменность	17025
революционно	17024
черноглазый	17023
боиться	17022
глинтвейн	17021
упрощаться	17020
скотный	17019
обнажение	17018
расслабленность	17017
бейрут	17016
аудиовизуальный	17015
протолкнуть	17014
попарно	17013
артистизм	17012
сглаживание	17011
ата	17010
оффшорный	17009
проходимость	17008
сц	17007
неочевидный	17006
инфернальный	17005
вымостить	17004
несть	17003
разъединять	17002
принижать	17001
кесьлевский	17000
измеритель	16999
диг	16998
ки	16997
киношный	16996
реминисценция	16995
понуждать	16994
предсказуемо	16993
двухдневный	16992
благотворитель	16991
угнаться	16990
ирить	16989
бланш	16988
обетование	16987
громила	16986
канна	16985
вязнуть	16984
наз	16983
винокуров	16982
прочёл	16981
намеченный	16980
альф	16979
подползать	16978
вексельный	16977
оргтехника	16976
работенка	16975
родд	16974
герцогство	16973
мва	16972
гейзер	16971
повадиться	16970
дневка	16969
йен	16968
алпамыш	16967
наговаривать	16966
усовершенствованный	16965
юз	16964
парикмахерский	16963
оставляться	16962
айрин	16961
сфабриковать	16960
любаша	16959
служка	16958
крадучись	16957
загадочность	16956
водопроводчик	16955
каратель	16954
облисполком	16953
вытрясти	16952
боезаряд	16951
сепаратный	16950
краснодон	16949
капут	16948
похудание	16947
якут	16946
подернуть	16945
лёгким	16944
бейсболка	16943
лязгать	16942
милов	16941
симбирск	16940
ланкастер	16939
дезертировать	16938
добытчик	16937
сонька	16936
деньга	16935
захарова	16934
толкучка	16933
клипер	16932
водичок	16931
изломать	16930
правомочный	16929
громова	16928
кроуфорд	16927
нарратив	16926
невидимость	16925
брянчанинов	16924
сетование	16923
шал	16922
длительно	16921
селин	16920
примирять	16919
сорванец	16918
прогул	16917
эльдарион	16916
коносамент	16915
отмирать	16914
воровка	16913
жирно	16912
мниться	16911
гусеничный	16910
бильярдная	16909
сутолока	16908
хрущевка	16907
печатник	16906
индивидуалистический	16905
привёз	16904
оттеснять	16903
гоп	16902
альбатрос	16901
расплескать	16900
лопатин	16899
потчевать	16898
размечтаться	16897
тешиться	16896
цедить	16895
заклеивать	16894
гносеологический	16893
ажр	16892
рекордсмен	16891
енисейск	16890
ежедневник	16889
рыбников	16888
докурить	16887
стеночка	16886
кондратенко	16885
холщовый	16884
сакэ	16883
многоженство	16882
вебать	16881
вереск	16880
новь	16879
артикуляция	16878
непробиваемый	16877
эмульсия	16876
обхождение	16875
склейка	16874
шоковой	16873
бельмо	16872
петарда	16871
пуховик	16870
островитянин	16869
стертый	16868
кабриолет	16867
размерить	16866
пародийный	16865
покос	16864
егоровна	16863
идентифицироваться	16862
рошаль	16861
укачивать	16860
вещатель	16859
ричардс	16858
гаражный	16857
прикрепляться	16856
акклиматизация	16855
поднебесье	16854
бакстер	16853
совестливый	16852
анекдотический	16851
недоразвитый	16850
ханкала	16849
муравьева	16848
мириады	16847
патат	16846
прошествовать	16845
завязнуть	16844
волдырь	16843
радикулит	16842
пламень	16841
нарыть	16840
глумление	16839
бактериологический	16838
киноиндустрия	16837
наискось	16836
непостоянство	16835
вчитываться	16834
антикоммунистический	16833
бушуев	16832
подшить	16831
брыкаться	16830
бульба	16829
цкб	16828
сверхновый	16827
мерецков	16826
дантес	16825
медина	16824
непродуманный	16823
некурящий	16822
недостать	16821
краснокожий	16820
громогласный	16819
пенистый	16818
таманский	16817
тзал	16816
поиздеваться	16815
искаться	16814
времяпровождение	16813
столовка	16812
дсп	16811
хворь	16810
досматривать	16809
рингтон	16808
стомированный	16807
жерар	16806
монотонность	16805
чурить	16804
умненький	16803
альбион	16802
замучиться	16801
поперечник	16800
лаг	16799
осборн	16798
утроить	16797
флер	16796
наклеивать	16795
тадеуш	16794
ямал	16793
понятливый	16792
уикенд	16791
пинка	16790
рыженький	16789
удлинять	16788
травоядный	16787
дисквалификация	16786
межсетевой	16785
оклематься	16784
перерасчет	16783
лёгких	16782
беззастенчиво	16781
жёлтый	16780
лилипут	16779
рыдавать	16778
селить	16777
осетр	16776
аберрация	16775
технократический	16774
долгожитель	16773
мишура	16772
одный	16771
авиадивизия	16770
сар	16769
сусанна	16768
вмещаться	16767
софтверный	16766
языковый	16765
грать	16764
моща	16763
чабан	16762
часовщик	16761
строчный	16760
перри	16759
аэрокосмический	16758
педофил	16757
валуев	16756
краеведение	16755
рисковый	16754
закачка	16753
колхозница	16752
симметрично	16751
марвин	16750
приморской	16749
теннисист	16748
самородок	16747
поспелов	16746
шаловливый	16745
амбал	16744
саль	16743
полноватый	16742
высокопрофессиональный	16741
прописной	16740
уродина	16739
бредни	16738
миропонимание	16737
максвелл	16736
успение	16735
рафинированный	16734
запутываться	16733
рыбешка	16732
форбс	16731
лаванда	16730
герасимова	16729
большаков	16728
груженый	16727
наслоение	16726
лурье	16725
грубиян	16724
хлобыст	16723
лэрд	16722
симптоматика	16721
текстиль	16720
бэк	16719
котов	16718
непир	16717
простонародье	16716
поражающий	16715
роллс	16714
культуролог	16713
влажно	16712
гис	16711
широкополый	16710
гейша	16709
дн	16708
уорвик	16707
гейдрих	16706
кулисы	16705
бухнуть	16704
трехлитровый	16703
тряпица	16702
кракс	16701
логико	16700
толкователь	16699
постановочный	16698
икота	16697
диман	16696
комм	16695
пущай	16694
зарок	16693
грозовый	16692
стильно	16691
слабейший	16690
архетипический	16689
пеппи	16688
свериться	16687
гг	16686
фрагментарный	16685
буферный	16684
руж	16683
бомонд	16682
экспертиз	16681
ликующий	16680
тектонический	16679
отлечь	16678
отворачивать	16677
резистор	16676
несладко	16675
лакировать	16674
психосоматический	16673
молодчина	16672
аркадио	16671
английски	16670
выселять	16669
сплестись	16668
плавательный	16667
отчётливо	16666
выкачать	16665
сава	16664
лодочник	16663
убой	16662
мартина	16661
счисление	16660
драгун	16659
разведгруппа	16658
рифмоваться	16657
выравниваться	16656
рэ	16655
вмазать	16654
газировать	16653
ионизация	16652
ткачев	16651
озв	16650
достаёт	16649
водолазный	16648
копировальный	16647
пианистка	16646
левинсон	16645
мельтешить	16644
апробировать	16643
созидатель	16642
закручиваться	16641
перепадать	16640
бадминтон	16639
очистной	16638
кадастровый	16637
обмотка	16636
отсидеться	16635
прогреть	16634
магомед	16633
белосельцев	16632
азов	16631
забарабанить	16630
кондаков	16629
прибамбас	16628
шабат	16627
канючить	16626
конкурсант	16625
нарвать	16624
шатун	16623
незамедлительный	16622
канонизировать	16621
потереться	16620
уличать	16619
асть	16618
бикини	16617
жукова	16616
антарктический	16615
дедок	16614
поскрести	16613
обходительный	16612
куриться	16611
амбн	16610
заскулить	16609
беллетрист	16608
боеготовность	16607
гармонь	16606
занудство	16605
гиацинт	16604
тональный	16603
хакинг	16602
переквалифицироваться	16601
горделивый	16600
аккуратненько	16599
джузеппе	16598
умывать	16597
слаженно	16596
сполох	16595
гипотетически	16594
напускной	16593
переизбрание	16592
свирель	16591
акм	16590
остер	16589
некромант	16588
картография	16587
черных	16586
кэроть	16585
неутомимо	16584
томсон	16583
затемно	16582
ленни	16581
паметать	16580
озорство	16579
мутировать	16578
учреждать	16577
ритмика	16576
стада	16575
мармелад	16574
станиславовна	16573
густота	16572
вширь	16571
паблик	16570
паркетный	16569
чезаре	16568
попеть	16567
крикун	16566
ставрогин	16565
пластичность	16564
потерпевшая	16563
улаживать	16562
чмо	16561
сострадательный	16560
крюгер	16559
общегородской	16558
усердствовать	16557
троя	16556
пистолетный	16555
уважить	16554
отстраненно	16553
установочный	16552
синодальный	16551
пройд	16550
терентьев	16549
беспутный	16548
сознанье	16547
древко	16546
пижон	16545
нюра	16544
полумертвый	16543
едок	16542
жонглировать	16541
мещанство	16540
субсидировать	16539
елизаровна	16538
прочесывать	16537
распутье	16536
распоясаться	16535
фланговый	16534
мудрствовать	16533
стилуэлл	16532
перебазироваться	16531
цар	16530
зачесать	16529
радиоэлектронный	16528
герань	16527
перекричать	16526
папулька	16525
реактив	16524
пятилетие	16523
отдалять	16522
летун	16521
волин	16520
флакончик	16519
вскипать	16518
откорректировать	16517
фурор	16516
суицидальный	16515
облекать	16514
зеркально	16513
конфигурирование	16512
бун	16511
папироска	16510
завесить	16509
лапть	16508
невыезд	16507
аккомпанировать	16506
огорченно	16505
ибп	16504
аксаков	16503
необратимо	16502
присягать	16501
хмурить	16500
оперуполномоченный	16499
раздраженный	16498
полмиллиона	16497
серенада	16496
четвертьфинал	16495
заместить	16494
галер	16493
ручища	16492
опосредованный	16491
субподрядчик	16490
старообрядец	16489
морячок	16488
труха	16487
капельмейстер	16486
спиздить	16485
дат	16484
маугли	16483
неоднородность	16482
заучивание	16481
аритмия	16480
беззлобно	16479
спаривание	16478
волынка	16477
сиэтл	16476
избавитель	16475
поснимать	16474
экстенсивный	16473
рогожин	16472
всасывание	16471
отучиться	16470
прокси	16469
вгтрк	16468
надпочечник	16467
душечка	16466
гук	16465
набекрень	16464
твер	16463
прислоняться	16462
зеленовато	16461
добролюбов	16460
злопамятный	16459
семейно	16458
гейдар	16457
лютеранский	16456
осман	16455
ватман	16454
растерзание	16453
рассудительно	16452
патер	16451
уоллес	16450
раздолье	16449
полоскание	16448
беринг	16447
наший	16446
рода	16445
эдисон	16444
самореклама	16443
зделать	16442
мешковатый	16441
гастрольный	16440
мехмед	16439
долбануть	16438
фотовыставка	16437
выдаёт	16436
окаймить	16435
охлаждаться	16434
подражатель	16433
светлов	16432
ложбинка	16431
вступаться	16430
тиражировать	16429
умерщвление	16428
категориальный	16427
фемида	16426
разгладить	16425
обавить	16424
дыркорыть	16423
сочинительство	16422
взаправду	16421
выровняться	16420
дедал	16419
исторгнуть	16418
обжорство	16417
бийск	16416
очерчивать	16415
подчиненность	16414
мышьяк	16413
микоян	16412
упорядочивание	16411
поднимиться	16410
впросак	16409
факультатив	16408
линн	16407
козёл	16406
нкао	16405
жизнерадостность	16404
бауэр	16403
заброс	16402
истощаться	16401
величаво	16400
начатый	16399
футуризм	16398
порубить	16397
уфсб	16396
плетнев	16395
хань	16394
тантр	16393
цзин	16392
консервант	16391
фатально	16390
сорный	16389
орденский	16388
непознанный	16387
неподкупный	16386
флеминг	16385
траулер	16384
запевать	16383
подмножество	16382
обезоружить	16381
типический	16380
макондо	16379
торба	16378
эвенкия	16377
общеизвестно	16376
эван	16375
обнюхать	16374
рассматривание	16373
баста	16372
возмужать	16371
шуберт	16370
расстрела	16369
преображать	16368
анфиса	16367
сельхозпродукция	16366
беспредельно	16365
чертеть	16364
милашка	16363
гармаш	16362
потратиться	16361
лимонка	16360
потуги	16359
радиотехнический	16358
закапать	16357
докончить	16356
глупейший	16355
входящий	16354
лютик	16353
андриян	16352
расхлебывать	16351
гоббс	16350
ниндзя	16349
барыга	16348
монетный	16347
сюрреализм	16346
препроводить	16345
накидывать	16344
обступать	16343
скрючиться	16342
журнальчик	16341
эвфемизм	16340
опьянить	16339
чарка	16338
передовица	16337
логичность	16336
навскидку	16335
лунок	16334
чернышов	16333
шарандин	16332
отхожий	16331
перечеркивать	16330
отчислять	16329
инт	16328
убояться	16327
крапинка	16326
азотный	16325
хопкинс	16324
докладная	16323
дй	16322
халявщик	16321
артеньев	16320
писарев	16319
пушинка	16318
несильно	16317
сопрано	16316
сий	16315
блочный	16314
лавиния	16313
клиффорд	16312
телегин	16311
консилиум	16310
видеоряд	16309
буревестник	16308
слоник	16307
грузино	16306
паладин	16305
заколка	16304
протезирование	16303
таганский	16302
постричься	16301
торос	16300
осиповна	16299
захаживать	16298
саввич	16297
насмешить	16296
прищур	16295
чернорабочий	16294
гоготать	16293
поваренный	16292
оттянуться	16291
пион	16290
розлив	16289
коллеж	16288
переливать	16287
рне	16286
хлопковый	16285
приёмы	16284
йемен	16283
ричмонд	16282
ножевой	16281
рлс	16280
апокриф	16279
кульман	16278
нотр	16277
нержавеющий	16276
закруглить	16275
хвостатый	16274
расточительный	16273
слюнявый	16272
вышний	16271
павловск	16270
щербатый	16269
опытность	16268
мидия	16267
шеллинг	16266
старовер	16265
низовье	16264
заповедать	16263
яровой	16262
мория	16261
палаш	16260
тедди	16259
люблинский	16258
джефферсон	16257
козлик	16256
осмотрительный	16255
шпагат	16254
подтащить	16253
рассредоточить	16252
лозинский	16251
хомский	16250
аткинсон	16249
проскакать	16248
натовский	16247
оае	16246
лицемерить	16245
китти	16244
андерс	16243
трешка	16242
винд	16241
фиат	16240
раскрашивать	16239
пук	16238
эпитафия	16237
фанни	16236
общевойсковой	16235
варфоломей	16234
финт	16233
мохаммед	16232
зайцева	16231
пичкать	16230
филимонов	16229
звонарь	16228
хол	16227
директив	16226
вырубиться	16225
припарковаться	16224
эфиоп	16223
смердяков	16222
мединститут	16221
оттягиваться	16220
колика	16219
алия	16218
спускаемый	16217
резь	16216
созваниваться	16215
размываться	16214
колдовский	16213
патэк	16212
видик	16211
плохое	16210
пудрить	16209
нона	16208
когтистый	16207
наградной	16206
тупить	16205
квартирант	16204
орбакайте	16203
крючков	16202
обличительный	16201
зелёных	16200
сокрушение	16199
кликов	16198
программ	16197
ценз	16196
всемерный	16195
габаритный	16194
засушливый	16193
текучка	16192
соцветие	16191
центристский	16190
блицкриг	16189
поленов	16188
дорабатывать	16187
дебютант	16186
назрань	16185
голубиный	16184
нераскрытый	16183
джонер	16182
избирательность	16181
атомоход	16180
облупить	16179
власовец	16178
интересующий	16177
коллежский	16176
буренок	16175
импрессионист	16174
сначать	16173
опровергаться	16172
гиннес	16171
минотавр	16170
ирвинг	16169
гималайский	16168
комкор	16167
поломаться	16166
всхлипывание	16165
гуриев	16164
водянистый	16163
старшой	16162
хоп	16161
радиоэфир	16160
надышаться	16159
матриархат	16158
тимми	16157
болезненность	16156
порнофильм	16155
троюродный	16154
комсостав	16153
апробация	16152
чмокать	16151
декларироваться	16150
ольха	16149
оплодотворить	16148
йа	16147
электролит	16146
свистать	16145
тумов	16144
язвить	16143
чаво	16142
райков	16141
иллюминация	16140
дисгармония	16139
радиолюбитель	16138
просохнуть	16137
ватерлоо	16136
вымокнуть	16135
идолопоклонство	16134
банников	16133
остряк	16132
натянуться	16131
хайль	16130
прицельно	16129
рядиться	16128
тянь	16127
монополизация	16126
братка	16125
неуместно	16124
учёт	16123
самолёты	16122
отсутствующий	16121
очаровательно	16120
дворкин	16119
другий	16118
самоотдача	16117
гаптный	16116
грязноватый	16115
царицын	16114
бомбардировать	16113
франкский	16112
уменьшенный	16111
мёд	16110
устин	16109
диарея	16108
манштейн	16107
варламов	16106
покоробить	16105
бестелесный	16104
профайл	16103
отсканировать	16102
брехать	16101
валентиныч	16100
церемониальный	16099
клаудия	16098
поленница	16097
синхронизировать	16096
стерх	16095
кондитер	16094
отругать	16093
пьянить	16092
акварельный	16091
размашисто	16090
везёт	16089
лоскутный	16088
строп	16087
дд	16086
заладить	16085
многоопытный	16084
синьсин	16083
порожний	16082
худшее	16081
ссутулиться	16080
пылко	16079
трифон	16078
бензобак	16077
мечтаться	16076
назойливо	16075
аленушка	16074
шалун	16073
зажраться	16072
манг	16071
фокка	16070
динамически	16069
маккенный	16068
вандал	16067
молчалин	16066
бравурный	16065
многозначный	16064
анпилов	16063
дедуктивный	16062
увядший	16061
королевич	16060
виднейший	16059
приучаться	16058
бурда	16057
помучиться	16056
сеймо	16055
оценивание	16054
донья	16053
фрейлина	16052
бурятие	16051
джеф	16050
человечески	16049
лопотать	16048
партнёров	16047
шемякин	16046
полосочка	16045
магид	16044
психбольница	16043
нужность	16042
прыг	16041
галдеть	16040
притрагиваться	16039
приводимый	16038
марин	16037
ушастый	16036
ушить	16035
гламурный	16034
двизаться	16033
совхозный	16032
многоплановый	16031
ойл	16030
ремонтироваться	16029
беззаветно	16028
сексолог	16027
заспешить	16026
найдёшь	16025
обглодать	16024
перекрываться	16023
неизъяснимый	16022
клэй	16021
вепрь	16020
дебет	16019
зашататься	16018
вильнуть	16017
илона	16016
копчик	16015
тайланд	16014
новогородец	16013
инсталлятор	16012
впятером	16011
орёт	16010
вейр	16009
сгенерировать	16008
погонщик	16007
лёва	16006
тётка	16005
мессианский	16004
полмесяц	16003
просторно	16002
бабуся	16001
ложбина	16000
материализация	15999
проблемма	15998
плотва	15997
гнусность	15996
перекатиться	15995
черешня	15994
промахиваться	15993
снеговой	15992
будущность	15991
персиковый	15990
баркер	15989
тёплые	15988
рассылаться	15987
разъединение	15986
стариковский	15985
зависание	15984
июня	15983
корзухин	15982
обратимый	15981
фол	15980
потоцкий	15979
утаивать	15978
альма	15977
наотмашь	15976
мото	15975
мускульный	15974
комкать	15973
аврор	15972
крайс	15971
повешение	15970
довесок	15969
черкасов	15968
дезертирство	15967
эшли	15966
санчес	15965
закадровый	15964
втянутый	15963
прелюбодеяние	15962
шквальный	15961
окулист	15960
степаныч	15959
геленджик	15958
номинировать	15957
поверху	15956
покупной	15955
полкило	15954
кэди	15953
кулинар	15952
инсценировать	15951
нелишне	15950
желвак	15949
подорожание	15948
структурализм	15947
прищепа	15946
обще	15945
вящий	15944
многодневный	15943
противоборствующий	15942
анархизм	15941
аскольд	15940
акилобар	15939
бездарь	15938
недоедание	15937
заводила	15936
кип	15935
транспортник	15934
червонный	15933
меланхолично	15932
сион	15931
недоумок	15930
ушибиться	15929
лорис	15928
самодисциплина	15927
дизентерия	15926
звездочет	15925
трассировать	15924
зыбь	15923
тпп	15922
реанимационный	15921
поварской	15920
знайка	15919
алеть	15918
пленочный	15917
стыдить	15916
кончаловский	15915
северодвинск	15914
визовой	15913
харлам	15912
подстраивать	15911
салага	15910
алтаец	15909
каз	15908
дражайший	15907
ямб	15906
развязывание	15905
сандро	15904
пипл	15903
контрреволюционер	15902
пригвоздить	15901
неустановленный	15900
тепловый	15899
психоактивный	15898
доплатить	15897
ничегошеньки	15896
грузовичок	15895
сочельник	15894
левиафан	15893
бс	15892
шлягер	15891
эзотерик	15890
хадис	15889
хорн	15888
поклевка	15887
околдовать	15886
шифер	15885
новогородской	15884
пинт	15883
тюз	15882
военизированный	15881
взвести	15880
инфузория	15879
хейфец	15878
сельхозпредприятие	15877
ковшик	15876
демократизм	15875
неприязненный	15874
загнутый	15873
этьен	15872
урчание	15871
безрукий	15870
зверюшка	15869
ломоносовский	15868
спайка	15867
предтечь	15866
розоветь	15865
завидно	15864
аушев	15863
воть	15862
конформизм	15861
гупер	15860
овеять	15859
универсалия	15858
напускать	15857
уиллис	15856
клинский	15855
терентий	15854
осквернение	15853
брючный	15852
подойдёт	15851
ныряльщик	15850
спецкурс	15849
неустранимый	15848
нацпроект	15847
ульман	15846
выгнуться	15845
меченый	15844
накачивать	15843
грубовато	15842
манс	15841
плацебо	15840
сигать	15839
ксенофонт	15838
информант	15837
перекись	15836
двустворчатый	15835
иллюстрированный	15834
колкий	15833
пыхать	15832
бут	15831
юани	15830
избирательно	15829
марокканский	15828
базилио	15827
скворечник	15826
микрофлора	15825
упреждать	15824
канистр	15823
стольник	15822
изнурить	15821
киберспорт	15820
помол	15819
тамм	15818
поволжский	15817
утречко	15816
снусмумрик	15815
дилижанс	15814
разветвленный	15813
греховность	15812
пунктуальность	15811
эйлер	15810
валентинов	15809
утерпеть	15808
слаборазвитый	15807
кураев	15806
лазание	15805
присосаться	15804
виктюк	15803
самарканд	15802
компактность	15801
разговорник	15800
созвездия	15799
фейербах	15798
умрёт	15797
мортон	15796
оседлость	15795
деспотический	15794
обсыпать	15793
ничё	15792
зубочистка	15791
двумерный	15790
дозировать	15789
исцарапать	15788
брейк	15787
спонтать	15786
проржаветь	15785
освальд	15784
гофф	15783
разномастный	15782
печалить	15781
минатом	15780
недетский	15779
резервист	15778
отползти	15777
эш	15776
прорва	15775
сато	15774
протеже	15773
езжать	15772
благ	15771
категоричность	15770
разгрузочный	15769
ласти	15768
зажинать	15767
заплыв	15766
потребляться	15765
эфиопский	15764
уссрека	15763
котловина	15762
сфандра	15761
тер	15760
внесудебный	15759
лягушачий	15758
облагородить	15757
заклепка	15756
гер	15755
сандвич	15754
крысый	15753
продажность	15752
оглясться	15751
плацкартный	15750
ашхабад	15749
мефистофель	15748
востребование	15747
менеджерский	15746
интерлик	15745
силикон	15744
реакционер	15743
прифронтовой	15742
настроенный	15741
набережный	15740
какофония	15739
марика	15738
сак	15737
дятл	15736
резонансный	15735
маточный	15734
базель	15733
электрооборудование	15732
учёного	15731
смя	15730
отсыреть	15729
овод	15728
деревообрабатывающий	15727
электродвигатель	15726
натопить	15725
янис	15724
уберечься	15723
грузоперевозка	15722
ссп	15721
донный	15720
боярыня	15719
скоропостижно	15718
пейс	15717
упрощенно	15716
пенал	15715
сидеться	15714
натальный	15713
алеф	15712
обворовать	15711
номерок	15710
канзас	15709
наиграться	15708
бодров	15707
зональный	15706
трапеция	15705
симпатический	15704
филипенко	15703
объединительный	15702
роуминг	15701
пресняков	15700
бутейко	15699
наземной	15698
граффити	15697
олимпиец	15696
лубянский	15695
хмм	15694
ваххабизм	15693
плачевно	15692
сафонов	15691
стояк	15690
зимогляд	15689
тацит	15688
мицкевич	15687
напарница	15686
доиграться	15685
дикция	15684
мощеный	15683
попотеть	15682
необъятное	15681
поутихнуть	15680
оплаченный	15679
стека	15678
кузин	15677
отряхнуться	15676
вр	15675
выжигать	15674
принесение	15673
щеглов	15672
корвин	15671
опутывать	15670
тарханов	15669
святка	15668
нетронуть	15667
ибс	15666
нир	15665
сланец	15664
энгель	15663
неполнота	15662
повизгивать	15661
анохин	15660
вета	15659
дислоцироваться	15658
костомаров	15657
кас	15656
начистоту	15655
пастушка	15654
розмари	15653
корж	15652
христофор	15651
пеленг	15650
обежать	15649
прискорбие	15648
переноска	15647
самоощущение	15646
мурманчанин	15645
бонн	15644
таверный	15643
брайтон	15642
опознавать	15641
гум	15640
двд	15639
милай	15638
адаптационный	15637
запоздание	15636
фуршет	15635
батум	15634
метаболический	15633
предвосхитить	15632
сыпучий	15631
благопристойный	15630
деять	15629
аллилуйя	15628
огарев	15627
дбъем	15626
алибаба	15625
первоклашка	15624
достойнейший	15623
огпу	15622
федин	15621
веллер	15620
помышление	15619
сухожилие	15618
ремизов	15617
слота	15616
зоть	15615
шпигель	15614
ампутация	15613
билетный	15612
витальный	15611
непонятливый	15610
нострадамус	15609
ато	15608
причерноморье	15607
канитель	15606
хотябой	15605
миндальный	15604
физфак	15603
барр	15602
пропащий	15601
викторин	15600
тихвинский	15599
помпезный	15598
стен	15597
довать	15596
поллитра	15595
дилетантский	15594
этичный	15593
попутчица	15592
распить	15591
мендельсон	15590
форсированный	15589
прицеливаться	15588
иждивение	15587
интить	15586
пятничный	15585
аппликация	15584
дарьялов	15583
громыхнуть	15582
приятельский	15581
затрещина	15580
бритт	15579
малолетство	15578
горск	15577
пожарить	15576
известка	15575
карамель	15574
претенциозный	15573
скотти	15572
тычок	15571
тёмной	15570
значащий	15569
лицензиат	15568
водружать	15567
далить	15566
чешуйчатый	15565
педик	15564
овец	15563
флоринда	15562
идейка	15561
алтарный	15560
токарный	15559
лич	15558
жигуль	15557
злонамеренный	15556
дианетика	15555
победоносцев	15554
курманбек	15553
штейн	15552
сплачивать	15551
почвенный	15550
милфонт	15549
последить	15548
арго	15547
неразделимый	15546
кэн	15545
безапелляционный	15544
поохотиться	15543
опостылеть	15542
запищать	15541
неслабый	15540
артподготовка	15539
наследный	15538
кляйн	15537
севилья	15536
автопарк	15535
хаббард	15534
встраиваться	15533
неположенный	15532
нежнейший	15531
отупеть	15530
спасиб	15529
невообразимо	15528
упредить	15527
осмысленность	15526
просовывать	15525
москаленко	15524
самоотречение	15523
каковый	15522
спецодежда	15521
радиочастотный	15520
роберто	15519
авиакатастрофа	15518
тормозиться	15517
подставляться	15516
шукшин	15515
цеховой	15514
кошелка	15513
контейнерный	15512
вальдшнеп	15511
диксон	15510
поименно	15509
высчитать	15508
тележурналист	15507
наговориться	15506
ворд	15505
переиздаваться	15504
федоренко	15503
оне	15502
мажорный	15501
акиро	15500
питачок	15499
божиться	15498
нее	15497
постановлять	15496
миропорядок	15495
куропаткин	15494
траффик	15493
кеплер	15492
неэтичный	15491
деловитость	15490
пожалуста	15489
роу	15488
раскритиковать	15487
причащение	15486
пиндос	15485
заунывный	15484
неразделенный	15483
малопонятный	15482
льнуть	15481
осиный	15480
стилевый	15479
устремленность	15478
алферов	15477
животрепещущий	15476
общительность	15475
понарошку	15474
мата	15473
насолить	15472
приуныть	15471
флойд	15470
рудин	15469
выхухоль	15468
чарлз	15467
рифмовать	15466
изловчиться	15465
учёбы	15464
нанотрубка	15463
ваганов	15462
тарту	15461
судостроение	15460
фальцет	15459
неверовать	15458
ами	15457
бабло	15456
выдуть	15455
джугашвили	15454
звереть	15453
пизд	15452
трэш	15451
деланный	15450
греймас	15449
медведева	15448
стиля	15447
малозаметный	15446
выключиться	15445
беззащитность	15444
старица	15443
саванна	15442
вульгарно	15441
кромсать	15440
болотце	15439
ипатьевский	15438
огреть	15437
куртизанка	15436
нате	15435
списка	15434
градиент	15433
принизить	15432
сапгир	15431
собакевич	15430
панарин	15429
затаскивать	15428
сопение	15427
фелис	15426
ветвистый	15425
приобщать	15424
тепличный	15423
раскрой	15422
моралист	15421
сфокусироваться	15420
тога	15419
фламинго	15418
пелагия	15417
пассажирка	15416
сундиат	15415
ноготок	15414
охотница	15413
социальность	15412
фримен	15411
путевый	15410
небезынтересный	15409
кворум	15408
сиплый	15407
вековечный	15406
драконий	15405
дедов	15404
скудно	15403
кузькин	15402
ня	15401
нефтехимический	15400
каха	15399
премирование	15398
паустовский	15397
мокро	15396
кавычки	15395
дровяной	15394
отпеть	15393
уничтоженный	15392
получасовой	15391
ванкувер	15390
подстраховаться	15389
разрядиться	15388
сюффрень	15387
резаный	15386
перевалочный	15385
рейнский	15384
тува	15383
шумок	15382
якоб	15381
парковаться	15380
алоэ	15379
толстовский	15378
линять	15377
испражнение	15376
аявить	15375
аг	15374
липка	15373
ссылкохождение	15372
живейший	15371
распланировать	15370
дарственный	15369
счастливейший	15368
стыковочный	15367
безводный	15366
волостный	15365
полынья	15364
сигма	15363
чесотка	15362
серебристо	15361
шерри	15360
овторить	15359
мошеннический	15358
хлебушек	15357
лобов	15356
числить	15355
петрухин	15354
тюрин	15353
кить	15352
отрепетировать	15351
троян	15350
раздолбай	15349
анклав	15348
велик	15347
ясень	15346
поубивать	15345
франческа	15344
дерматолог	15343
прирастать	15342
высморкаться	15341
синтетика	15340
пируэт	15339
эст	15338
хавать	15337
мю	15336
бремон	15335
этнокультурный	15334
мить	15333
голиков	15332
киприан	15331
сверхзвуковой	15330
малогабаритный	15329
рассадник	15328
зев	15327
архипова	15326
мюнхгаузен	15325
антирелигиозный	15324
вуда	15323
смолоду	15322
всетаки	15321
изучаемый	15320
акрополь	15319
обоего	15318
подыграть	15317
граничный	15316
вспугнуть	15315
правопреемник	15314
встревоженно	15313
кларнет	15312
бессчетный	15311
палуб	15310
масштабирование	15309
желтенький	15308
припекать	15307
стрельбище	15306
двусмысленно	15305
матюшин	15304
галифакс	15303
мирт	15302
надзирать	15301
лоск	15300
упрочение	15299
вулфгар	15298
морт	15297
флюид	15296
накричать	15295
консьержка	15294
нерукотворный	15293
бел	15292
эльфийка	15291
словообразование	15290
принцепс	15289
поручитель	15288
неувязка	15287
шовинист	15286
смак	15285
задвигать	15284
брошь	15283
беременеть	15282
спо	15281
фурия	15280
дэби	15279
торнтон	15278
санди	15277
малодушный	15276
марти	15275
галлон	15274
кожевников	15273
студень	15272
ебрр	15271
белить	15270
наплывать	15269
вечерка	15268
братск	15267
огородник	15266
разлечься	15265
клеветник	15264
соревновательный	15263
утомляемость	15262
дойл	15261
лучших	15260
китайско	15259
фицдуэйн	15258
четвертых	15257
паразитический	15256
переплачивать	15255
окунаться	15254
охранительный	15253
околоземный	15252
корь	15251
штудировать	15250
полузащитник	15249
методически	15248
отмыться	15247
тягостно	15246
заправочный	15245
женушка	15244
ириша	15243
проявленный	15242
немилосердно	15241
субботин	15240
ротвейлер	15239
визави	15238
абсорбция	15237
камбала	15236
оракул	15235
крутануть	15234
ничтожность	15233
кцент	15232
изнашиваться	15231
ларионов	15230
трехкратный	15229
громадина	15228
аграрий	15227
страховаться	15226
тяжёлой	15225
надувательство	15224
кедра	15223
наряжать	15222
волосик	15221
морс	15220
игрище	15219
беспроцентный	15218
шмаков	15217
фламандский	15216
леонор	15215
декстер	15214
дженерал	15213
мёртвых	15212
хромосомный	15211
ево	15210
грозненский	15209
роже	15208
возьмёт	15207
базилика	15206
аксакал	15205
немо	15204
возбудимость	15203
материальность	15202
афонский	15201
безупречность	15200
демокрит	15199
информированный	15198
кобылка	15197
ошиваться	15196
раздвоить	15195
нелюдимый	15194
закладной	15193
бадри	15192
уссурийский	15191
аргант	15190
принюхаться	15189
нила	15188
каптерка	15187
удушать	15186
обрадованно	15185
издохнуть	15184
продырявить	15183
простодушие	15182
наина	15181
непогрешимость	15180
джакузи	15179
чичерин	15178
полбеды	15177
антиоксидант	15176
цбс	15175
метода	15174
рублево	15173
оксид	15172
незавершенность	15171
котяра	15170
неразговорчивый	15169
мег	15168
мест	15167
салюта	15166
хайм	15165
радеть	15164
неукоснительный	15163
стяг	15162
щедрин	15161
поли	15160
колосок	15159
маннергейм	15158
нигилист	15157
видмедик	15156
камю	15155
разругаться	15154
вчитаться	15153
модемный	15152
кз	15151
сменщик	15150
перекидываться	15149
минсельхоз	15148
непотребный	15147
асфальтировать	15146
душевый	15145
парусиновый	15144
изъесть	15143
облажаться	15142
космологический	15141
окрест	15140
штраус	15139
повествователь	15138
газификация	15137
дедукция	15136
безотчетный	15135
ие	15134
зелёной	15133
талер	15132
крахмальный	15131
обмереть	15130
помочиться	15129
модернизированный	15128
изрубить	15127
поручительство	15126
законотворчество	15125
стекляшка	15124
инфу	15123
авиа	15122
бондарев	15121
буксовать	15120
графически	15119
вешний	15118
весёлые	15117
млн	15116
нагнетание	15115
опечалиться	15114
космопорт	15113
пмж	15112
обветшать	15111
амбулаторный	15110
рея	15109
глуховатый	15108
подкоситься	15107
рожков	15106
грушенька	15105
шмон	15104
аммиак	15103
блохин	15102
достопочтенный	15101
омандир	15100
замглавы	15099
мурка	15098
олежка	15097
самовлюбленный	15096
сгорбить	15095
отыскание	15094
мракобесие	15093
препирательство	15092
неустроенность	15091
сонин	15090
ежесекундно	15089
макать	15088
автопроизводитель	15087
долгов	15086
критский	15085
спокойненько	15084
репликатор	15083
вживаться	15082
секьюрити	15081
диас	15080
барто	15079
шкирка	15078
воспитанница	15077
износиться	15076
сибур	15075
джудить	15074
ректорат	15073
говорливый	15072
гомик	15071
ленинец	15070
отпетый	15069
вильялотэ	15068
весомость	15067
ливрея	15066
торпедо	15065
марать	15064
позавчерашний	15063
насобирать	15062
евсеев	15061
черрик	15060
низкочастотный	15059
нино	15058
такий	15057
тенета	15056
однорукий	15055
улучшенный	15054
смирить	15053
аспирантка	15052
новикова	15051
пад	15050
пантелеймон	15049
бергман	15048
грунтовой	15047
загасить	15046
аленький	15045
пивовар	15044
фотосессия	15043
сварочный	15042
тулькин	15041
отчетливость	15040
аттестовать	15039
двояко	15038
щенячий	15037
судия	15036
послушница	15035
тяж	15034
поха	15033
актрапид	15032
цесаревич	15031
эванжелина	15030
дисней	15029
лайонеть	15028
пвх	15027
гагра	15026
клика	15025
занятно	15024
нормирование	15023
перепасть	15022
опаснейший	15021
скончание	15020
актуализировать	15019
дезориентировать	15018
готово	15017
проводный	15016
тлетворный	15015
спилить	15014
завянуть	15013
экспонироваться	15012
высвобождаться	15011
питие	15010
приспешник	15009
джинс	15008
крениться	15007
настин	15006
боткин	15005
гостеприимно	15004
времечко	15003
оптимизатор	15002
валериана	15001
палица	15000
чернушка	14999
сладостно	14998
макашов	14997
исчерпание	14996
сострадать	14995
линейно	14994
певческий	14993
ихние	14992
фаллический	14991
бамба	14990
чистосердечно	14989
передок	14988
неорганизованный	14987
воткнуться	14986
инкрустировать	14985
констант	14984
прать	14983
неразвитость	14982
экваториальный	14981
людочка	14980
семеновский	14979
родительница	14978
ксп	14977
виновница	14976
наглядеться	14975
боязливый	14974
неладное	14973
бездыханный	14972
уладиться	14971
разминирование	14970
мерри	14969
аудиозапись	14968
педантичный	14967
захрипеть	14966
высидеть	14965
бурун	14964
стропило	14963
неспокойно	14962
ант	14961
опросник	14960
портфельный	14959
вч	14958
отповедь	14957
крыл	14956
давящий	14955
шоппинг	14954
неслучайный	14953
харитон	14952
молодо	14951
цейлон	14950
затопать	14949
социо	14948
отсидка	14947
мифи	14946
замковый	14945
толкачев	14944
сухощавый	14943
отряхивать	14942
перцептивный	14941
побаливать	14940
латать	14939
огорошить	14938
трезвонить	14937
руднев	14936
лефортово	14935
символик	14934
мариус	14933
косый	14932
железно	14931
любочка	14930
дезорганизация	14929
санин	14928
христ	14927
плодоносить	14926
нт	14925
наворачиваться	14924
ань	14923
зрить	14922
хайнц	14921
люто	14920
предусмотренный	14919
виртуальность	14918
оглашаться	14917
пастельный	14916
благожелательно	14915
коверкать	14914
клео	14913
суэцкий	14912
внутрисемейный	14911
пилотируемый	14910
пантелеев	14909
демарш	14908
устремлять	14907
постепенность	14906
увядать	14905
великорусский	14904
свергать	14903
луганский	14902
бурлящий	14901
четырехугольник	14900
приободриться	14899
послереволюционный	14898
рахман	14897
джамал	14896
озер	14895
решка	14894
мореплавание	14893
сэлд	14892
эйдос	14891
джеки	14890
расист	14889
зон	14888
превратно	14887
эмалированный	14886
лт	14885
размен	14884
шаманизм	14883
ковров	14882
тэг	14881
мельникова	14880
рффи	14879
стонуть	14878
всходы	14877
фать	14876
пуэрто	14875
окрашиваться	14874
аллан	14873
отряхиваться	14872
многопрофильный	14871
ковалева	14870
тарзан	14869
франт	14868
соблазнительно	14867
урка	14866
ритка	14865
зелёного	14864
истый	14863
провозиться	14862
шестимесячный	14861
следственно	14860
монетарный	14859
колибри	14858
москве	14857
уша	14856
проконсультировать	14855
белова	14854
изолированно	14853
кришнаит	14852
неженатый	14851
обрить	14850
благодушно	14849
суммирование	14848
рабле	14847
курильский	14846
венедикт	14845
кладезь	14844
планируемый	14843
ильяс	14842
облазить	14841
лопес	14840
прорабатываться	14839
стряпать	14838
цивилизованность	14837
ловелас	14836
чилдерс	14835
припомниться	14834
халдей	14833
мехлис	14832
сиротливо	14831
ебаться	14830
жовать	14829
иконописец	14828
раевский	14827
кукловод	14826
буйно	14825
марис	14824
наябедничать	14823
днепровский	14822
куценко	14821
полтораста	14820
паучок	14819
расселить	14818
интеллигентно	14817
белозубый	14816
карпатский	14815
алехин	14814
трикотаж	14813
каннибализм	14812
нинетто	14811
метастаз	14810
варьете	14809
надписать	14808
хлорка	14807
страховочный	14806
шнапс	14805
ек	14804
дитрих	14803
водевиль	14802
мыкаться	14801
пропадом	14800
относящий	14799
безответственно	14798
несимпатичный	14797
колкость	14796
чехарда	14795
негласно	14794
нэнабожо	14793
галлант	14792
несмело	14791
танцплощадка	14790
поощрительный	14789
подслеповатый	14788
слезоточивый	14787
поросячий	14786
бульканье	14785
нз	14784
пальнуть	14783
рекрутой	14782
вывих	14781
автомобилестроение	14780
никки	14779
адорно	14778
градский	14777
тканевый	14776
мученичество	14775
кпз	14774
орошение	14773
поздновато	14772
расшатывать	14771
пристыдить	14770
франчайзинговый	14769
рубануть	14768
заклятье	14767
молочник	14766
кунсткамера	14765
сельди	14764
разглаживать	14763
гиппиус	14762
перелить	14761
эквалайзер	14760
пихта	14759
незащищенность	14758
старушечий	14757
новозаветный	14756
анть	14755
рэкетир	14754
джонас	14753
инертность	14752
мертвецкий	14751
брошка	14750
собразец	14749
оборонка	14748
сильнодействующий	14747
накатываться	14746
косметология	14745
дагестанец	14744
скользко	14743
божок	14742
продублировать	14741
мание	14740
стеблов	14739
бахрейн	14738
троицкая	14737
гуманоид	14736
пристойно	14735
раскачать	14734
выкачивать	14733
абрамовна	14732
китеж	14731
вензель	14730
обосраться	14729
кусто	14728
недобросовестность	14727
бровка	14726
лебеда	14725
многотомный	14724
подкалывать	14723
нашарить	14722
скак	14721
байковый	14720
декодирование	14719
надменность	14718
бра	14717
охочий	14716
переносимость	14715
ление	14714
сознать	14713
лживой	14712
принесёт	14711
урус	14710
рен	14709
причаститься	14708
подсохнуть	14707
централизованно	14706
союзница	14705
высокообразованный	14704
кабула	14703
саламандра	14702
рогов	14701
приумножить	14700
акимат	14699
непальский	14698
платан	14697
долить	14696
приказной	14695
данилевский	14694
воспарить	14693
этрусский	14692
косуля	14691
похрапывать	14690
наборщик	14689
межбюджетный	14688
искушенье	14687
переваривание	14686
белокаменный	14685
удушение	14684
суммироваться	14683
тамада	14682
моторка	14681
мусорщик	14680
бобик	14679
занавесить	14678
надвинуться	14677
иво	14676
затычка	14675
русскоговорящий	14674
беззаконный	14673
погодка	14672
бахметьев	14671
ларь	14670
банкетный	14669
набедренный	14668
сосредоточенный	14667
поджигатель	14666
безапелляционно	14665
пасовать	14664
котор	14663
дженный	14662
рассказчица	14661
богатенький	14660
славин	14659
бритня	14658
оленевод	14657
системность	14656
вариативность	14655
отплясывать	14654
вольера	14653
блюзовый	14652
балкан	14651
стася	14650
экскурсант	14649
хантер	14648
накачка	14647
фаршированный	14646
фелисити	14645
отдаленность	14644
страда	14643
аризона	14642
нерезидент	14641
начал	14640
калиновский	14639
позабавиться	14638
увязываться	14637
увлекательно	14636
подразделить	14635
центурион	14634
антицеллюлитный	14633
петушиный	14632
тантрический	14631
чендлер	14630
съестный	14629
добряк	14628
растянутый	14627
раскатистый	14626
бесполый	14625
россиян	14624
маркелов	14623
землекоп	14622
сигануть	14621
двуязычный	14620
разумовский	14619
толкотня	14618
прихватывать	14617
перехватчик	14616
сноситься	14615
хворать	14614
любимейший	14613
трифилий	14612
умберто	14611
внуково	14610
внеплановый	14609
конфуцианство	14608
козырнуть	14607
наборный	14606
изношенный	14605
прорывать	14604
виниловый	14603
динамичность	14602
рябить	14601
нянчить	14600
приукрасить	14599
самурайский	14598
заступничество	14597
скрашивать	14596
политуправление	14595
передвинуться	14594
жозеф	14593
намазывать	14592
прадедушка	14591
косыгин	14590
проорать	14589
кредить	14588
тщета	14587
эрроу	14586
поручаться	14585
привать	14584
почитывать	14583
бмп	14582
слащавый	14581
гон	14580
закаев	14579
обувать	14578
кушак	14577
фрумас	14576
беспристрастно	14575
тонометр	14574
сенной	14573
женин	14572
молотый	14571
дцпункт	14570
ливанский	14569
промысловый	14568
папик	14567
проползать	14566
треска	14565
трапс	14564
отвертеться	14563
креон	14562
бардовский	14561
дозреть	14560
диатез	14559
оранжево	14558
онежский	14557
джать	14556
поводырь	14555
маман	14554
нац	14553
физкультурный	14552
фролова	14551
сдобный	14550
захлопываться	14549
пиццерия	14548
лесоповал	14547
хронологически	14546
прочищать	14545
зайтись	14544
переусердствовать	14543
интриган	14542
достигнутое	14541
завороженно	14540
инсулина	14539
бандформирование	14538
волчонок	14537
кондор	14536
сас	14535
капустник	14534
актёр	14533
учащенно	14532
котомка	14531
придыхание	14530
акушерство	14529
недружественный	14528
клотильда	14527
пропивать	14526
футуристический	14525
увеличенный	14524
сызнова	14523
брахма	14522
комплексно	14521
мельничный	14520
распороть	14519
шиит	14518
колли	14517
нильс	14516
бип	14515
филипка	14514
неповинный	14513
ссыпать	14512
апраксин	14511
акулина	14510
синедрион	14509
блица	14508
мойша	14507
ина	14506
размякнуть	14505
щенка	14504
барахолка	14503
геройски	14502
сердечник	14501
хей	14500
однобокий	14499
геращенко	14498
розать	14497
негражданин	14496
хоу	14495
древнеримский	14494
фнс	14493
антирусский	14492
массачусетский	14491
гозман	14490
краузе	14489
вертинский	14488
перекоситься	14487
христианка	14486
табынский	14485
приживаться	14484
санечка	14483
уяснение	14482
опьянять	14481
пГорск	14480
мгтсекунда	14479
хенсон	14478
ужимка	14477
кг	14476
удмуртский	14475
телефильм	14474
воробье	14473
капа	14472
грузоподъемность	14471
авс	14470
джейд	14469
пложка	14468
селия	14467
сэс	14466
льд	14465
гомеостаз	14464
взаимопроникновение	14463
гас	14462
дддддддддддддддддддддддддддддддддддддддддддддддддддддддддддддддддддддддддддддд	14461
обновка	14460
отстойник	14459
пейзажный	14458
хорунжий	14457
густеть	14456
благодушие	14455
покалывание	14454
мун	14453
топоров	14452
сиротка	14451
хелсинг	14450
удо	14449
кали	14448
комсорг	14447
сэ	14446
ничо	14445
пелагея	14444
личностно	14443
борться	14442
хронотоп	14441
неспециалист	14440
звонка	14439
мироустройство	14438
татарый	14437
ребристый	14436
манто	14435
стад	14434
поругание	14433
животворящий	14432
застопориться	14431
наднациональный	14430
вытяжка	14429
отара	14428
южноамериканский	14427
помечать	14426
сверхсекретный	14425
мамаев	14424
перекупщик	14423
приклеивать	14422
пожурить	14421
черепков	14420
евхаристия	14419
протопоп	14418
безжизненно	14417
увертюра	14416
своевольный	14415
мертвенный	14414
таганка	14413
макарий	14412
корпусный	14411
сектантский	14410
фривольный	14409
галилея	14408
выгон	14407
невротик	14406
повёл	14405
дьячок	14404
рандеву	14403
накопать	14402
обогрев	14401
наорать	14400
суденышко	14399
искусать	14398
фев	14397
лестно	14396
окраситься	14395
актёры	14394
чернозем	14393
злорадный	14392
фотохудожник	14391
винтовый	14390
рысак	14389
комет	14388
капель	14387
томаш	14386
чепец	14385
эллиптический	14384
расслабленно	14383
патогенный	14382
астрофизика	14381
перемирия	14380
законченность	14379
таж	14378
умерщвлять	14377
кредитоспособность	14376
тяжёлая	14375
риторик	14374
недобро	14373
щупалец	14372
маманя	14371
багор	14370
помногу	14369
пчеловод	14368
радушие	14367
тын	14366
мучной	14365
скверна	14364
апельсина	14363
загородка	14362
отшить	14361
усобица	14360
афро	14359
сморщить	14358
электрошок	14357
живец	14356
скутер	14355
посасывать	14354
кровоподтек	14353
анард	14352
видеопамять	14351
ифрит	14350
танюха	14349
полемик	14348
пресекаться	14347
макарский	14346
оскол	14345
шарнир	14344
чернослив	14343
перемежать	14342
засобираться	14341
уилли	14340
возложение	14339
смычка	14338
непостижимо	14337
стройотряд	14336
расширенный	14335
невзгоды	14334
киснуть	14333
литтл	14332
нормировать	14331
эврика	14330
елец	14329
невольник	14328
комизм	14327
отшиб	14326
пройдоха	14325
замдиректор	14324
озеленение	14323
закхей	14322
резерфорд	14321
толька	14320
легат	14319
авиньон	14318
воеводство	14317
оперирование	14316
кирюшка	14315
аргументированный	14314
нелюдь	14313
вседержитель	14312
бейсбольный	14311
индиго	14310
шухов	14309
выпереть	14308
скрестись	14307
пригнуть	14306
оцифровка	14305
аттестационный	14304
бао	14303
сверхспособность	14302
фонетика	14301
отколоться	14300
лыбнуться	14299
примитивность	14298
посул	14297
облет	14296
тление	14295
киношник	14294
прошагать	14293
твоею	14292
неплательщик	14291
подослать	14290
консольный	14289
нечастый	14288
чертыхнуться	14287
снедать	14286
левченко	14285
радиочастота	14284
брехня	14283
рино	14282
чертополох	14281
искусственность	14280
нн	14279
сологуб	14278
кабардинский	14277
монти	14276
эклектика	14275
сеточка	14274
местечковый	14273
аристотелевский	14272
демпинг	14271
демобилизоваться	14270
одиночной	14269
рук	14268
церквушка	14267
кувшинка	14266
втолковать	14265
двухтомник	14264
мераб	14263
лягушонок	14262
безудержно	14261
смешивание	14260
пытливо	14259
уравнивать	14258
ненадежность	14257
сопло	14256
объектива	14255
политизировать	14254
околачиваться	14253
разбрызгивать	14252
натянуто	14251
котлетка	14250
расковать	14249
херсонес	14248
короче	14247
хозяйственно	14246
зо	14245
кротовый	14244
вспороть	14243
заискивающе	14242
перинатальный	14241
джеспер	14240
юрт	14239
размокнуть	14238
нарядно	14237
жульничество	14236
румянцева	14235
бессарабия	14234
выдра	14233
ищейка	14232
ужель	14231
давос	14230
ватиканский	14229
популизм	14228
срочность	14227
брошюрка	14226
семенова	14225
волго	14224
рудик	14223
хуссейн	14222
скорострельность	14221
выдирать	14220
герметичность	14219
милена	14218
эгейский	14217
кэти	14216
кречет	14215
мужнин	14214
тщательнее	14213
разделать	14212
уколоться	14211
толочься	14210
мишаня	14209
остальные	14208
растолстеть	14207
арабо	14206
насекомый	14205
мормышка	14204
начитать	14203
фуга	14202
врутить	14201
заспорить	14200
перераспределять	14199
евдоким	14198
обветшалый	14197
военрук	14196
хунта	14195
высекать	14194
изобретательство	14193
окружный	14192
багратион	14191
прохвост	14190
утыкать	14189
наползать	14188
романный	14187
массажный	14186
префикс	14185
интрижка	14184
сообразоваться	14183
бытование	14182
рьяный	14181
мардук	14180
кинокритик	14179
маринина	14178
декларативный	14177
водворить	14176
генерирующий	14175
историзм	14174
приставание	14173
остеохондроз	14172
персонифицировать	14171
арсентьевич	14170
трухлявый	14169
навет	14168
попутка	14167
вертел	14166
чащоба	14165
загромождать	14164
ермолов	14163
препарировать	14162
базарить	14161
климакс	14160
херли	14159
хук	14158
година	14157
отобедать	14156
варяга	14155
неактуальный	14154
вереть	14153
выкуривать	14152
минимализм	14151
импозантный	14150
разобщить	14149
звучно	14148
обтереть	14147
полученный	14146
сабрина	14145
сноха	14144
стимулироваться	14143
скряга	14142
иссык	14141
бастилия	14140
витаминный	14139
круча	14138
перепроизводство	14137
флюгер	14136
невзлин	14135
калле	14134
анфилада	14133
канн	14132
сегментация	14131
погодина	14130
драматизировать	14129
приглушенно	14128
поджарый	14127
божествить	14126
вдумываться	14125
храма	14124
зелененький	14123
ельник	14122
нана	14121
третировать	14120
выстирать	14119
тушино	14118
лермонтовский	14117
джакомон	14116
множить	14115
взыграть	14114
уравновешиваться	14113
сервак	14112
предохранить	14111
нортон	14110
разреветься	14109
строганов	14108
канонерский	14107
заземление	14106
крыжовник	14105
эге	14104
вселяться	14103
дхарм	14102
узурпировать	14101
луца	14100
айз	14099
головушка	14098
демагог	14097
сальто	14096
потолочный	14095
турагентство	14094
восходитель	14093
псориаз	14092
мещеряков	14091
венчик	14090
примечания	14089
чсело	14088
веллингтон	14087
оговоренный	14086
динамизм	14085
исчислять	14084
профессура	14083
овдоветь	14082
хайка	14081
ламер	14080
халва	14079
солярис	14078
сайгон	14077
обжарить	14076
киноискусство	14075
полуразрушенный	14074
бронштейн	14073
нов	14072
навострить	14071
осязательный	14070
сжигаться	14069
уклончивый	14068
мусульманство	14067
развеселый	14066
низкопробный	14065
решето	14064
черненко	14063
ледовой	14062
баратынский	14061
дипломатично	14060
интернационализация	14059
глазурь	14058
райнер	14057
войсковый	14056
стандард	14055
согласованный	14054
чиркать	14053
компактно	14052
заливка	14051
афоризма	14050
летно	14049
невоспитанный	14048
откатываться	14047
некорректно	14046
антитеза	14045
аэровокзал	14044
определённую	14043
нулевый	14042
творенье	14041
индульгенция	14040
перепродавать	14039
снабженец	14038
другою	14037
тихвин	14036
парилка	14035
служивый	14034
галлоуэй	14033
минарет	14032
бакланов	14031
оценивающе	14030
ниокрубль	14029
кранты	14028
хулио	14027
слепка	14026
лем	14025
гаршин	14024
кобальт	14023
ахметша	14022
прерывисто	14021
обуславливаться	14020
шепель	14019
наскочить	14018
нум	14017
иносказание	14016
обожаемый	14015
эмулятор	14014
государить	14013
лягнуть	14012
вничью	14011
стоик	14010
переедание	14009
миллиардный	14008
камбис	14007
гевин	14006
шмуэль	14005
буржуйка	14004
развесистый	14003
батарей	14002
аксиоматический	14001
дравствовать	14000
рэм	13999
судилище	13998
отчитать	13997
заклание	13996
харламов	13995
нахимов	13994
строк	13993
споро	13992
обмакнуть	13991
понтон	13990
отпускаться	13989
статут	13988
потрахаться	13987
архаика	13986
огораживать	13985
мрачнеть	13984
опочивальня	13983
копироваться	13982
агностик	13981
траверс	13980
компонентный	13979
дубинин	13978
середняк	13977
неспеша	13976
бик	13975
поповский	13974
заваляться	13973
разгневанный	13972
кудесник	13971
эквадор	13970
зубков	13969
резак	13968
неблизкий	13967
поселянин	13966
ашрам	13965
неблаговидный	13964
сбалансированность	13963
рэнд	13962
патологически	13961
иссиня	13960
пуританский	13959
стихосложение	13958
ссылать	13957
марр	13956
юрисконсульт	13955
вооружённых	13954
воспрещать	13953
исаакиевский	13952
жизненность	13951
лайф	13950
хлесткий	13949
обескураживать	13948
дакс	13947
колон	13946
полуголодный	13945
болонья	13944
полуторка	13943
раскова	13942
потребить	13941
медосмотр	13940
френкель	13939
гиннесс	13938
коко	13937
слазить	13936
ньюс	13935
выцарапать	13934
паря	13933
лг	13932
купальня	13931
хоспис	13930
грэс	13929
последние	13928
девон	13927
горьковатый	13926
попутать	13925
зс	13924
тургеневский	13923
шейдер	13922
текс	13921
божия	13920
магнолия	13919
лапидус	13918
поминовение	13917
далматин	13916
гармонизировать	13915
бередить	13914
коронарный	13913
малороссийский	13912
бабский	13911
заприметить	13910
главнокомандовать	13909
клеменс	13908
напряга	13907
программистский	13906
лежание	13905
тревайз	13904
зелёная	13903
обод	13902
дистрофия	13901
хвастун	13900
стволовый	13899
засекать	13898
питься	13897
айти	13896
мий	13895
химически	13894
вонзать	13893
попрактиковаться	13892
аперитив	13891
постылый	13890
впритык	13889
летописный	13888
правовед	13887
неразумно	13886
ультразвук	13885
карандашный	13884
реликт	13883
выстреливать	13882
гиперпространство	13881
подмести	13880
электр	13879
потсдам	13878
снабжаться	13877
взволноваться	13876
исходно	13875
ребус	13874
пристраивать	13873
изживать	13872
отдирать	13871
добрыня	13870
спелеолог	13869
киотский	13868
перепроверить	13867
прочитываться	13866
беззаботность	13865
перераспределить	13864
развязно	13863
куэйд	13862
акое	13861
излечивать	13860
коллективистский	13859
материть	13858
востребованный	13857
кларич	13856
загляденье	13855
ревель	13854
аэрозоль	13853
одушевить	13852
гданьск	13851
кассетный	13850
зримо	13849
богемия	13848
разжаловать	13847
вьюшин	13846
сьюзан	13845
поверять	13844
кушнер	13843
смачивать	13842
раздробленность	13841
замерить	13840
экзотичный	13839
монокль	13838
корепанова	13837
димедрол	13836
контрибуция	13835
данилка	13834
анхель	13833
манометр	13832
обмывать	13831
ракетница	13830
кругооборот	13829
дисквалифицировать	13828
подкормка	13827
отягощать	13826
сочинский	13825
сбрить	13824
гота	13823
шероховатый	13822
нераздельный	13821
доминантный	13820
доброкачественный	13819
летка	13818
послед	13817
полноводный	13816
кутузовский	13815
прочесать	13814
голодавать	13813
яблоневый	13812
пролезать	13811
бутырский	13810
выпороть	13809
годок	13808
документирование	13807
катастроф	13806
покровительница	13805
исследовательница	13804
эльбан	13803
бензопила	13802
неон	13801
подсаживать	13800
серьёзного	13799
перестаёт	13798
сварог	13797
сказуемый	13796
патока	13795
распутица	13794
минька	13793
обозреть	13792
мыслишка	13791
ичкерия	13790
подвязка	13789
вампилов	13788
пузановский	13787
рассасываться	13786
колдобина	13785
монтанелли	13784
пестовать	13783
голуб	13782
обхват	13781
соционика	13780
никнуть	13779
почасовой	13778
подсолнечник	13777
предшественница	13776
переохлаждение	13775
перемазать	13774
созерцатель	13773
зааплодировать	13772
самоценность	13771
рекомендуемый	13770
братиться	13769
глазго	13768
мотя	13767
вышеупомянуть	13766
лёжа	13765
лесочек	13764
саморазрушение	13763
собкор	13762
затравленный	13761
испорченный	13760
мартен	13759
несуразность	13758
многоликий	13757
зыков	13756
дошёл	13755
эргономика	13754
вербовщик	13753
палубный	13752
загурский	13751
каутский	13750
борона	13749
подремать	13748
землячка	13747
притупить	13746
засветло	13745
цитрусовый	13744
тенденциозный	13743
трудноватый	13742
засыпание	13741
коптить	13740
разменный	13739
разогрев	13738
ионный	13737
премиум	13736
витовт	13735
спаниель	13734
болонка	13733
тужить	13732
незрелость	13731
перес	13730
грандиозно	13729
обручение	13728
диалогический	13727
кривцов	13726
запаха	13725
тпункт	13724
личка	13723
паранормальный	13722
налогооблагаемый	13721
усечь	13720
разрешимый	13719
непродуктивный	13718
уния	13717
кедров	13716
экзема	13715
повидимый	13714
фофанов	13713
шарп	13712
разнокалиберный	13711
едрить	13710
муторно	13709
шарнхорст	13708
сжато	13707
взвинтить	13706
слободан	13705
фалунь	13704
нэт	13703
пустынь	13702
анджелина	13701
интимно	13700
литинститут	13699
застраховаться	13698
амин	13697
серегин	13696
сосо	13695
зверинец	13694
рублевский	13693
комдив	13692
скатать	13691
така	13690
запропаститься	13689
арканов	13688
байк	13687
кинчев	13686
антилоп	13685
ребячий	13684
фолк	13683
раджа	13682
соблазный	13681
засмотреться	13680
виртуал	13679
посевная	13678
неудовлетворить	13677
фазан	13676
целеполагание	13675
словоупотребление	13674
алвари	13673
алеппо	13672
трансформаторный	13671
гравировка	13670
договаривающийся	13669
лялька	13668
диниарх	13667
пропускание	13666
наигранный	13665
гердый	13664
ягодный	13663
экстраполяция	13662
выгрести	13661
баюкать	13660
эскадренный	13659
смрадный	13658
практикант	13657
тамарочка	13656
хамилтон	13655
притупиться	13654
кисломолочный	13653
прихвоснев	13652
терьер	13651
миня	13650
малевать	13649
абиссиния	13648
сис	13647
редут	13646
самоучка	13645
видеосъемка	13644
выжидательно	13643
романовский	13642
переходящий	13641
демобилизовать	13640
киндер	13639
торопливость	13638
бардин	13637
кинопленка	13636
анабиоз	13635
несчастная	13634
квартиросъемщик	13633
шевалье	13632
грибник	13631
вольдеморт	13630
стеганый	13629
интегрирование	13628
приятное	13627
половик	13626
энерго	13625
переманить	13624
елозить	13623
татьянин	13622
приключенец	13621
радиопрограмма	13620
джейка	13619
метис	13618
перетягивать	13617
конунг	13616
уравновешенный	13615
буянить	13614
стайн	13613
здравомыслие	13612
стенли	13611
разобить	13610
низвести	13609
фаст	13608
исполин	13607
тростниковый	13606
пожарище	13605
волчек	13604
хранимый	13603
ен	13602
жь	13601
горячечный	13600
ена	13599
единовременно	13598
колчан	13597
замерзание	13596
завертеть	13595
приклеиться	13594
купидон	13593
проседь	13592
отшутиться	13591
мордор	13590
хазанов	13589
стрелецкий	13588
собак	13587
вневедомственный	13586
ветеранский	13585
предутренний	13584
вальяжно	13583
ворчливый	13582
содеянный	13581
нерегулярно	13580
крестообразный	13579
навар	13578
мэнни	13577
билль	13576
распыление	13575
фергюссон	13574
бь	13573
подразделять	13572
бережливость	13571
метадон	13570
нищенка	13569
вг	13568
биатлон	13567
коло	13566
предстательный	13565
кластерный	13564
невезучий	13563
бронь	13562
электроприбор	13561
борзый	13560
саакашвить	13559
курляндский	13558
вебсайт	13557
нарадоваться	13556
плечико	13555
бобо	13554
пулька	13553
испанка	13552
упрямец	13551
испепелять	13550
кизия	13549
пиппен	13548
самолёте	13547
чудачество	13546
пошить	13545
рационал	13544
неолиберализм	13543
провериться	13542
микроэлектроника	13541
полемон	13540
упруго	13539
звякать	13538
мушкет	13537
прод	13536
никитична	13535
рекламщик	13534
раскатывать	13533
лектер	13532
обескровить	13531
пресли	13530
лаврентьев	13529
вдрызг	13528
неразрешенный	13527
поспешать	13526
знахарка	13525
водоканал	13524
конфуцианский	13523
ванесса	13522
ясновидящий	13521
совмин	13520
седловина	13519
вертеп	13518
алкснис	13517
терракотовый	13516
услада	13515
фундаментально	13514
заживление	13513
многоступенчатый	13512
завалинка	13511
аузан	13510
гавкать	13509
согласительный	13508
коннотация	13507
шифровать	13506
трк	13505
щедрота	13504
крас	13503
примирительный	13502
радий	13501
пиетет	13500
леспромхоз	13499
перкинс	13498
электропроводка	13497
кбайт	13496
паровозик	13495
копья	13494
машинопись	13493
гаспар	13492
хлопанье	13491
пробасить	13490
нажиться	13489
двуспальный	13488
тура	13487
безвременный	13486
бейлис	13485
гродненский	13484
обхаживать	13483
полуживой	13482
поддатый	13481
психовать	13480
желудочек	13479
пространно	13478
вассоз	13477
папуас	13476
вячеславович	13475
акробатический	13474
дистрибьюторский	13473
пустячный	13472
федорова	13471
привалить	13470
заебать	13469
флегматичный	13468
трескучий	13467
врачевание	13466
елабуга	13465
альберта	13464
телеконференция	13463
просушить	13462
распутывать	13461
непочатый	13460
проторчать	13459
желтуха	13458
обезьянник	13457
роизнес	13456
одевание	13455
мюррей	13454
шрейдер	13453
приходько	13452
кафетерия	13451
геодезист	13450
елый	13449
диверсифицировать	13448
мишна	13447
обледенеть	13446
пиктограмма	13445
горбун	13444
валаам	13443
приволочь	13442
бтом	13441
тагил	13440
упечь	13439
неправота	13438
панфилов	13437
антиохия	13436
мэттью	13435
нарубить	13434
кисет	13433
горохов	13432
заводик	13431
амбивалентный	13430
пименов	13429
инфицирование	13428
нижестоящий	13427
волгодонск	13426
однокурсница	13425
кич	13424
абакан	13423
сумо	13422
мальволио	13421
сухов	13420
отняться	13419
нобель	13418
одалживать	13417
ксюха	13416
гомеопатия	13415
курсовый	13414
вермут	13413
астра	13412
урожайный	13411
нефритовый	13410
занесение	13409
аорта	13408
тп	13407
эннис	13406
эрудит	13405
инцест	13404
луговский	13403
романенко	13402
жутковато	13401
сугубый	13400
легчайший	13399
нэра	13398
краснота	13397
джоли	13396
оптимум	13395
анкара	13394
пресвитер	13393
скандально	13392
избранность	13391
бабаджи	13390
снегоход	13389
джули	13388
арс	13387
ужесточать	13386
суханов	13385
несильный	13384
давыдова	13383
нагоняй	13382
сдавленно	13381
зовёт	13380
елагин	13379
чиновный	13378
пикетчик	13377
балоун	13376
безотказный	13375
дозваниваться	13374
заглядываться	13373
пастырский	13372
репетиционный	13371
рукоприкладство	13370
жэу	13369
макиавелли	13368
пре	13367
зауважать	13366
продуцировать	13365
грейпфрут	13364
предпраздничный	13363
нпф	13362
плевел	13361
врен	13360
кист	13359
одессит	13358
дацан	13357
обтекаемый	13356
зарание	13355
асцендент	13354
упрямиться	13353
егорша	13352
наделяться	13351
батый	13350
вегас	13349
разувериться	13348
такс	13347
замаскироваться	13346
позывные	13345
калмыцкий	13344
болконский	13343
генерироваться	13342
понтий	13341
соскакивать	13340
впаривать	13339
рка	13338
семинарий	13337
полазить	13336
нужник	13335
хоругвь	13334
очертя	13333
нормандский	13332
экг	13331
картошечка	13330
кавер	13329
фаянсовый	13328
чёрту	13327
ренессансный	13326
удрученный	13325
брутальный	13324
украденный	13323
насыщаться	13322
серьёзная	13321
индоевропейский	13320
хэн	13319
обивать	13318
кажеться	13317
стариться	13316
рейман	13315
хихиканье	13314
олеговна	13313
зин	13312
усеченный	13311
дыгало	13310
покорнейше	13309
туполев	13308
сплавить	13307
девятой	13306
рута	13305
булатов	13304
южноафриканский	13303
яровый	13302
оу	13301
гальдер	13300
кишиневский	13299
отдаёт	13298
растление	13297
бесславный	13296
голышом	13295
молебный	13294
войлочный	13293
венедиктович	13292
бондарь	13291
простоватый	13290
антропогенный	13289
теркин	13288
избегание	13287
увиливать	13286
зарубка	13285
конституировать	13284
отбойный	13283
лор	13282
инжир	13281
джа	13280
рефлекторно	13279
троцкистский	13278
беспредельность	13277
медработник	13276
намучиться	13275
переоформление	13274
дойный	13273
натурный	13272
оттаивать	13271
сидоренко	13270
мальвольо	13269
водила	13268
посевной	13267
содержимый	13266
втихомолку	13265
облсовет	13264
подкорректировать	13263
козулин	13262
размяться	13261
ортодокс	13260
брюшный	13259
саблин	13258
изощряться	13257
перламутр	13256
автореферат	13255
пионерлагерь	13254
ренат	13253
далековато	13252
харчевня	13251
врис	13250
попятный	13249
эллипс	13248
разветвление	13247
прека	13246
самоназвание	13245
гольц	13244
фиговый	13243
стела	13242
цирроз	13241
волнообразный	13240
максимов	13239
обветрить	13238
оффтопик	13237
амели	13236
рябчик	13235
салехард	13234
бол	13233
лзать	13232
ибрагимов	13231
откачивать	13230
результирующий	13229
драпировка	13228
водовоз	13227
метаданные	13226
столяров	13225
недоесть	13224
апломб	13223
упряжь	13222
кредитно	13221
песах	13220
уволочь	13219
планово	13218
сахарница	13217
аниме	13216
простудный	13215
мажор	13214
секстон	13213
страта	13212
слесарный	13211
вправить	13210
сиквел	13209
плешь	13208
одухотворенный	13207
фурнитура	13206
неотесанный	13205
мнительный	13204
фриз	13203
грогин	13202
виталия	13201
гурий	13200
черкнуть	13199
запаниковать	13198
агафонов	13197
орёл	13196
знобить	13195
трурль	13194
асс	13193
срастаться	13192
нечувствительный	13191
подобреть	13190
нервотрепка	13189
нателла	13188
батончик	13187
маус	13186
катровский	13185
упад	13184
видоизменяться	13183
инвентарный	13182
капроновый	13181
догадливый	13180
кирюша	13179
каяк	13178
пиломатериал	13177
спикировать	13176
абеляр	13175
постукивание	13174
поролон	13173
погребить	13172
дас	13171
диффузия	13170
коринфский	13169
отошёл	13168
факир	13167
убогость	13166
штайнер	13165
экспортно	13164
аппетитно	13163
пенсильвание	13162
вольница	13161
фрося	13160
графит	13159
оль	13158
плюшка	13157
респиратор	13156
солод	13155
сота	13154
прореветь	13153
зиночка	13152
григорианский	13151
линка	13150
ожесточить	13149
чудить	13148
фейс	13147
искоренять	13146
зачистить	13145
одноногий	13144
курпатов	13143
нажитое	13142
трейдинг	13141
авиазавод	13140
прозападный	13139
щепкин	13138
джива	13137
монк	13136
сливной	13135
зиновий	13134
прессовать	13133
ваять	13132
аленичев	13131
гульден	13130
непролазный	13129
ленньер	13128
безоглядно	13127
гипофиз	13126
храмов	13125
молодеть	13124
тесемка	13123
мосток	13122
расчувствоваться	13121
вытягивание	13120
тестироваться	13119
округлость	13118
консолидироваться	13117
брикет	13116
утоление	13115
прославленный	13114
вымогатель	13113
откровенничать	13112
ехидство	13111
исайя	13110
непрактичный	13109
размывание	13108
конструкт	13107
уралмаш	13106
бэд	13105
скачка	13104
падонок	13103
топика	13102
заверенный	13101
куница	13100
сетевик	13099
трехметровый	13098
специфичность	13097
каменец	13096
догореть	13095
порушить	13094
коррумпированность	13093
криминализация	13092
уругвай	13091
ней	13090
экспериментирование	13089
младой	13088
суховатый	13087
окаменелость	13086
глафира	13085
всплытие	13084
крошиться	13083
фримэн	13082
гребля	13081
арбенин	13080
самолюбование	13079
трюмо	13078
дивно	13077
тыловый	13076
кладь	13075
сдуреть	13074
кошель	13073
култхард	13072
хлебозавод	13071
перестраховщик	13070
тсс	13069
жандармерия	13068
симбирский	13067
ерема	13066
меланхолический	13065
приколоться	13064
погадать	13063
доиграть	13062
эпистемология	13061
лимфатический	13060
фрактал	13059
извоз	13058
ниггер	13057
цзы	13056
обнищать	13055
эльханан	13054
горки	13053
зодиакальный	13052
экстремум	13051
умалишенный	13050
счетовод	13049
скороход	13048
нормальность	13047
петруша	13046
бунич	13045
минет	13044
уст	13043
рефрен	13042
даёшь	13041
высылаться	13040
клемма	13039
определённым	13038
бланко	13037
повстанческий	13036
сицилийский	13035
классифицироваться	13034
конфорка	13033
гить	13032
присутственный	13031
ворлонец	13030
стричься	13029
геннадьевна	13028
уретр	13027
отягощение	13026
помутиться	13025
рассадить	13024
фатим	13023
одушевленный	13022
пестик	13021
порезаться	13020
бинго	13019
бесправие	13018
кудряшка	13017
целковый	13016
безосновательный	13015
реставрационный	13014
просушка	13013
орленок	13012
герцеговина	13011
салатик	13010
усама	13009
чистильщик	13008
саладин	13007
посудомоечный	13006
сьерра	13005
эвкалипт	13004
эпигон	13003
ебаный	13002
ваший	13001
намылить	13000
контрабас	12999
блейз	12998
бомбовой	12997
бобунец	12996
нигерийский	12995
амбулатория	12994
чуркин	12993
надувный	12992
выуживать	12991
кондукторша	12990
уползать	12989
абракадабра	12988
метагалактика	12987
авансовый	12986
фивы	12985
проекционный	12984
подколесин	12983
застлать	12982
окрестности	12981
ассоциированный	12980
сакура	12979
родниковый	12978
ментовка	12977
менно	12976
киноактер	12975
электромотор	12974
луза	12973
дистрибутор	12972
нездоровье	12971
кулуары	12970
бесчинствовать	12969
нелишний	12968
преобладающий	12967
перетечь	12966
депутация	12965
ясперс	12964
дживс	12963
бузгалин	12962
леандро	12961
подмышки	12960
резчик	12959
сонник	12958
прилаживать	12957
ассказывать	12956
черкасский	12955
партнёр	12954
диод	12953
мясников	12952
базальный	12951
осветитель	12950
валькирия	12949
пересматриваться	12948
темка	12947
репликация	12946
рецидивист	12945
колебательный	12944
вспорхнуть	12943
порносайт	12942
платно	12941
налечь	12940
драккар	12939
квалифицированно	12938
усредненный	12937
чествование	12936
микромир	12935
газовик	12934
быстрейший	12933
бабаджа	12932
загривок	12931
миксер	12930
поклонный	12929
переизбрать	12928
дайвер	12927
эртхиа	12926
присутствующие	12925
паршивец	12924
циклотрон	12923
обьяснять	12922
живописать	12921
ву	12920
оле	12919
былый	12918
прикалывать	12917
хромированный	12916
ут	12915
пашин	12914
газообразный	12913
карс	12912
спасо	12911
подотчетный	12910
заупокойный	12909
гаджиев	12908
всполох	12907
вползти	12906
поколотить	12905
спрессовать	12904
вц	12903
щуп	12902
чертенок	12901
одинарный	12900
преувеличенно	12899
экранизировать	12898
толстуха	12897
арестантский	12896
фингал	12895
котельников	12894
запасти	12893
коннектикут	12892
элоиза	12891
фрол	12890
штопать	12889
старлей	12888
возмущенный	12887
талибан	12886
мусоргский	12885
стоически	12884
отторгать	12883
неуравновешенный	12882
сырок	12881
похожесть	12880
гендерсон	12879
трейд	12878
наедаться	12877
гражина	12876
модница	12875
абиссинец	12874
осташков	12873
виноделие	12872
криминалист	12871
игрек	12870
торвальдс	12869
подъёма	12868
геодезия	12867
исчислить	12866
средиземье	12865
причесываться	12864
арочный	12863
посодействовать	12862
балюстрада	12861
раймон	12860
благонамеренный	12859
альтшуллер	12858
художественность	12857
шать	12856
огонёк	12855
фолкнер	12854
компань	12853
недомолвка	12852
абакумов	12851
надорваться	12850
скорая	12849
дерби	12848
отраженный	12847
встарь	12846
запалить	12845
персоналка	12844
залазить	12843
расселина	12842
красовский	12841
скомпенсировать	12840
иерей	12839
родители	12838
чтив	12837
госкомитет	12836
составиться	12835
этнически	12834
миноритарный	12833
скорбить	12832
пришибить	12831
гражданственность	12830
ворюга	12829
лубочный	12828
антиамериканский	12827
назар	12826
ховард	12825
минер	12824
звоночек	12823
книгоиздание	12822
артикулировать	12821
вшить	12820
початок	12819
акелла	12818
предопределение	12817
бермудский	12816
стиви	12815
жигуленок	12814
обходный	12813
выбелить	12812
никчемность	12811
ляд	12810
пророчествовать	12809
зарекаться	12808
каменья	12807
валентинка	12806
пахота	12805
блажить	12804
каленый	12803
развалюха	12802
мудрейший	12801
отпихнуть	12800
слезливый	12799
вопросник	12798
смеховой	12797
шарообразный	12796
дотошно	12795
каре	12794
уломать	12793
шаттл	12792
сашок	12791
вчк	12790
замка	12789
крепостничество	12788
регуляторный	12787
кнемон	12786
слоненок	12785
былинка	12784
несуществование	12783
затуманиться	12782
гашек	12781
сидоркин	12780
рябинин	12779
диссертационный	12778
автостанция	12777
димыч	12776
лернер	12775
фск	12774
меблированный	12773
сельдерей	12772
святотатство	12771
односторонне	12770
фехтовальщик	12769
ворчливо	12768
телебашня	12767
десятеро	12766
всмятку	12765
биеннале	12764
уш	12763
гномик	12762
матф	12761
знатнейший	12760
выбывать	12759
изразец	12758
вьючный	12757
отслеживаться	12756
вольнонаемный	12755
канальный	12754
гренландия	12753
варлаам	12752
нафик	12751
несъедобный	12750
ножовка	12749
каноэ	12748
посло	12747
лекс	12746
кафешок	12745
наголову	12744
миква	12743
раскурить	12742
рэндольф	12741
раскачка	12740
топкий	12739
вспрыгнуть	12738
стампф	12737
недропользователь	12736
мишина	12735
аним	12734
булычев	12733
описаться	12732
дубна	12731
подтачивать	12730
бультерьер	12729
беспричинно	12728
ебе	12727
думный	12726
гаити	12725
ваг	12724
раскалывать	12723
томка	12722
полярник	12721
растолковывать	12720
ассортиментный	12719
нагнуть	12718
потапчук	12717
оплакать	12716
пропитывать	12715
перепить	12714
куковать	12713
стилевой	12712
субъектный	12711
зевота	12710
тюльпанов	12709
рнк	12708
бесконтактный	12707
индуцировать	12706
лакать	12705
заладиться	12704
индивидуалист	12703
внутривенный	12702
тэд	12701
некрупный	12700
разгильдяйство	12699
кантемир	12698
консервативно	12697
кондитерская	12696
булгар	12695
раскрепощение	12694
схоластический	12693
петлюра	12692
саднить	12691
шанель	12690
размножиться	12689
комично	12688
исступленный	12687
сенечка	12686
поймёшь	12685
васнецов	12684
жером	12683
гипертекст	12682
добротно	12681
обезвоживание	12680
отзовиться	12679
кьеркегор	12678
рауди	12677
эсмеральда	12676
уединяться	12675
лепной	12674
убиться	12673
межсезонье	12672
проливаться	12671
вневременный	12670
антифашист	12669
очтить	12668
константиновский	12667
фабио	12666
неоклассический	12665
дейл	12664
бретта	12663
кортик	12662
пересеченный	12661
повинная	12660
затравка	12659
сноуболл	12658
непокрытый	12657
посулить	12656
стапель	12655
совинформбюро	12654
существительный	12653
вышеозначенный	12652
проектант	12651
мозамбик	12650
кордебалет	12649
механизировать	12648
комментария	12647
отоспаться	12646
премировать	12645
егишянц	12644
ско	12643
эхолот	12642
выхлопный	12641
продеть	12640
илларионович	12639
эдвардс	12638
мымра	12637
безвозвратный	12636
хлоя	12635
монтировка	12634
хамецо	12633
симба	12632
преступница	12631
докторша	12630
переучиваться	12629
подветренный	12628
скромничать	12627
принстон	12626
актор	12625
говорун	12624
чахнуть	12623
преходить	12622
заворчать	12621
домна	12620
эфрос	12619
размножить	12618
лицеист	12617
пандольфо	12616
зязиков	12615
неистовствовать	12614
сарделька	12613
постмодернист	12612
реймс	12611
урезонить	12610
англиканский	12609
забрало	12608
морф	12607
безветренный	12606
книгопечатание	12605
обрызгать	12604
стихие	12603
стежок	12602
сергиев	12601
захрапеть	12600
веретено	12599
адюльтер	12598
портки	12597
натанович	12596
баден	12595
самокат	12594
рассматриваемый	12593
престижность	12592
поясной	12591
жирность	12590
облокачиваться	12589
моссад	12588
несознательный	12587
самоуправство	12586
незрячий	12585
ингибитор	12584
крузо	12583
полкилометра	12582
противоречиво	12581
заппа	12580
катина	12579
вэнс	12578
норковый	12577
еф	12576
иммунодефицит	12575
кхм	12574
паршев	12573
посёлка	12572
абай	12571
дра	12570
белозерский	12569
мойше	12568
бренчать	12567
насосный	12566
лариска	12565
бендеры	12564
адресация	12563
приоритетность	12562
бессонов	12561
огневый	12560
экспедитор	12559
шпинат	12558
эсэсовский	12557
кутить	12556
поликарп	12555
полупьяный	12554
маринованный	12553
натягиваться	12552
вселение	12551
гашетка	12550
пьяненький	12549
космополитизм	12548
удавить	12547
миасс	12546
декоратор	12545
даосизм	12544
кристеть	12543
убийственно	12542
аки	12541
подержанный	12540
плються	12539
любвеобильный	12538
облачаться	12537
разграничивать	12536
всепоглощать	12535
аджария	12534
призываться	12533
уравновешенность	12532
печора	12531
неосязаемый	12530
сумбурно	12529
съеживаться	12528
спарринг	12527
голодно	12526
общественник	12525
троицк	12524
девичество	12523
отан	12522
кружечка	12521
ледоход	12520
иммунология	12519
вытереться	12518
френсик	12517
тесак	12516
пионтковский	12515
фисбен	12514
чепчик	12513
вполовину	12512
стома	12511
противолодочный	12510
юджиния	12509
выжидательный	12508
подрулить	12507
учёбу	12506
утыкаться	12505
парето	12504
кори	12503
анзор	12502
кабардинец	12501
добрососедский	12500
ол	12499
западногерманский	12498
марганцовка	12497
матово	12496
плей	12495
расовой	12494
рфс	12493
профессорско	12492
отмереть	12491
маловажный	12490
мирра	12489
дир	12488
заштопать	12487
охра	12486
асан	12485
ддить	12484
аф	12483
мба	12482
темнить	12481
джуда	12480
пронюхать	12479
кинокомпания	12478
туберкулезный	12477
оторванность	12476
кровно	12475
пессимистичный	12474
монтироваться	12473
брючки	12472
одномерный	12471
вкось	12470
овцын	12469
бляшка	12468
отрыжка	12467
мигранян	12466
холодайна	12465
информативность	12464
дирак	12463
перегреться	12462
анархический	12461
искусствоведение	12460
кочегарка	12459
зефир	12458
человекоподобный	12457
алхимический	12456
подсеть	12455
вб	12454
карлов	12453
отстегивать	12452
политкорректный	12451
муратов	12450
белоцерковский	12449
содержатель	12448
ангарск	12447
льстивый	12446
упразднять	12445
сверхмощный	12444
суворовский	12443
главенствующий	12442
бисквит	12441
прокрутка	12440
постить	12439
сый	12438
круга	12437
мончегорск	12436
деятельно	12435
финанс	12434
метелка	12433
гололед	12432
машин	12431
устилать	12430
быстроходной	12429
мытарь	12428
облысение	12427
фамильярность	12426
интернетчик	12425
злата	12424
костенко	12423
многомесячный	12422
этой	12421
распутный	12420
натурал	12419
лохнуть	12418
грандиозность	12417
надрывать	12416
тенесев	12415
хрюкнуть	12414
роган	12413
поздоровиться	12412
прогудеть	12411
перевязь	12410
приватизированный	12409
коряво	12408
бразда	12407
киото	12406
бель	12405
рыкнуть	12404
сирый	12403
словоблудие	12402
косарь	12401
лысоватый	12400
покуситься	12399
протыкать	12398
раневская	12397
загрязнитель	12396
марино	12395
фалуньгун	12394
азим	12393
вхожий	12392
потрошитель	12391
вшэ	12390
головешка	12389
серебриться	12388
эйлиф	12387
усреднить	12386
раскланяться	12385
макбет	12384
каться	12383
обливание	12382
воссиять	12381
пиджачок	12380
солонин	12379
черч	12378
рейдер	12377
клят	12376
досказать	12375
выдвижной	12374
дефектный	12373
исправник	12372
шохин	12371
курительный	12370
абордаж	12369
долее	12368
ошибочка	12367
охранка	12366
крутость	12365
целинный	12364
кинопрокат	12363
запасник	12362
доходяга	12361
нейрохирург	12360
перипетии	12359
рецензировать	12358
вурдалак	12357
совратить	12356
барышников	12355
мелочность	12354
латынина	12353
единоверец	12352
тех	12351
взвешенный	12350
чековый	12349
купель	12348
шёпотом	12347
хой	12346
погашать	12345
прикорнуть	12344
перепродать	12343
боровик	12342
макроэкономика	12341
баннерный	12340
мозолистый	12339
выдувать	12338
имярек	12337
нд	12336
кашица	12335
равнять	12334
тужурка	12333
цепенеть	12332
отхлебывать	12331
заявительница	12330
буквенный	12329
неограниченно	12328
марлевый	12327
поддакнуть	12326
ослабляться	12325
онтогенез	12324
пророссийский	12323
пароходик	12322
восполнение	12321
кагарлицкий	12320
дрон	12319
шпеер	12318
цадик	12317
палеонтолог	12316
ифа	12315
запрудить	12314
одноух	12313
форумный	12312
шакиров	12311
арцыбашев	12310
силлогизм	12309
коллегиальный	12308
политикан	12307
кирк	12306
увечный	12305
кутерьма	12304
умиротворять	12303
арахис	12302
анархистский	12301
портмоне	12300
мчиться	12299
пощекотать	12298
шушукаться	12297
брысь	12296
амурчанин	12295
отогнуть	12294
требуемый	12293
розга	12292
причесаться	12291
внутрипартийный	12290
угорелый	12289
хищнический	12288
многочисленность	12287
ильфейн	12286
сюзан	12285
офигенный	12284
деница	12283
конфликтность	12282
уборевич	12281
ижевский	12280
индустриально	12279
текила	12278
комарова	12277
григоренко	12276
элт	12275
даосский	12274
чудик	12273
гурвич	12272
пососать	12271
гаон	12270
аполлонович	12269
телевещание	12268
дюша	12267
ало	12266
стимулирующий	12265
эмпиризм	12264
литография	12263
злодейка	12262
мизер	12261
амелия	12260
урядник	12259
отвращать	12258
мр	12257
рассеивание	12256
закачивать	12255
плёнки	12254
плигин	12253
кипячение	12252
запрыгивать	12251
названье	12250
девятнадцатилетний	12249
вписка	12248
тузик	12247
бухара	12246
всасываться	12245
губерние	12244
кислотность	12243
иррациональность	12242
новичка	12241
летов	12240
буйствовать	12239
роялти	12238
пронумеровать	12237
тюрк	12236
чекистский	12235
ищеев	12234
гоночной	12233
лакун	12232
втроём	12231
лея	12230
васильич	12229
нянчиться	12228
вякнуть	12227
вращательный	12226
размешивать	12225
безопасти	12224
бигуди	12223
данька	12222
ганн	12221
тональ	12220
гимназистка	12219
наплести	12218
позагорать	12217
шнырек	12216
самоактуализация	12215
репарация	12214
послевкусие	12213
мирослав	12212
дознаватель	12211
бархатистый	12210
колит	12209
промашка	12208
тяжёлое	12207
шейпинг	12206
глоточек	12205
учащенный	12204
холдинговый	12203
мерсер	12202
югослав	12201
ортопедический	12200
ундина	12199
преступать	12198
экипировать	12197
истеричка	12196
тщетность	12195
лидка	12194
мертвяк	12193
тишка	12192
допустимость	12191
пыжиться	12190
ввергать	12189
находящемуся	12188
зараз	12187
дрязги	12186
династический	12185
лёгкая	12184
полжизнь	12183
заскорузлый	12182
матиас	12181
капитель	12180
джокер	12179
сожаленье	12178
спутаться	12177
ритейлер	12176
американц	12175
кряк	12174
плаксивый	12173
геральдический	12172
романо	12171
буллз	12170
интернационалист	12169
нарасхват	12168
гонор	12167
накурить	12166
эволюционист	12165
взбодриться	12164
стягиваться	12163
люмпен	12162
жёсткий	12161
даниель	12160
категорий	12159
лацис	12158
эволюционно	12157
детски	12156
защистить	12155
ламповый	12154
экшн	12153
бросание	12152
леся	12151
разогнуться	12150
кинокартина	12149
дэй	12148
никодить	12147
падкий	12146
детсадовский	12145
гистограмма	12144
ргаспи	12143
зашибиться	12142
антисоциальный	12141
гирин	12140
беттина	12139
новодевичий	12138
лон	12137
войнович	12136
дур	12135
лка	12134
фаренгейт	12133
лиззи	12132
молодогвардеец	12131
бесперспективность	12130
засудить	12129
дешифровка	12128
выгод	12127
мимический	12126
репников	12125
нехватать	12124
новостный	12123
напитать	12122
спирс	12121
светофильтр	12120
плешивик	12119
вяч	12118
прохудиться	12117
семипалатинск	12116
ингрид	12115
нок	12114
азиатско	12113
пако	12112
вифлеем	12111
разглагольствование	12110
наскальный	12109
четвёртой	12108
культивирование	12107
дефектология	12106
тетерев	12105
концессионер	12104
сосенка	12103
вермишель	12102
бездеятельность	12101
калмыков	12100
гонзаг	12099
висконсин	12098
ранжирование	12097
жеребьевка	12096
берзин	12095
безвкусица	12094
распугать	12093
почтительность	12092
лесбийский	12091
канны	12090
пч	12089
приспустить	12088
никитина	12087
бакалейный	12086
хрипота	12085
тамарка	12084
полцена	12083
леандр	12082
орнаментальный	12081
флаер	12080
кентукки	12079
нотариат	12078
марокканец	12077
зидан	12076
недружелюбный	12075
впечатляюще	12074
метеостанция	12073
огранка	12072
гривенник	12071
ротонда	12070
бурелом	12069
бритиш	12068
батурина	12067
выменять	12066
семисот	12065
неопасный	12064
словак	12063
тунгусский	12062
самоуверенно	12061
варлам	12060
цдл	12059
смачный	12058
навесный	12057
нетрудоспособный	12056
камышовый	12055
калиночка	12054
гелос	12053
примолкнуть	12052
квнщик	12051
разобщенность	12050
галльский	12049
неокрепнуть	12048
медсанбат	12047
каф	12046
инзенский	12045
наварить	12044
монблан	12043
разное	12042
валидность	12041
славянка	12040
сёстры	12039
разогреться	12038
цзэдун	12037
эдэман	12036
мейл	12035
кть	12034
братислав	12033
аудируемый	12032
отгреметь	12031
кокетка	12030
ошметок	12029
безраздельный	12028
хэри	12027
скороспелый	12026
побеспокоиться	12025
ооп	12024
шпон	12023
исчо	12022
лояльно	12021
простонародный	12020
полуправда	12019
николя	12018
дзот	12017
обкатать	12016
припугнуть	12015
коробочный	12014
подпитие	12013
скоморох	12012
блюм	12011
белофинн	12010
недоброво	12009
пастушок	12008
никелированный	12007
небесно	12006
геня	12005
хитон	12004
вайнер	12003
усский	12002
пущь	12001
потрошить	12000
печурка	11999
скафандра	11998
сюжетно	11997
переломиться	11996
цбк	11995
макарович	11994
федь	11993
ермакова	11992
рассортировать	11991
литвак	11990
стерилизовать	11989
картечь	11988
заика	11987
киш	11986
дистиллированный	11985
бартерный	11984
аид	11983
лампас	11982
авар	11981
слизнуть	11980
лицейский	11979
хинштейн	11978
гогот	11977
ассасин	11976
пшик	11975
отрядить	11974
морозить	11973
хоффман	11972
прибраться	11971
выточить	11970
фрагментация	11969
мгб	11968
дервиша	11967
лар	11966
исидор	11965
сос	11964
прикола	11963
лакан	11962
охуесть	11961
гленн	11960
мормон	11959
оливетти	11958
водно	11957
ципробушек	11956
бренность	11955
ручник	11954
верлибр	11953
переносчик	11952
пеньюар	11951
племенный	11950
девиантный	11949
бетонка	11948
уолдо	11947
малозначительный	11946
морзе	11945
бузина	11944
михайла	11943
умиротворить	11942
донцова	11941
манна	11940
индексный	11939
разгружаться	11938
впотьмах	11937
клеть	11936
противень	11935
сама	11934
породниться	11933
приложимый	11932
приверженный	11931
потсдамский	11930
неуставной	11929
озоновый	11928
сойка	11927
жертво	11926
авангардист	11925
пересдача	11924
обзываться	11923
надутый	11922
полниться	11921
квасить	11920
облагодетельствовать	11919
продраться	11918
нивелировать	11917
фаланг	11916
понурый	11915
ирэн	11914
ренегат	11913
телешоу	11912
порта	11911
папство	11910
вцепляться	11909
ткуда	11908
молодецкий	11907
неаполитанский	11906
жаркое	11905
чный	11904
кайсар	11903
запаковать	11902
выобраться	11901
сгущение	11900
троцкизм	11899
семидесятилетний	11898
коммутационный	11897
фармакологический	11896
нургалиев	11895
чуваш	11894
виндсерфинг	11893
локоток	11892
попаться	11891
вдохновляться	11890
панорамный	11889
девственно	11888
подзарядка	11887
малочисленность	11886
обрядность	11885
транио	11884
четвёртого	11883
сагалаев	11882
наверстывать	11881
амос	11880
былинный	11879
хозяюшка	11878
граничать	11877
смехнуться	11876
дмитровский	11875
морфий	11874
птенчик	11873
сыск	11872
психогенный	11871
несбыться	11870
обуздание	11869
расплющить	11868
невыясненный	11867
пятизвездочный	11866
жаннет	11865
лишайник	11864
недропользование	11863
зип	11862
тля	11861
лишай	11860
тбилисский	11859
елень	11858
ргаля	11857
понаписать	11856
августейший	11855
склеивать	11854
драить	11853
козявка	11852
подсвечивать	11851
отстойный	11850
физиотерапия	11849
планерка	11848
согреваться	11847
масляков	11846
притулиться	11845
отдохновение	11844
оккультист	11843
пегий	11842
переселенческий	11841
смоляной	11840
усмирять	11839
чоп	11838
торлопов	11837
оборотиться	11836
бортко	11835
пики	11834
лифтер	11833
нему	11832
пашков	11831
логарифмический	11830
босоногий	11829
ионизатор	11828
максимка	11827
экстази	11826
вскрываться	11825
селенье	11824
шавка	11823
чертежный	11822
вдавливать	11821
размешать	11820
зоомагазин	11819
телекинез	11818
ангнуть	11817
замочек	11816
плечики	11815
фотик	11814
прослушиваться	11813
зацветать	11812
политех	11811
перепутье	11810
эдикт	11809
палп	11808
щеколда	11807
джентельмен	11806
исповедник	11805
моделироваться	11804
святочный	11803
магма	11802
иллюстративный	11801
вертолёт	11800
имран	11799
элек	11798
рыпаться	11797
венный	11796
разлучаться	11795
ека	11794
обесчестить	11793
крекер	11792
хасидизм	11791
водокачка	11790
стивенсон	11789
гулиев	11788
протаранить	11787
уча	11786
трепещущий	11785
великоватый	11784
взрослость	11783
богомолец	11782
двойняшка	11781
вилсон	11780
бивуак	11779
плотоядный	11778
осетрина	11777
умалить	11776
поперёк	11775
приукрашивать	11774
велизарий	11773
суфийский	11772
выстукивать	11771
расчёта	11770
перегонка	11769
берггольц	11768
ахтунг	11767
комдить	11766
тол	11765
бухарский	11764
заурчать	11763
фурье	11762
сласть	11761
кибитка	11760
баранова	11759
поторговаться	11758
аббас	11757
нежизнеспособный	11756
госаппарат	11755
крофорд	11754
обработчик	11753
бурс	11752
брно	11751
немзер	11750
галаха	11749
необходимое	11748
лепнина	11747
вложиться	11746
пощипывать	11745
чечевица	11744
всколыхнуться	11743
лапина	11742
строжайше	11741
слыхом	11740
культивироваться	11739
елисей	11738
плавность	11737
защить	11736
кварк	11735
кайма	11734
монада	11733
тактически	11732
душещипательный	11731
водосток	11730
телек	11729
шаров	11728
познань	11727
неблагоприятно	11726
известись	11725
расщепить	11724
матчасть	11723
часами	11722
коленька	11721
антиглобалист	11720
десертный	11719
худосочный	11718
наложиться	11717
обеспокоиться	11716
диссоциация	11715
дездемона	11714
февр	11713
непримиримость	11712
якушев	11711
фомич	11710
шалтай	11709
милок	11708
ингосстрах	11707
паблито	11706
правоприменение	11705
альтруистический	11704
обморожение	11703
байесовский	11702
сеятель	11701
кус	11700
подобострастно	11699
внематочный	11698
моторчик	11697
сун	11696
одеревенеть	11695
переигрывать	11694
ххх	11693
жиль	11692
демьян	11691
джарег	11690
гаранин	11689
райотдел	11688
дневный	11687
субтропический	11686
удостаивать	11685
торфяной	11684
катетер	11683
треножник	11682
лаплас	11681
сновидец	11680
рыков	11679
махно	11678
ильхам	11677
вперить	11676
грымов	11675
нэкс	11674
драконовский	11673
рытье	11672
изолированность	11671
почтмейстер	11670
макаронный	11669
бойкотировать	11668
преуменьшать	11667
обезболивать	11666
клаксон	11665
надуваться	11664
отбрасываться	11663
бесконтрольно	11662
спиридон	11661
резус	11660
скан	11659
ры	11658
окись	11657
питон	11656
ахмедов	11655
бремен	11654
измятый	11653
расшитый	11652
пресмыкаться	11651
чмок	11650
нелькин	11649
контратаковать	11648
чиф	11647
вербицкий	11646
школяр	11645
слов	11644
када	11643
углич	11642
стручок	11641
конченый	11640
эрзац	11639
кардиологический	11638
генплан	11637
изворачиваться	11636
завитушка	11635
гринев	11634
алушта	11633
очуметь	11632
преосвященный	11631
общепризнать	11630
пугливо	11629
коуз	11628
тимофеевна	11627
урание	11626
сгущать	11625
лизин	11624
ботвинник	11623
шуша	11622
невидимо	11621
декламация	11620
босяк	11619
дзержинск	11618
ластик	11617
заработка	11616
необработанный	11615
ишемический	11614
дукат	11613
сплетать	11612
тотализатор	11611
одногруппник	11610
кинолог	11609
сервировка	11608
сырный	11607
оэз	11606
худломер	11605
распалить	11604
карандашик	11603
верити	11602
взволнованный	11601
диспетчерская	11600
умиротворенный	11599
куин	11598
баптистский	11597
соотнесенность	11596
коммодор	11595
митрич	11594
изобрать	11593
излюбить	11592
уно	11591
формул	11590
керрик	11589
ездовой	11588
узорный	11587
бурмистров	11586
дженкинс	11585
вкатить	11584
солнцепек	11583
амб	11582
расчленять	11581
зис	11580
нейро	11579
гуляка	11578
размотать	11577
амбарный	11576
блефовать	11575
обрядовой	11574
эссен	11573
кулинич	11572
мерилин	11571
вытираться	11570
фантасмагория	11569
корелли	11568
басё	11567
резанов	11566
таб	11565
лапароскопический	11564
прозябание	11563
здравница	11562
турка	11561
суперсовременный	11560
искорежить	11559
клепать	11558
распрямить	11557
каунас	11556
универсализм	11555
мап	11554
подстраховка	11553
нацеливать	11552
воронок	11551
приготавливаться	11550
разброд	11549
отчаливать	11548
конина	11547
эксплуататорский	11546
осуждающе	11545
табельный	11544
орлеанский	11543
есаул	11542
суматошный	11541
припухнуть	11540
горелов	11539
ферган	11538
тройственный	11537
измываться	11536
разогреваться	11535
палеолог	11534
наперсток	11533
новорусский	11532
пати	11531
отвоевывать	11530
высокоблагородие	11529
персонификация	11528
переползать	11527
еня	11526
приличествовать	11525
разболтать	11524
вячеславовна	11523
бомбардир	11522
монохромный	11521
шанцев	11520
ростовщичество	11519
опционный	11518
днем	11517
сарычев	11516
проторить	11515
непроизводительный	11514
голенький	11513
паслать	11512
магнитосфера	11511
крымско	11510
акимова	11509
шерил	11508
уничижительный	11507
овна	11506
церемонно	11505
мет	11504
кинохроника	11503
подложка	11502
бойфренд	11501
очиститель	11500
лёгкостью	11499
голубовато	11498
отделенный	11497
подлечить	11496
двухгодичный	11495
поиграться	11494
техобслуживание	11493
корчак	11492
лита	11491
врун	11490
блаженствовать	11489
засеменить	11488
гучков	11487
гримасничать	11486
дегенерат	11485
роттердам	11484
пересидеть	11483
саентология	11482
мономах	11481
сержантский	11480
дрессированный	11479
святейшество	11478
дубок	11477
плацкарта	11476
вплетаться	11475
маркони	11474
верой	11473
фудж	11472
типизация	11471
подпасть	11470
закрадываться	11469
славнефть	11468
увядание	11467
повидло	11466
связно	11465
лица	11464
смеральдина	11463
терние	11462
маковый	11461
неть	11460
каверин	11459
отогреть	11458
суар	11457
скаутский	11456
парка	11455
акселератор	11454
артобстрел	11453
считыватель	11452
галлен	11451
авва	11450
глинобитный	11449
зондирование	11448
праздно	11447
мультипликационный	11446
распаляться	11445
кливленд	11444
лабковский	11443
эддя	11442
подменяться	11441
орошать	11440
инвестиционно	11439
обесценить	11438
услужить	11437
конник	11436
ивать	11435
бивень	11434
панова	11433
сошка	11432
дворняжка	11431
перевёл	11430
заражаться	11429
банить	11428
перевыполнить	11427
госнаркоконтроль	11426
галлас	11425
гранин	11424
целить	11423
мезонин	11422
чайная	11421
гнусно	11420
сырцов	11419
претендентка	11418
самокрутка	11417
георгес	11416
лемур	11415
барахлить	11414
хед	11413
медалист	11412
распылять	11411
четырехэтажный	11410
штукин	11409
эсперанто	11408
необъективный	11407
полифонический	11406
непричастность	11405
нашпиговать	11404
лилиан	11403
неброский	11402
диомед	11401
изворотливость	11400
мореход	11399
ядвиг	11398
дутый	11397
исступленно	11396
страшненький	11395
талончик	11394
торн	11393
розово	11392
вульгарность	11391
кропотливо	11390
центрист	11389
подпол	11388
ремарк	11387
белоснежка	11386
керн	11385
бош	11384
ош	11383
третьяковка	11382
мэдлин	11381
скалка	11380
распрямляться	11379
туп	11378
бенвенуто	11377
чирков	11376
расщеплять	11375
нешто	11374
софокл	11373
эльзас	11372
стройплощадка	11371
грета	11370
полуавтоматический	11369
перерабатываться	11368
поспрашивать	11367
нанизывать	11366
гаденыш	11365
крепчать	11364
кутеж	11363
непригодность	11362
зарр	11361
разоружить	11360
паррезия	11359
дидактика	11358
стилет	11357
шаманство	11356
обличитель	11355
тюрок	11354
инъекционный	11353
назарет	11352
кепочка	11351
целочисленный	11350
развенчать	11349
копытце	11348
демагогический	11347
овечкин	11346
экстрадиция	11345
берендеев	11344
мобиль	11343
сотр	11342
чёрта	11341
замычать	11340
екнуть	11339
отбивной	11338
синенький	11337
объедки	11336
обматывать	11335
мстительно	11334
плохонький	11333
завышение	11332
мирь	11331
риэлтер	11330
клименко	11329
перекачивать	11328
шрапнель	11327
фолкон	11326
снеговик	11325
вертер	11324
бараев	11323
шефство	11322
отапливать	11321
насмарку	11320
веселие	11319
оптоволоконный	11318
петраков	11317
трип	11316
маттиас	11315
кондрат	11314
пинг	11313
отписка	11312
фукс	11311
мертво	11310
заложница	11309
истосковаться	11308
ввц	11307
черпак	11306
рыболовецкий	11305
соевой	11304
сматывать	11303
солярий	11302
каманин	11301
зардеться	11300
мужчин	11299
гераклит	11298
стылый	11297
визбор	11296
самоходка	11295
диадема	11294
лабрадор	11293
печерский	11292
тиснение	11291
както	11290
инфантилизм	11289
пунш	11288
конверс	11287
бреть	11286
нефедов	11285
отваливать	11284
электромеханический	11283
седня	11282
дезинтеграция	11281
полуобнаженный	11280
бритвенный	11279
опрокидываться	11278
четвёртом	11277
ретивый	11276
примерзнуть	11275
раздевание	11274
сторицей	11273
потек	11272
амстердамский	11271
драчун	11270
патетика	11269
гречко	11268
проон	11267
ошарасить	11266
коммуникабельность	11265
уточка	11264
накидать	11263
спроецировать	11262
украшаться	11261
подкашиваться	11260
незаконнорожденный	11259
несогласованность	11258
кга	11257
теософия	11256
шеврон	11255
начальствующий	11254
перестук	11253
папайя	11252
фифа	11251
буденновск	11250
сексопатолог	11249
рецептура	11248
неуязвимость	11247
подделывать	11246
экспо	11245
нейтрид	11244
джда	11243
прорисовать	11242
софист	11241
отлов	11240
интуит	11239
нестеренко	11238
припечатать	11237
крестец	11236
асинхронный	11235
тепловыделение	11234
этта	11233
распределитель	11232
свататься	11231
кружение	11230
кака	11229
эмильевич	11228
коллаген	11227
квакать	11226
выкройка	11225
злодейский	11224
наружка	11223
вертлявый	11222
маргаритка	11221
компенсаторный	11220
подстроиться	11219
паттерна	11218
тулеев	11217
метелкин	11216
берём	11215
мутко	11214
крамола	11213
дифирамба	11212
электродинамика	11211
прозаичный	11210
расцветить	11209
покровительственно	11208
регулирующий	11207
дублироваться	11206
комнатенка	11205
смотровый	11204
русаков	11203
островной	11202
судачить	11201
грошовый	11200
тёплая	11199
человеко	11198
тарый	11197
врека	11196
пролактин	11195
ивнуть	11194
шпенглер	11193
бангладеш	11192
вишенка	11191
жильбер	11190
булыжный	11189
ворс	11188
дисконт	11187
хрусталик	11186
разжевать	11185
карпентер	11184
аса	11183
неубедительно	11182
торчком	11181
серечь	11180
урывками	11179
лоббистский	11178
зе	11177
салун	11176
ловкач	11175
скрадывать	11174
недвижный	11173
питерс	11172
пестрить	11171
истица	11170
фло	11169
верст	11168
повременный	11167
валка	11166
энергетически	11165
сетчатый	11164
маринетти	11163
клеенчатый	11162
бобовый	11161
завершенный	11160
рега	11159
вжиться	11158
манхеттен	11157
злорадствовать	11156
востро	11155
полтина	11154
макроуровень	11153
комментирование	11152
досадить	11151
сосновка	11150
роспотребнадзор	11149
вольготно	11148
подучить	11147
заиграться	11146
приболеть	11145
едко	11144
неуч	11143
этый	11142
недель	11141
отшучиваться	11140
уместить	11139
обесценение	11138
авалс	11137
даровитый	11136
обособленность	11135
фсенаховать	11134
подточить	11133
нюрка	11132
северсталь	11131
растегать	11130
биомасса	11129
обольстительный	11128
удушить	11127
радиоэлектроника	11126
обезоруживать	11125
осмеять	11124
посткоммунистический	11123
хантингтон	11122
повздорить	11121
дьяков	11120
трехчасовой	11119
мешков	11118
гипоксия	11117
инсинуация	11116
шатание	11115
ласкаться	11114
трансграничный	11113
экранчик	11112
завадский	11111
приветливость	11110
сталелитейный	11109
половить	11108
наркозависимый	11107
деспотия	11106
респираторный	11105
базальтовый	11104
работорговец	11103
морозилка	11102
ворейский	11101
рекрутинговый	11100
распорядительный	11099
сухарев	11098
трудоемкость	11097
пофигизм	11096
гонитель	11095
шизофренический	11094
голда	11093
наощупь	11092
цейтнот	11091
учащаться	11090
свара	11089
стендаль	11088
факультетский	11087
складочка	11086
отсмеяться	11085
опросный	11084
замерять	11083
бланка	11082
парадоксальность	11081
пантеры	11080
балло	11079
укутывать	11078
распылить	11077
глухомань	11076
бойл	11075
маттис	11074
разгибаться	11073
спольдинг	11072
гардемарин	11071
грезиться	11070
пушков	11069
автостопщик	11068
занижать	11067
усман	11066
сработаться	11065
кроу	11064
примечать	11063
ковёр	11062
путеводной	11061
демея	11060
узловатый	11059
куть	11058
тунец	11057
отмерять	11056
феррит	11055
необъяснимо	11054
отупение	11053
волшебно	11052
пуховой	11051
уделать	11050
таранить	11049
чаренц	11048
правополушарный	11047
конни	11046
крюкова	11045
потрескивание	11044
вздыбиться	11043
навешать	11042
матросов	11041
кала	11040
бога	11039
молох	11038
дрейк	11037
самоирония	11036
наталкивать	11035
швейка	11034
нигер	11033
хоминоид	11032
диабетик	11031
наливайко	11030
самойлович	11029
гарсиа	11028
закатываться	11027
казанец	11026
лакомиться	11025
хвостов	11024
эсхатологический	11023
жбан	11022
отмен	11021
триггер	11020
адресок	11019
мудрить	11018
метеоритный	11017
эскулап	11016
осол	11015
приемлемость	11014
выпас	11013
раскладываться	11012
переадресация	11011
прощупывать	11010
арефьева	11009
лордый	11008
аксененко	11007
выгладить	11006
расквартировать	11005
хэш	11004
приветственно	11003
анунн	11002
присест	11001
прострать	11000
гарцевать	10999
беспошлинный	10998
стэнтон	10997
полуночный	10996
полесье	10995
тьюринг	10994
шашков	10993
центральноазиатский	10992
микрона	10991
эмпатия	10990
затрас	10989
атипичный	10988
обсадить	10987
бесчестие	10986
делянка	10985
хомо	10984
депозитный	10983
владимиро	10982
норкин	10981
нерыночный	10980
майоров	10979
етить	10978
пукнуть	10977
упирать	10976
опорно	10975
прос	10974
съем	10973
бодифлекс	10972
ромать	10971
ривер	10970
бросовый	10969
обжигаться	10968
раш	10967
похваляться	10966
межмуниципальный	10965
тонька	10964
эменбергер	10963
осторожничать	10962
опустошенность	10961
гладков	10960
упреждающий	10959
засылать	10958
пагубно	10957
агс	10956
киммериец	10955
гриффиндор	10954
самба	10953
ярмарочный	10952
сбрасывание	10951
неслыханно	10950
фландрия	10949
меркулов	10948
маячок	10947
непрозрачность	10946
лесничего	10945
пятиминутный	10944
прялка	10943
притуплять	10942
фей	10941
неконкурентоспособный	10940
хахаль	10939
иф	10938
струан	10937
жалобщик	10936
хоуторн	10935
однотонный	10934
отереть	10933
валют	10932
уборочный	10931
зашифрованный	10930
романтически	10929
попереться	10928
белила	10927
торпедоносец	10926
колёс	10925
мов	10924
енто	10923
бестужева	10922
группировать	10921
домбровский	10920
пробрать	10919
куликовский	10918
авиабомба	10917
бардачок	10916
мороженный	10915
уголовщина	10914
обиходный	10913
располнеть	10912
фугасный	10911
ирит	10910
радаманов	10909
хламидиоз	10908
податель	10907
гальперин	10906
озорно	10905
нарколог	10904
эмбриональный	10903
слепнуть	10902
досчитать	10901
полночный	10900
мазохистский	10899
федоровый	10898
утлый	10897
шкод	10896
душок	10895
перевязочный	10894
намаз	10893
вахмистр	10892
перекачка	10891
руан	10890
комбинирование	10889
отпевать	10888
сэнсэй	10887
раскованность	10886
талейран	10885
забвенье	10884
миронович	10883
герда	10882
маккаби	10881
постыдиться	10880
дауд	10879
рагу	10878
отмашка	10877
отчуждать	10876
бражка	10875
прибечь	10874
анисья	10873
ниязов	10872
фиксирование	10871
белиберда	10870
пароходный	10869
аристократизм	10868
гладкоствольный	10867
автоколонна	10866
башмачок	10865
игнатьевна	10864
спиртовой	10863
разгильдяй	10862
нянь	10861
пандус	10860
вивальди	10859
пингвины	10858
отворяться	10857
ямамото	10856
басс	10855
гребенников	10854
запечатлевать	10853
сопоставляться	10852
чужеродной	10851
отродье	10850
тимоша	10849
остервенело	10848
мореходный	10847
ханта	10846
юна	10845
неразглашение	10844
отломить	10843
выгибаться	10842
инвариантный	10841
заполночь	10840
насест	10839
оклеить	10838
безделица	10837
дотягиваться	10836
заместо	10835
рамба	10834
хлопотливый	10833
бенни	10832
полузабытый	10831
околеть	10830
андорра	10829
утрамбовать	10828
ряженый	10827
речесть	10826
юрочка	10825
отчина	10824
ведерников	10823
тагор	10822
грудка	10821
мародерство	10820
робертсон	10819
газоснабжение	10818
повелительно	10817
звенигород	10816
фатализм	10815
провозить	10814
фитосанитарный	10813
вынюхивать	10812
уа	10811
оттирать	10810
запуститься	10809
адвокатура	10808
термы	10807
двухмерный	10806
головкин	10805
транш	10804
перекусывать	10803
еврокомиссия	10802
исп	10801
снаряжать	10800
танкетка	10799
бельский	10798
треклятый	10797
чеканный	10796
приткнуться	10795
фаррелл	10794
многоцелевой	10793
вламываться	10792
полность	10791
сенешаль	10790
проскрипеть	10789
проигрышный	10788
туапсе	10787
вост	10786
мотивироваться	10785
ветровка	10784
тяжеловатый	10783
потворствовать	10782
китч	10781
выездный	10780
евролига	10779
резень	10778
бонни	10777
красивость	10776
кэширование	10775
дива	10774
световый	10773
силовый	10772
степ	10771
отвес	10770
насаживать	10769
эгрегор	10768
рассекретить	10767
направляющий	10766
клетушка	10765
масштабируемость	10764
джемаль	10763
съедение	10762
приспособленность	10761
галерка	10760
просыхать	10759
киз	10758
продекламировать	10757
баскервиль	10756
озразить	10755
инкарнация	10754
самоубийственный	10753
толстушка	10752
чкаловский	10751
плева	10750
венька	10749
засим	10748
флагшток	10747
брильянт	10746
неутолимый	10745
франческо	10744
хавьер	10743
ворей	10742
задымить	10741
напеть	10740
затариться	10739
прелый	10738
токсичность	10737
въесться	10736
моська	10735
отцепиться	10734
хулия	10733
разъясняться	10732
якир	10731
нефрит	10730
трудодень	10729
декларирование	10728
рубашечка	10727
возблагодарить	10726
странствующий	10725
тихоня	10724
традиционалист	10723
вь	10722
джилл	10721
авантюризм	10720
наудачу	10719
популяризатор	10718
баловень	10717
догматизм	10716
придурковатый	10715
галера	10714
хартманн	10713
клубничка	10712
кофеек	10711
уля	10710
накипь	10709
молозиво	10708
приютиться	10707
тяжелобольной	10706
одиннадцатилетний	10705
цивилизовать	10704
седрик	10703
сарь	10702
замазывать	10701
замша	10700
чудский	10699
таганок	10698
ультрафиолет	10697
воорудить	10696
ковровский	10695
кандинский	10694
татищев	10693
подвальчик	10692
гия	10691
фапси	10690
приватизационный	10689
раскапывать	10688
разомлеть	10687
вычитывать	10686
непромокаемый	10685
прямолинейность	10684
фёдорович	10683
смолин	10682
сплин	10681
поземка	10680
обертон	10679
замызгать	10678
баскаков	10677
метрология	10676
заплетать	10675
немирович	10674
рсдрп	10673
полоть	10672
скручивание	10671
тауэр	10670
гришковец	10669
хендрикс	10668
оголодать	10667
радиозритель	10666
вылов	10665
бесчеловечность	10664
аполлинер	10663
аписать	10662
магистерский	10661
хаттон	10660
иезекииль	10659
ниссан	10658
одурь	10657
сватать	10656
оленин	10655
соринка	10654
вафля	10653
хостел	10652
токарева	10651
курий	10650
привозной	10649
напихать	10648
нейтрино	10647
айвазовский	10646
откр	10645
бытийный	10644
сцапать	10643
наносный	10642
има	10641
подстелить	10640
поисково	10639
маарал	10638
тяпнуть	10637
подстригать	10636
унизительно	10635
летоисчисление	10634
польститься	10633
тросточка	10632
детдомовский	10631
дельтаплан	10630
герметический	10629
связанность	10628
брюллов	10627
приглашенный	10626
многоголосый	10625
имплантация	10624
нагишом	10623
покритиковать	10622
заклинатель	10621
приходный	10620
олонецкий	10619
шанжировка	10618
комбикорм	10617
дирижерский	10616
симферопольский	10615
байда	10614
шляхта	10613
гамбит	10612
расстрельный	10611
безверие	10610
вызреть	10609
спусковый	10608
сварганить	10607
деформироваться	10606
травин	10605
тевтонский	10604
вершинный	10603
оправляться	10602
мариэтта	10601
пикантность	10600
копание	10599
эссенция	10598
меть	10597
курочкин	10596
излет	10595
свт	10594
ручейник	10593
непризнание	10592
касательная	10591
укрощение	10590
бессодержательный	10589
связьинвест	10588
усматриваться	10587
трезубец	10586
подавляющий	10585
зарубин	10584
шол	10583
косолапый	10582
тос	10581
писчий	10580
схематичный	10579
благодетельный	10578
дроу	10577
юрфак	10576
альберто	10575
эле	10574
гульнара	10573
инспирировать	10572
енукидзе	10571
сминать	10570
кагор	10569
бледнолицый	10568
стимула	10567
нахохлиться	10566
рмиллиграмм	10565
сидорович	10564
винтер	10563
распроститься	10562
шумпетер	10561
валидатор	10560
ростовцев	10559
конвенциональный	10558
тресня	10557
круглово	10556
хлебобулочный	10555
противопехотный	10554
прогиб	10553
гонорея	10552
групп	10551
желательность	10550
асгард	10549
бугристый	10548
леденящий	10547
незаконность	10546
этнология	10545
распутство	10544
томография	10543
выхаживать	10542
рублик	10541
дискретность	10540
всеслав	10539
подхалим	10538
апн	10537
елисавета	10536
поссать	10535
фили	10534
рос	10533
наметка	10532
транзисторный	10531
ланит	10530
жа	10529
равномерность	10528
забредать	10527
крайнов	10526
таро	10525
вделать	10524
широков	10523
опохмелиться	10522
затенить	10521
наполненность	10520
клэптон	10519
ладушка	10518
дивергенция	10517
доводка	10516
необременительный	10515
удуший	10514
озвучка	10513
фонсик	10512
базиль	10511
ангажировать	10510
свиный	10509
недальновидный	10508
лукницкий	10507
въедливый	10506
таксофон	10505
фьорд	10504
лесопилка	10503
облицовать	10502
народнохозяйственный	10501
агентский	10500
антарктика	10499
галлия	10498
кулацкий	10497
растный	10496
неучастие	10495
шуровать	10494
насупить	10493
натужный	10492
крон	10491
отчужденный	10490
симулякр	10489
зелёным	10488
интелефон	10487
асти	10486
людендорф	10485
похоронка	10484
каракатица	10483
определённое	10482
лузянин	10481
русанов	10480
фибо	10479
рокотов	10478
наставительно	10477
бруенор	10476
монополизм	10475
шестидесятилетний	10474
тюбетейка	10473
отгрузить	10472
жокей	10471
прокачка	10470
вполоборота	10469
цапнуть	10468
взвизгивать	10467
брагин	10466
мгту	10465
призрение	10464
карачки	10463
психотехника	10462
русская	10461
подогреваться	10460
прокормиться	10459
рогожский	10458
нолик	10457
подстаканник	10456
кй	10455
фактория	10454
турник	10453
владык	10452
услужение	10451
неопровержимо	10450
безвестность	10449
этик	10448
ильина	10447
маковицкий	10446
отбегать	10445
василенко	10444
полукровка	10443
книжонка	10442
перерождаться	10441
штыковой	10440
кф	10439
мариуполь	10438
холодец	10437
надрывный	10436
урбан	10435
течка	10434
рендеринг	10433
устрашающий	10432
присмиреть	10431
священнический	10430
уразумение	10429
хичкок	10428
спровадить	10427
бэтмен	10426
вышивание	10425
обмазать	10424
помутнение	10423
уменье	10422
хейм	10421
непонимать	10420
отписаться	10419
нарн	10418
нареча	10417
спринт	10416
перевозиться	10415
антагонистический	10414
подкидыш	10413
психоневрологический	10412
маменькин	10411
кипелов	10410
джил	10409
ненавистник	10408
комэск	10407
акмола	10406
дальновидение	10405
цао	10404
зададиться	10403
кеслер	10402
салютовать	10401
кумыс	10400
упитать	10399
победоносец	10398
розен	10397
отмежеваться	10396
черкесский	10395
жёстко	10394
предъявленный	10393
произвольность	10392
горбовский	10391
шампиньон	10390
альфредо	10389
политологический	10388
спот	10387
конфа	10386
ликвидатор	10385
устюжский	10384
люксембургский	10383
прожженный	10382
щеголь	10381
кинопроизводство	10380
подпитываться	10379
окропить	10378
несгораемый	10377
консервировать	10376
переполниться	10375
распродавать	10374
эсхил	10373
берри	10372
кожанка	10371
твист	10370
наливка	10369
зенитно	10368
швыряться	10367
традиционализм	10366
приглушенный	10365
смилостивиться	10364
воровато	10363
мужеский	10362
кухонька	10361
наглотаться	10360
посылаться	10359
греков	10358
парнас	10357
упомянутый	10356
антиохийский	10355
циркулярный	10354
безвоздушный	10353
силенка	10352
гортензио	10351
попков	10350
намерить	10349
блисс	10348
пивоварня	10347
проводимый	10346
петенька	10345
странница	10344
вагонетка	10343
эвенкийский	10342
бутово	10341
дубин	10340
квотирование	10339
наперекосяк	10338
закругляться	10337
мажилис	10336
утепление	10335
стэнфорд	10334
волкова	10333
хилтон	10332
весенне	10331
кожевенный	10330
пипетка	10329
древовидный	10328
шампур	10327
причмокивать	10326
людский	10325
иоан	10324
кодак	10323
окаймлять	10322
переписывание	10321
акико	10320
апа	10319
всеядный	10318
янтр	10317
оплести	10316
чёрными	10315
зеница	10314
мусин	10313
павлуша	10312
стремный	10311
лицемерно	10310
резонатор	10309
метроном	10308
повезёт	10307
восстановленный	10306
лепиться	10305
сострат	10304
впридачу	10303
алгоритмический	10302
рисовальщик	10301
перевалка	10300
затылочный	10299
вив	10298
посёлок	10297
межотраслевой	10296
вестибулярный	10295
бусин	10294
хреновина	10293
дефективный	10292
постелька	10291
противу	10290
опротиветь	10289
сепсис	10288
данон	10287
кася	10286
прозвание	10285
горюнов	10284
сердить	10283
солнец	10282
хомякнуть	10281
пропищать	10280
амеба	10279
измельчить	10278
штефан	10277
атас	10276
рамм	10275
лесин	10274
вертолетчик	10273
лель	10272
перегораживать	10271
милитаризация	10270
арбалетчик	10269
тождественность	10268
рахимов	10267
нацбанк	10266
визгливо	10265
пуаро	10264
зесть	10263
высокопарный	10262
колышек	10261
обморозить	10260
поймёте	10259
колличество	10258
наци	10257
прищемить	10256
рю	10255
нездоровиться	10254
подкараулить	10253
переселять	10252
анастасие	10251
тобы	10250
отягчать	10249
отсеивать	10248
проталкиваться	10247
наркоманка	10246
переиначить	10245
морок	10244
соломатин	10243
дембский	10242
позывной	10241
популяризировать	10240
скуластый	10239
остоженка	10238
неурочный	10237
приободрить	10236
шахтный	10235
крейг	10234
застирать	10233
златый	10232
редуцировать	10231
бесславно	10230
козочка	10229
проблемка	10228
сардиния	10227
растрескаться	10226
производственник	10225
сеченов	10224
противовоспалительный	10223
надёжно	10222
мурашов	10221
крючковатый	10220
межкультурный	10219
космы	10218
судовладелец	10217
рессора	10216
маньчжурский	10215
разметить	10214
расточительность	10213
салим	10212
суперлига	10211
экстрасенсорный	10210
позванивать	10209
равнение	10208
перекатывать	10207
авокадо	10206
замах	10205
ольшой	10204
щекотка	10203
легковерный	10202
керосинка	10201
остепениться	10200
атф	10199
выкатывать	10198
перевалиться	10197
боярышник	10196
северокавказский	10195
сосунок	10194
удовлетворенный	10193
джерси	10192
фракия	10191
безотлагательный	10190
обживать	10189
сговорчивый	10188
керимов	10187
антошка	10186
всклокочить	10185
илюха	10184
мобить	10183
тачанка	10182
садово	10181
убоп	10180
пятидесятилетие	10179
ханис	10178
тайванец	10177
страсбургский	10176
патриция	10175
сучий	10174
брэндинг	10173
робормотать	10172
люб	10171
альба	10170
викарий	10169
клаустрофобия	10168
гегемон	10167
рекреационный	10166
маржинальный	10165
багроветь	10164
домкрат	10163
наглеть	10162
цецилия	10161
охотский	10160
октябренок	10159
пилинг	10158
двадцатипятилетний	10157
неназванный	10156
манилов	10155
блаватский	10154
смотрение	10153
ротовой	10152
тиль	10151
кума	10150
перекурить	10149
игнатов	10148
коучинг	10147
серпилин	10146
родненький	10145
простереть	10144
пдк	10143
маркевич	10142
голодуха	10141
удалец	10140
порулить	10139
москит	10138
отсев	10137
блокнотик	10136
люченцио	10135
просесть	10134
робер	10133
стукаться	10132
чурбан	10131
окромя	10130
подавленный	10129
расслабленный	10128
зомбировать	10127
образумить	10126
малороссия	10125
пис	10124
кратность	10123
перегибать	10122
усыновлять	10121
аккредитив	10120
противное	10119
скупщик	10118
пересаживать	10117
сталинист	10116
педикюр	10115
виз	10114
накрутка	10113
толмач	10112
шерстка	10111
кипятильник	10110
маломощный	10109
термодинамический	10108
кострище	10107
осон	10106
хорстен	10105
гуманно	10104
наркозависимость	10103
сродниться	10102
прародина	10101
затаскать	10100
апример	10099
чейни	10098
отшатываться	10097
серБия	10096
столыпинский	10095
смердеть	10094
физкультурник	10093
белль	10092
глифосат	10091
заскрежетать	10090
вайолет	10089
пзс	10088
инакомыслящий	10087
штормить	10086
картавить	10085
рядок	10084
косов	10083
проморгать	10082
соломонов	10081
библиотековедение	10080
пристегнуться	10079
симптоматичный	10078
неконтролировать	10077
втыкаться	10076
дрыгать	10075
сайгак	10074
побелка	10073
нижегородец	10072
кипер	10071
пек	10070
вермонт	10069
агамемнон	10068
аннексия	10067
доделывать	10066
электротехника	10065
болдуин	10064
зарецкой	10063
эрис	10062
эмуляция	10061
имбирь	10060
метля	10059
бундестаг	10058
словообразовательный	10057
колонный	10056
ситников	10055
инспекционный	10054
эт	10053
пособничество	10052
перекопать	10051
отсортировать	10050
кареть	10049
нехарактерный	10048
ячменев	10047
потряхивать	10046
тропик	10045
пропускаться	10044
лександр	10043
самонаблюдение	10042
приплод	10041
уместность	10040
ретранслятор	10039
знаться	10038
прокрадываться	10037
коптилка	10036
импэксбанк	10035
подустать	10034
зациклиться	10033
якубович	10032
слаженность	10031
стушеваться	10030
проигрываться	10029
кро	10028
корпусной	10027
разбредаться	10026
мэРин	10025
скетч	10024
щебет	10023
кендрик	10022
эндрюс	10021
самойлова	10020
рулет	10019
поднадоесть	10018
лл	10017
мозговый	10016
факсимильный	10015
стариков	10014
переформулировать	10013
живёте	10012
придел	10011
стартап	10010
отсека	10009
креспина	10008
лимитировать	10007
испрашивать	10006
сошёл	10005
магистрат	10004
гилберт	10003
райли	10002
чистоплотный	10001
поношение	10000
мусася	9999
междоусобица	9998
диор	9997
икарус	9996
преувеличенный	9995
осадчий	9994
разжаться	9993
триумвират	9992
дейвид	9991
шопинг	9990
проплатить	9989
рахит	9988
гово	9987
посредственно	9986
ряска	9985
разродиться	9984
вороватый	9983
аддон	9982
могор	9981
енакиев	9980
проветрить	9979
паспортно	9978
преклониться	9977
режиссёра	9976
ешить	9975
радек	9974
бота	9973
нокаутировать	9972
напугаться	9971
паттон	9970
сутр	9969
неплотно	9968
шустер	9967
эрудированный	9966
подвенечный	9965
бретонец	9964
печорский	9963
гурик	9962
мехи	9961
гв	9960
хрусталев	9959
разноплановый	9958
вадимович	9957
злато	9956
мори	9955
заворочаться	9954
щелочь	9953
фогель	9952
арчибальд	9951
амальрик	9950
петтинг	9949
возгордиться	9948
лысов	9947
донован	9946
сюрреалист	9945
воспылать	9944
псс	9943
злотый	9942
шакьямуни	9941
ского	9940
макгрегор	9939
котовский	9938
кинооператор	9937
ежевика	9936
шеридать	9935
съеть	9934
плодомасов	9933
сучить	9932
сюсюкать	9931
макак	9930
выжидающе	9929
поссорить	9928
парапсихология	9927
чепрага	9926
коринфянин	9925
гепард	9924
лженаука	9923
херсон	9922
раскалиться	9921
выпекать	9920
заплывать	9919
степанова	9918
пенни	9917
вспухнуть	9916
кочетков	9915
нашатырь	9914
утоптать	9913
нетто	9912
каждодневно	9911
неприязненно	9910
шатенка	9909
какойто	9908
колониализм	9907
обособить	9906
отсебятина	9905
пиарить	9904
отмазаться	9903
фотокопия	9902
туник	9901
меновый	9900
кронос	9899
материнка	9898
стенька	9897
удалой	9896
боттичелли	9895
шарлатанство	9894
отхлынуть	9893
безотлагательно	9892
популярнейший	9891
мелдон	9890
гидрокостюм	9889
мишенька	9888
припасать	9887
табачок	9886
дыхнуть	9885
канарский	9884
оборачиваемость	9883
мшэра	9882
або	9881
извернуться	9880
упокоить	9879
безвинный	9878
рекламно	9877
распарить	9876
уксусный	9875
ших	9874
див	9873
мильтон	9872
психотический	9871
зд	9870
расчетливо	9869
надрывно	9868
крякать	9867
оборка	9866
гомерический	9865
волхов	9864
сиделец	9863
рудис	9862
забывчивый	9861
вынашивание	9860
петрарка	9859
любищев	9858
ольшанский	9857
разметаться	9856
гесса	9855
минометчик	9854
ратник	9853
изваять	9852
неконституционный	9851
уникум	9850
освежиться	9849
прогадать	9848
иодать	9847
сивков	9846
стращать	9845
рози	9844
клюка	9843
каскадер	9842
калейн	9841
акробатика	9840
леони	9839
навылет	9838
зося	9837
коро	9836
молитвенно	9835
дмитров	9834
мсо	9833
святить	9832
зазеркальный	9831
нелька	9830
вырост	9829
сморить	9828
бердо	9827
фарадей	9826
лужин	9825
скрыто	9824
обществить	9823
концентратор	9822
тавернуть	9821
неаккуратный	9820
озвучивание	9819
уолли	9818
проиграться	9817
операционка	9816
ностальжи	9815
выкорчевать	9814
робота	9813
бензовоз	9812
лье	9811
эф	9810
мимоза	9809
бесчестье	9808
гербарий	9807
безголовый	9806
водонепроницаемый	9805
престон	9804
касси	9803
саботировать	9802
подработка	9801
краснопресненский	9800
брудершафт	9799
талдычить	9798
сподручный	9797
орнитолог	9796
гробовщик	9795
беспризорность	9794
безобидно	9793
людская	9792
заключённых	9791
разделывать	9790
клодин	9789
искус	9788
прёт	9787
мечтательность	9786
ремя	9785
помор	9784
гирудотерапия	9783
гершель	9782
дашкова	9781
универсам	9780
берётся	9779
немерять	9778
архипастырь	9777
орвь	9776
менингит	9775
шевцов	9774
честертон	9773
дуалистический	9772
позориться	9771
алексис	9770
крут	9769
интранет	9768
антипов	9767
тойнби	9766
жосс	9765
басист	9764
ратманский	9763
сухонький	9762
остерман	9761
гипогликемия	9760
накрываться	9759
шулец	9758
всезнающий	9757
неподконтрольный	9756
немигающий	9755
жёны	9754
браконьерство	9753
увильнуть	9752
отсоединить	9751
тяжёлым	9750
кутузка	9749
хронометраж	9748
употребительный	9747
илюшин	9746
надломить	9745
мотоциклетный	9744
фигурально	9743
одитинг	9742
заболоцкий	9741
трубчатый	9740
толкин	9739
подбрать	9738
кофей	9737
сансар	9736
церемониал	9735
диаспор	9734
пригожий	9733
окопный	9732
омментария	9731
теннесси	9730
проказить	9729
алания	9728
беспрекословный	9727
подорожник	9726
мусорка	9725
соучредитель	9724
претворяться	9723
лабуда	9722
ученье	9721
прибиться	9720
белградский	9719
подарка	9718
обобраться	9717
раскрутиться	9716
штрауса	9715
батай	9714
пещерка	9713
уйгур	9712
брюгге	9711
этанол	9710
шамбала	9709
топленый	9708
монтер	9707
неотступный	9706
протухнуть	9705
оффис	9704
мусолить	9703
марсал	9702
вклеить	9701
мэрфи	9700
историографический	9699
подрядный	9698
вербный	9697
рамиль	9696
учать	9695
выдыхаться	9694
манипулятивный	9693
горнило	9692
жадничать	9691
емельян	9690
ровать	9689
уз	9688
желтовато	9687
демократичность	9686
григ	9685
контроллинг	9684
грузоотправитель	9683
цинга	9682
сыновний	9681
окс	9680
евсеевич	9679
южнорусский	9678
буфетчик	9677
менить	9676
полувековой	9675
взморье	9674
недозволенный	9673
двухтысячный	9672
арно	9671
округлять	9670
выгодность	9669
тирион	9668
створ	9667
цум	9666
толочь	9665
крой	9664
лаконичность	9663
некультурный	9662
прыскать	9661
рн	9660
оценочной	9659
вякать	9658
слюнки	9657
распинаться	9656
приноровиться	9655
давыдович	9654
имплантант	9653
гандон	9652
втоптать	9651
можайск	9650
скал	9649
мелочевка	9648
кондауров	9647
толковаться	9646
заниженный	9645
бэ	9644
хлопонин	9643
буть	9642
мученье	9641
бездокументарный	9640
люфт	9639
тонизировать	9638
радиф	9637
ярославец	9636
деструкция	9635
юнион	9634
хламидия	9633
бравировать	9632
испачкаться	9631
тебе	9630
стефано	9629
заплевать	9628
атрофия	9627
южн	9626
невеликий	9625
круки	9624
собачок	9623
доминиканский	9622
поддразнивать	9621
поворотник	9620
расчертить	9619
обученный	9618
осипова	9617
образумиться	9616
славянство	9615
долголетний	9614
фразеологизм	9613
пьетро	9612
олаф	9611
единственность	9610
убавиться	9609
пигастер	9608
смог	9607
подчистую	9606
кровушка	9605
валидол	9604
пятиконечный	9603
натравливать	9602
нарожать	9601
кзот	9600
любезнейший	9599
вязанка	9598
эвакуатор	9597
познаваемый	9596
дубровский	9595
будуар	9594
временщик	9593
ляха	9592
ординаторская	9591
мыслие	9590
извращать	9589
тока	9588
скрещивать	9587
селеста	9586
насылать	9585
гранатовый	9584
горобец	9583
багдадский	9582
оя	9581
переметнуться	9580
пакистанец	9579
ценностно	9578
верди	9577
скол	9576
худло	9575
взбалмошный	9574
зазнаться	9573
аристократка	9572
услаждать	9571
психологизм	9570
муфта	9569
разгульный	9568
неоригинальный	9567
мариночка	9566
стёкла	9565
погнуть	9564
комариный	9563
несговорчивый	9562
возликовать	9561
непринятие	9560
односторонность	9559
варикозный	9558
особнячок	9557
небывало	9556
римейк	9555
неосведомленность	9554
сяопин	9553
змеиться	9552
кадастр	9551
наталиа	9550
голубенький	9549
каменск	9548
панам	9547
биополь	9546
чувствительно	9545
харпер	9544
возмещаться	9543
дрянный	9542
модернист	9541
дюже	9540
сгибание	9539
огульно	9538
кодификация	9537
веймар	9536
пошляк	9535
пугало	9534
собирательство	9533
неотложка	9532
краковский	9531
антигитлеровский	9530
аметист	9529
копейщик	9528
минпечати	9527
арба	9526
медсестр	9525
портленд	9524
изобильный	9523
халтурить	9522
акциденция	9521
документарный	9520
невпроворот	9519
запороть	9518
деревенщина	9517
макария	9516
мас	9515
насечка	9514
оглобля	9513
фрэйзер	9512
доходчивый	9511
норберт	9510
усмирение	9509
самохин	9508
софит	9507
ералаш	9506
антилопа	9505
сигнальщик	9504
искрометный	9503
отвлеченно	9502
полнеть	9501
житомир	9500
теплотрасса	9499
дармоед	9498
балин	9497
седьмым	9496
орехово	9495
накликать	9494
острога	9493
ферри	9492
заменимый	9491
жо	9490
альбертович	9489
поплясать	9488
йетить	9487
наветренный	9486
мыза	9485
лесный	9484
нагорье	9483
утолщение	9482
побираться	9481
вейнингер	9480
тромб	9479
директ	9478
гордин	9477
шепоток	9476
голд	9475
парменид	9474
дарлинг	9473
колонизировать	9472
подгнить	9471
михать	9470
джуд	9469
мучимый	9468
расклеить	9467
заковылять	9466
сдельный	9465
одурманить	9464
нувориш	9463
нпбъем	9462
коррумпированный	9461
фенелла	9460
потехин	9459
отливка	9458
чалма	9457
сослагательный	9456
тренинговый	9455
экономик	9454
кардиограмма	9453
дистанционно	9452
кроличий	9451
даж	9450
заледенеть	9449
лёгкое	9448
глазенки	9447
чих	9446
радиопередатчик	9445
выкатываться	9444
фигнуть	9443
затяжный	9442
потыкать	9441
бензодиазепин	9440
крафт	9439
штамповка	9438
прельстить	9437
отвешивать	9436
штамм	9435
архивариус	9434
виноградова	9433
щёки	9432
пиаровский	9431
разделка	9430
перуанский	9429
подправлять	9428
междуречье	9427
деятельностный	9426
горчичный	9425
трудоустроить	9424
неухоженный	9423
запасать	9422
несчетный	9421
отпевание	9420
жизнерадостно	9419
бодяга	9418
бронебойный	9417
любование	9416
добрать	9415
ошалелый	9414
офтальмолог	9413
неоплаченный	9412
склизкий	9411
зомбирование	9410
побаловаться	9409
нескучный	9408
фина	9407
идзумо	9406
пригов	9405
обкатка	9404
гопкинс	9403
яуза	9402
психотронный	9401
возобновляемый	9400
курсантский	9399
нравоучительный	9398
дождичек	9397
изобличить	9396
утешитель	9395
сыскной	9394
затянуто	9393
золотоносный	9392
рославлев	9391
втулка	9390
баландин	9389
предсказовать	9388
сумский	9387
голован	9386
побелить	9385
ринсвинд	9384
взвиваться	9383
лавин	9382
сочленение	9381
фв	9380
индусский	9379
бонусный	9378
янаостров	9377
руг	9376
най	9375
сомин	9374
оппозиционность	9373
шухер	9372
несведущий	9371
тополиный	9370
гретхен	9369
тягчайший	9368
впитаться	9367
сворачивание	9366
дикобраз	9365
родин	9364
Макар	9363
переговорщик	9362
чметр	9361
валуй	9360
надоумить	9359
корнелиус	9358
придаёт	9357
раздаётся	9356
богомол	9355
дозволение	9354
сакр	9353
нетрудоспособность	9352
меньшов	9351
кхе	9350
привечать	9349
ноев	9348
бортинженер	9347
угла	9346
расклеивать	9345
дренажный	9344
марша	9343
герасик	9342
дятлов	9341
харля	9340
атавизм	9339
айзенберг	9338
погребок	9337
эндогенный	9336
воронцова	9335
миролюбие	9334
регулировщик	9333
трутнев	9332
фолликул	9331
ежка	9330
малиновка	9329
артемон	9328
бутырки	9327
словарик	9326
ришар	9325
таити	9324
барнс	9323
гиппопотам	9322
труда	9321
роговорить	9320
преподобие	9319
олька	9318
останиться	9317
хернить	9316
подстеречь	9315
фетровый	9314
выкрутить	9313
гоа	9312
кучковаться	9311
микроволновой	9310
собранность	9309
начальствовать	9308
анадиль	9307
проворство	9306
ковтун	9305
арчать	9304
даймлер	9303
гидротехнический	9302
дакота	9301
воронков	9300
вывешиваться	9299
квак	9298
шрек	9297
бабич	9296
родословный	9295
обсохнуть	9294
минировать	9293
гондурас	9292
хвощ	9291
махонина	9290
мириада	9289
царандой	9288
мелочиться	9287
сдом	9286
беспробудный	9285
застолбить	9284
усадебный	9283
синьцзян	9282
шиитский	9281
озлобленность	9280
налипнуть	9279
органный	9278
гастон	9277
типь	9276
гнездование	9275
берлиоз	9274
пф	9273
гудермес	9272
речитатив	9271
сегда	9270
найдём	9269
почто	9268
омерзительно	9267
хабльить	9266
микрограмм	9265
диагональный	9264
паисий	9263
пылевой	9262
шалфей	9261
бирюз	9260
кавалькада	9259
штор	9258
медиация	9257
раскулачивание	9256
иркутянин	9255
ереванский	9254
вялотекущий	9253
дорфман	9252
солонка	9251
буян	9250
пресыщение	9249
диковатый	9248
басистый	9247
обламывать	9246
тупея	9245
гонзалес	9244
дамка	9243
ибить	9242
рина	9241
отстрелить	9240
скандинав	9239
гинденбург	9238
абрикосовый	9237
осмеяние	9236
залегать	9235
гнусавый	9234
театральность	9233
мимолетно	9232
ветвление	9231
джемпер	9230
однозначность	9229
отжимать	9228
фосс	9227
оун	9226
экзистенциализм	9225
воють	9224
виши	9223
распухший	9222
наскрести	9221
дисциплинированность	9220
сидорский	9219
энергичность	9218
безлюдье	9217
амир	9216
приоткрываться	9215
вдалбливать	9214
петри	9213
шредингер	9212
плакучий	9211
антиобщественный	9210
домоуправление	9209
поеживаться	9208
межконфессиональный	9207
узнаваться	9206
книголюб	9205
ханка	9204
лаури	9203
лухан	9202
тщиться	9201
юлик	9200
кюстин	9199
йорок	9198
полушепот	9197
раскатиться	9196
неубранный	9195
промокать	9194
юнайтед	9193
подрываться	9192
алкать	9191
конституционность	9190
тарпищев	9189
радиотехника	9188
окунать	9187
пелон	9186
ретроспектива	9185
зорга	9184
пьянящий	9183
троечник	9182
вийти	9181
вздорнс	9180
кондолиза	9179
библиотечка	9178
левосторонний	9177
языков	9176
зоб	9175
антигосударственный	9174
скомпоновать	9173
ожегов	9172
вороный	9171
нять	9170
грибковый	9169
критичность	9168
пятидесятник	9167
пайтан	9166
парчовый	9165
утилизировать	9164
изойти	9163
воцаряться	9162
прорыть	9161
великодержавный	9160
моне	9159
крещенский	9158
грешок	9157
немотивированный	9156
доброхот	9155
описка	9154
фихта	9153
отвратный	9152
иезуитский	9151
серьёзной	9150
пружинить	9149
штиблета	9148
тет	9147
фураж	9146
бечь	9145
прищепка	9144
зачисляться	9143
каллиграфия	9142
благоговеть	9141
многопроцессорный	9140
расстилать	9139
квашнин	9138
ппс	9137
порабощать	9136
приобнять	9135
рассориться	9134
водительство	9133
защитница	9132
биохимик	9131
лорнет	9130
козырный	9129
хилари	9128
обчесться	9127
мотороллер	9126
меланхоличный	9125
оффтоп	9124
двузначный	9123
кривоногий	9122
земляничный	9121
лохань	9120
пододеяльник	9119
параметрический	9118
копецк	9117
дирк	9116
интерактивность	9115
никерат	9114
скорлупка	9113
фетчен	9112
невыполненный	9111
видоизменить	9110
предварить	9109
поппи	9108
орехов	9107
квазар	9106
ракет	9105
подловить	9104
невроза	9103
сэвэдж	9102
священнодействие	9101
законник	9100
мяуканье	9099
ахметка	9098
обутый	9097
тесьма	9096
видеофон	9095
корд	9094
добела	9093
нак	9092
планера	9091
фармакология	9090
пейота	9089
себялюбие	9088
марсия	9087
чадить	9086
отшлепать	9085
остракизм	9084
изрешетить	9083
терещенко	9082
паттайя	9081
алька	9080
грешница	9079
микроволновый	9078
иден	9077
расин	9076
уподоблять	9075
стай	9074
продакшн	9073
ренуар	9072
северский	9071
укорить	9070
кожедуб	9069
дрезденский	9068
аквинский	9067
гончий	9066
ей	9065
рэсси	9064
вкрасться	9063
беспощадность	9062
сострить	9061
напяливать	9060
колган	9059
встревоженный	9058
проверяющий	9057
отгадывать	9056
госвласть	9055
обнаруженный	9054
ливийский	9053
майлзти	9052
воитель	9051
расплавленный	9050
ребяческий	9049
продлеваться	9048
панков	9047
напропалую	9046
конвертик	9045
целование	9044
добровольский	9043
ильенков	9042
млынов	9041
актуально	9040
вжик	9039
приклонский	9038
солдатов	9037
всеволожский	9036
макрос	9035
господарь	9034
потешить	9033
крайком	9032
маниакально	9031
рэйчел	9030
сохо	9029
махарадж	9028
щий	9027
чебоксарский	9026
молокосос	9025
волненье	9024
поморье	9023
недосказанность	9022
зу	9021
альтернатив	9020
странноватый	9019
квартировать	9018
глебовский	9017
мэнсон	9016
сарра	9015
гетерогенный	9014
вразумить	9013
гарпун	9012
линнет	9011
перепиться	9010
овчинка	9009
монтан	9008
закорючка	9007
флейм	9006
купейный	9005
болонский	9004
калита	9003
скоропалительный	9002
впроголодь	9001
разнообразнейший	9000
мирозданье	8999
чернить	8998
раздвижный	8997
рэйко	8996
увешивать	8995
исповедаться	8994
купанье	8993
становый	8992
друз	8991
вано	8990
взбучка	8989
помрачение	8988
лесопользование	8987
плавить	8986
бласть	8985
нэш	8984
калиф	8983
безбоязненно	8982
брезжить	8981
савин	8980
сухожилия	8979
преисполниться	8978
орегон	8977
биотоп	8976
розовощекий	8975
премного	8974
крить	8973
элтон	8972
дуальный	8971
марь	8970
чжао	8969
урезанный	8968
лана	8967
вайпер	8966
домострой	8965
бирюлька	8964
неосознаваемый	8963
именин	8962
гметр	8961
нуться	8960
революционность	8959
сотреть	8958
черепаший	8957
зернистый	8956
стажироваться	8955
рылеев	8954
геомагнитный	8953
гумно	8952
извольский	8951
надушить	8950
прить	8949
плывить	8948
этиология	8947
наиважнейший	8946
дрю	8945
пью	8944
танюшка	8943
самоудовлетворение	8942
запечатанный	8941
гаубичный	8940
акушерский	8939
отруби	8938
киево	8937
проток	8936
прабабка	8935
терновый	8934
стадиев	8933
сверхвысокий	8932
григорьева	8931
паганель	8930
обобщенно	8929
нефтянка	8928
прокиснуть	8927
чародейка	8926
раструб	8925
правоведение	8924
пальтишко	8923
кольцевый	8922
дриззт	8921
субвенция	8920
флавий	8919
информашний	8918
индуктивный	8917
неуклюжесть	8916
взбодрить	8915
инотека	8914
дольников	8913
отя	8912
расплавиться	8911
ухват	8910
болезнетворный	8909
маунт	8908
пружинка	8907
гип	8906
подвижничество	8905
селитра	8904
дутлов	8903
эпизодически	8902
дуда	8901
спаржа	8900
прибаутка	8899
микроконтроллер	8898
фелипе	8897
таллиннский	8896
непричастный	8895
ильзе	8894
легковесный	8893
мизес	8892
разблокировать	8891
энрон	8890
паскудный	8889
подсуетиться	8888
полдороги	8887
тчк	8886
раскулачить	8885
лесопильный	8884
биопсия	8883
рукомойник	8882
подагра	8881
смежник	8880
отшибить	8879
ягич	8878
липовская	8877
свинаренко	8876
безнадёжно	8875
радиоканал	8874
напористо	8873
гета	8872
бацилла	8871
биполярный	8870
йельский	8869
собянин	8868
адриатический	8867
инкриминировать	8866
бракоразводный	8865
подшефный	8864
алексеевский	8863
новик	8862
громовый	8861
обломаться	8860
битрейт	8859
китаев	8858
гаттер	8857
ядохимикат	8856
экзальтированный	8855
ойкнуть	8854
сплясать	8853
эгоистка	8852
младшенький	8851
спящий	8850
невтерпеж	8849
русофобия	8848
каталина	8847
обсасывать	8846
колорадский	8845
зачарованно	8844
правобережный	8843
хум	8842
латынин	8841
бронемашина	8840
пскович	8839
включенность	8838
оптик	8837
повседневно	8836
девелопер	8835
жён	8834
качалов	8833
бьётся	8832
карга	8831
шурф	8830
повеселить	8829
пасечник	8828
страдат	8827
мусульманка	8826
мэллори	8825
сипло	8824
скакнуть	8823
ревякин	8822
пульсирующий	8821
этимологический	8820
затемнять	8819
максимус	8818
классически	8817
строгать	8816
раздвоиться	8815
перфоратор	8814
покалывать	8813
поморский	8812
средневзвешенный	8811
деметр	8810
продуманный	8809
переплатить	8808
левобережный	8807
гроши	8806
ашмарин	8805
обрисовывать	8804
поразвлечься	8803
иорданский	8802
убеждён	8801
полуподвал	8800
раздаточный	8799
жизнеустройство	8798
артистичный	8797
чейз	8796
голосый	8795
хорохориться	8794
сиг	8793
никанор	8792
дюссельдорф	8791
царскосельский	8790
накуриться	8789
хост	8788
поскупиться	8787
лексус	8786
кировск	8785
венерианский	8784
нецензурно	8783
непрошенный	8782
пор	8781
ужаснейший	8780
шан	8779
фернанд	8778
томашевский	8777
амор	8776
попрание	8775
рунуть	8774
тиканье	8773
тохонг	8772
гуин	8771
лихость	8770
томительно	8769
потрепаться	8768
свариться	8767
безродный	8766
мадина	8765
редактура	8764
семи	8763
экспоненциальный	8762
брэдли	8761
антиутопия	8760
обдуманный	8759
воспрещаться	8758
рико	8757
выпотрошить	8756
плисецкая	8755
лобстер	8754
накалиться	8753
паство	8752
орка	8751
откормить	8750
хрулев	8749
непредвзято	8748
домоправительница	8747
кармел	8746
анал	8745
гренада	8744
отсеять	8743
гугенот	8742
писак	8741
загрести	8740
философа	8739
ахмадулина	8738
роговица	8737
калькутта	8736
госучреждение	8735
сы	8734
пукать	8733
тазобедренный	8732
самоутверждаться	8731
покашливать	8730
галковский	8729
яек	8728
кровоточащий	8727
санскрит	8726
разлепить	8725
нежелательно	8724
резервировать	8723
экспонировать	8722
госорган	8721
костистый	8720
разуться	8719
авиарейс	8718
ква	8717
диффузный	8716
опанасенко	8715
жорес	8714
передаёт	8713
антиномия	8712
гауптман	8711
делимый	8710
потомучто	8709
гарриман	8708
ксеня	8707
мандал	8706
стерильность	8705
великосветский	8704
шпарить	8703
контра	8702
полон	8701
вестерна	8700
рубанова	8699
драганов	8698
ослепление	8697
горбиться	8696
маршевый	8695
галилейский	8694
подковкин	8693
дефлорация	8692
уступчивость	8691
ахиллес	8690
двушка	8689
подгорный	8688
фсо	8687
исй	8686
селективный	8685
сыч	8684
кротов	8683
этно	8682
досааф	8681
калинка	8680
замещаться	8679
библиотекарша	8678
симоненко	8677
кво	8676
русак	8675
беспринципность	8674
прожечь	8673
котрый	8672
кадить	8671
далёкие	8670
нный	8669
мыследеятельность	8668
скалолаз	8667
ась	8666
общеупотребительный	8665
начштаба	8664
завихрение	8663
бегбедер	8662
вызывание	8661
отсудить	8660
бова	8659
уральск	8658
моховой	8657
ньютоновский	8656
спаммер	8655
фрезер	8654
гавайя	8653
ольховский	8652
авиалайнер	8651
стратосфера	8650
трансатлантический	8649
грез	8648
отварить	8647
пошиб	8646
дешеветь	8645
некрофилия	8644
асадова	8643
обезжиренный	8642
икто	8641
щелканье	8640
иконопись	8639
милл	8638
фокин	8637
карамелька	8636
выкормить	8635
средненький	8634
пафосно	8633
высиживать	8632
збигнев	8631
свирепость	8630
позитивистский	8629
выворачиваться	8628
суфизм	8627
силантьев	8626
хммм	8625
азаться	8624
зачахнуть	8623
биш	8622
пум	8621
узнаёт	8620
потливость	8619
кешка	8618
солльй	8617
надеждин	8616
ильза	8615
тяжёлых	8614
корчма	8613
риказать	8612
пикирующий	8611
соловьева	8610
лузер	8609
побивать	8608
высокопревосходительство	8607
неполитический	8606
звягинцев	8605
пивоваров	8604
исид	8603
чихание	8602
вагинак	8601
ктото	8600
просроченный	8599
эллинизм	8598
изворотливый	8597
манхэттен	8596
хлебниковский	8595
строительно	8594
высокоорганизованный	8593
замначальника	8592
добчинский	8591
финно	8590
отучать	8589
пенициллин	8588
кучерявый	8587
объективация	8586
тес	8585
нпх	8584
броневой	8583
слезно	8582
улицкая	8581
геофизика	8580
мелодично	8579
обвальный	8578
осенне	8577
облечься	8576
переплывать	8575
испорченность	8574
бахвальство	8573
инсулиновый	8572
тявкать	8571
брукнер	8570
классификационный	8569
браг	8568
экспа	8567
периодизация	8566
хейнкель	8565
вовик	8564
фурманов	8563
гликер	8562
фортепианный	8561
флюс	8560
преодолимый	8559
грасс	8558
хакасия	8557
фпг	8556
шинный	8555
юрко	8554
выдуманный	8553
переобучение	8552
страждать	8551
колотушка	8550
спринтер	8549
сван	8548
дальномер	8547
дуняша	8546
обожраться	8545
раздвоенность	8544
трактирный	8543
безрукавка	8542
перевоплощаться	8541
ствольный	8540
рона	8539
прогностический	8538
голец	8537
простецкий	8536
маккарти	8535
кровосмешение	8534
бб	8533
отрубиться	8532
ассистентка	8531
бронх	8530
истэблишмент	8529
гибридизация	8528
вверхтормашка	8527
утомляться	8526
обольстить	8525
гланды	8524
переругиваться	8523
заключенная	8522
березкин	8521
семимильный	8520
колотов	8519
золотуев	8518
напечь	8517
пеленать	8516
каталонский	8515
цветность	8514
тартуский	8513
локтевой	8512
счётом	8511
смолистый	8510
первоэлемент	8509
зашвырнуть	8508
фик	8507
ассимилироваться	8506
проветривать	8505
минбарский	8504
пристрелка	8503
равда	8502
прогестерон	8501
додумывать	8500
разогнуть	8499
государственник	8498
военок	8497
айн	8496
девятиэтажка	8495
налагаться	8494
подшивать	8493
захламить	8492
колышко	8491
иенсен	8490
непознаваемый	8489
спаивать	8488
сузуки	8487
безвыходность	8486
оберег	8485
пюпитр	8484
добужинский	8483
синхрон	8482
недомыслие	8481
шафер	8480
заколотиться	8479
неповадно	8478
зоркость	8477
оползень	8476
подогнуть	8475
гитис	8474
булочник	8473
нуреддин	8472
сломанный	8471
заварушка	8470
легальность	8469
развитость	8468
непонятность	8467
изощренность	8466
тренин	8465
голосов	8464
гимнастка	8463
гувернер	8462
руководиться	8461
юнисеф	8460
контраргумент	8459
наваливать	8458
брендинг	8457
юдзо	8456
дэвидсон	8455
катон	8454
лассо	8453
инд	8452
потрясный	8451
обтирать	8450
ферми	8449
многопартийность	8448
гуго	8447
полтергейст	8446
тесей	8445
перманентно	8444
неспецифический	8443
напитка	8442
усугубиться	8441
приобрёл	8440
превратный	8439
парник	8438
гумбольдт	8437
ультраправый	8436
коломный	8435
укорачивать	8434
амон	8433
обвод	8432
сантименты	8431
какот	8430
предвосхищение	8429
менандр	8428
отращивать	8427
шофёр	8426
сланж	8425
хоттабыч	8424
используемый	8423
усовершенствоваться	8422
искариот	8421
цигарка	8420
афроамериканец	8419
развернутый	8418
поганец	8417
смерш	8416
кормовый	8415
приглаживать	8414
корреляционный	8413
запаздывание	8412
хедер	8411
алекперов	8410
партийность	8409
желез	8408
прикрасы	8407
бура	8406
отгораживаться	8405
оскудеть	8404
зингер	8403
дрожки	8402
наутилус	8401
паршиво	8400
главый	8399
дыба	8398
царьград	8397
необязательность	8396
недочеловек	8395
анн	8394
планировщик	8393
термит	8392
двухдневной	8391
валенсия	8390
реституция	8389
западло	8388
апатичный	8387
боос	8386
кириленко	8385
бабицкий	8384
господня	8383
рпга	8382
жировать	8381
навыкате	8380
неблагородный	8379
просечь	8378
ярик	8377
генуэзский	8376
Стеб	8375
глазастый	8374
рпг	8373
цыганов	8372
жидкостный	8371
ета	8370
тринити	8369
хоган	8368
гонконгский	8367
иоаннович	8366
цитатник	8365
букхалтер	8364
полновластный	8363
пассионарность	8362
втора	8361
вагинизм	8360
умора	8359
кораллов	8358
квач	8357
выкать	8356
кобылица	8355
каюк	8354
дружинин	8353
цокольный	8352
эпилептический	8351
бэтмэн	8350
вальяжный	8349
зальцбург	8348
кутюрье	8347
выверт	8346
маркать	8345
рахиль	8344
затерянный	8343
учавствовать	8342
перистый	8341
зашелестеть	8340
титаренко	8339
передернуться	8338
совбез	8337
эскизный	8336
запостить	8335
анание	8334
вживить	8333
арлин	8332
согласованно	8331
редложить	8330
пиксельный	8329
супергерой	8328
искрить	8327
пантель	8326
упроститься	8325
гностик	8324
раша	8323
мпр	8322
биофак	8321
блядский	8320
плавленый	8319
капустин	8318
миннесота	8317
рысца	8316
госсанэпиднадзор	8315
вспоминание	8314
эксцентричность	8313
посчитаться	8312
жонглер	8311
подстать	8310
оптимальность	8309
телереклама	8308
мостить	8307
янсон	8306
гностический	8305
удила	8304
занемочь	8303
луиджи	8302
гольдштейн	8301
тобиас	8300
иноверец	8299
обезвреживать	8298
сплетник	8297
устрашающе	8296
тау	8295
гусли	8294
костром	8293
безотчетно	8292
брехнуть	8291
списаться	8290
обесценивание	8289
викентий	8288
гувер	8287
телестудия	8286
речкалов	8285
ватка	8284
граббе	8283
орланда	8282
перегруженный	8281
ленный	8280
антиконституционный	8279
утиный	8278
сизи	8277
мириам	8276
овсянников	8275
гриня	8274
недоимка	8273
гра	8272
фуллер	8271
курятина	8270
биоразнообразие	8269
пойдёшь	8268
мага	8267
пресмыкающееся	8266
вниманье	8265
амальгама	8264
сиянье	8263
сторонница	8262
гомеровский	8261
обраться	8260
подытоживать	8259
бихевиоризм	8258
церк	8257
эйдельман	8256
вельветовый	8255
выратить	8254
контрмера	8253
алита	8252
чебурек	8251
дб	8250
прознать	8249
госчиновник	8248
дрожащий	8247
завистливо	8246
ратмиров	8245
облегчиться	8244
несмываемый	8243
физрук	8242
слалом	8241
инициативность	8240
ципко	8239
подсчитываться	8238
медея	8237
отцвести	8236
предметность	8235
проводимость	8234
дедка	8233
тима	8232
вспарывать	8231
драматически	8230
сенбернар	8229
хромоножка	8228
уставясь	8227
отрезвить	8226
дашкевич	8225
вышитый	8224
обессиленный	8223
ополоснуть	8222
спартаковец	8221
гута	8220
делон	8219
фесс	8218
везунчик	8217
побегушки	8216
гунар	8215
укрощать	8214
каббалист	8213
антиалкогольный	8212
сторожевый	8211
шакур	8210
гаврилин	8209
грисвелл	8208
синус	8207
куйбышевский	8206
карт	8205
продрать	8204
серхио	8203
фонема	8202
созданье	8201
гагарина	8200
ивлев	8199
музыкальность	8198
файф	8197
вайцзеккер	8196
облекаться	8195
клавесин	8194
разборчиво	8193
телефонограмма	8192
пьянь	8191
непоколебимо	8190
мариец	8189
бдить	8188
защелкать	8187
аризон	8186
иррационал	8185
утилитаризм	8184
притупляться	8183
автопробег	8182
марьин	8181
штрафбат	8180
даровой	8179
сысоев	8178
лейк	8177
масти	8176
леонова	8175
лейрд	8174
пилотский	8173
хапнуть	8172
захрустеть	8171
люблин	8170
нефтеперерабатывающий	8169
возделывание	8168
никра	8167
мих	8166
разминаться	8165
мученица	8164
реквизировать	8163
сеча	8162
интермедия	8161
сощурить	8160
библиограф	8159
настоить	8158
мобил	8157
ушный	8156
кадровой	8155
ловчий	8154
дачка	8153
откушать	8152
рвсн	8151
цпк	8150
ячменный	8149
претор	8148
разжевывать	8147
душевность	8146
весёлая	8145
полсекунда	8144
дурнота	8143
пурпур	8142
матрона	8141
нефтедобывающий	8140
федосеев	8139
громыко	8138
теплоизоляция	8137
инкрустация	8136
голубец	8135
старцев	8134
единородный	8133
совер	8132
пудреница	8131
долготерпение	8130
тумак	8129
трибун	8128
демидовский	8127
загнивать	8126
ветрено	8125
растяпа	8124
задраться	8123
протопать	8122
стрешнев	8121
густонаселенный	8120
нагайка	8119
сош	8118
предопределенность	8117
ремонтно	8116
втихую	8115
плебей	8114
замалчиваться	8113
чавес	8112
промотать	8111
лейн	8110
перекрутить	8109
керзон	8108
хрустов	8107
филантроп	8106
шор	8105
нейлон	8104
рачительный	8103
заценить	8102
движитель	8101
телепузик	8100
интервальный	8099
монтажер	8098
вычерчивать	8097
пудовочкин	8096
односложный	8095
госсобственность	8094
садыков	8093
лимфоузел	8092
полонская	8091
юсуф	8090
потолстеть	8089
ев	8088
озорник	8087
набалдашник	8086
исправленный	8085
нерасторжимый	8084
дифференциал	8083
механистический	8082
грузооборот	8081
непечатный	8080
пистолетик	8079
почесаться	8078
круизный	8077
пж	8076
титова	8075
монотеизм	8074
одутловатый	8073
схематический	8072
осажденный	8071
пикировщик	8070
дный	8069
буковский	8068
древка	8067
аргументированно	8066
адик	8065
мозолить	8064
простенок	8063
мэл	8062
пустячок	8061
шахид	8060
лозанна	8059
минелла	8058
непристойно	8057
втягивание	8056
фархад	8055
востоковедение	8054
ому	8053
серпуховской	8052
четвериков	8051
двухуровневый	8050
впарить	8049
кардиология	8048
клайд	8047
супротив	8046
называние	8045
кооператор	8044
катанье	8043
сабж	8042
генитальный	8041
бирманский	8040
сражать	8039
гуманизация	8038
гребной	8037
вторичность	8036
зазрение	8035
развязность	8034
нюня	8033
ленкин	8032
хмао	8031
володь	8030
воротила	8029
отмирание	8028
сфинктер	8027
полицмейстер	8026
бесси	8025
калорийный	8024
помирить	8023
прокатываться	8022
коулмен	8021
низвергаться	8020
инсбрук	8019
котельный	8018
поточный	8017
соученик	8016
гилель	8015
балетмейстер	8014
савчук	8013
борд	8012
скитер	8011
гардина	8010
илька	8009
курай	8008
озаряться	8007
акционирование	8006
герменевтика	8005
дхарма	8004
брюзжать	8003
литий	8002
геральт	8001
клоунский	8000
декадент	7999
штирлицо	7998
соленье	7997
насаждаться	7996
повитуха	7995
цианистый	7994
прикрепление	7993
зорка	7992
злословить	7991
сосредотачивать	7990
свать	7989
безупречной	7988
философический	7987
приёмов	7986
сталактит	7985
даос	7984
низводить	7983
кириченко	7982
увенчивать	7981
заброшенный	7980
подштанники	7979
бухгалтерша	7978
литфонд	7977
обесценивать	7976
зеленоглазый	7975
вафельный	7974
аргун	7973
сч	7972
одобряться	7971
паралитик	7970
завить	7969
коррупционер	7968
спроситься	7967
гок	7966
колымага	7965
неучтенный	7964
индексировать	7963
севооборот	7962
экологичный	7961
подстрекательство	7960
нагуляться	7959
прожевать	7958
надрать	7957
расцеловаться	7956
анжелый	7955
гемон	7954
лопахин	7953
поименовать	7952
дя	7951
эпиляция	7950
кунг	7949
покачаться	7948
лавочкин	7947
сожительница	7946
сполоснуть	7945
всход	7944
арабелла	7943
васко	7942
пилар	7941
шовинистический	7940
айс	7939
даг	7938
впитываться	7937
ошарашенно	7936
ряба	7935
селезенки	7934
запальчиво	7933
заболотить	7932
плюшкин	7931
аквалангист	7930
атеолог	7929
госпредприятие	7928
служать	7927
испепелить	7926
гриндер	7925
уродливо	7924
гармонист	7923
пилка	7922
артемий	7921
англосакс	7920
трубадур	7919
боян	7918
кроить	7917
крапивин	7916
шовать	7915
элечка	7914
переваливать	7913
полкан	7912
лонкин	7911
тобольцев	7910
стохастический	7909
гита	7908
подкрутить	7907
мердок	7906
полмир	7905
восшествие	7904
може	7903
крокодиловый	7902
левополушарный	7901
редер	7900
присно	7899
курага	7898
приплюснуть	7897
ларисочка	7896
сегрегация	7895
зубчик	7894
спок	7893
фарид	7892
единогласный	7891
сигнатура	7890
сносок	7889
выпытывать	7888
несоответствующий	7887
франсис	7886
русса	7885
ничтоже	7884
неолит	7883
назубок	7882
авиабаз	7881
десятиминутный	7880
кржижановский	7879
дельф	7878
антивещество	7877
галлея	7876
наводнять	7875
подгореть	7874
обещанный	7873
проштудировать	7872
доверитель	7871
фиванский	7870
нарвский	7869
устарелый	7868
императивный	7867
гомосексуал	7866
педофилия	7865
башта	7864
полусгнить	7863
полуграмотный	7862
тартарары	7861
рамза	7860
убитая	7859
навлекать	7858
штакет	7857
мистически	7856
анталия	7855
разрешенный	7854
ано	7853
ремикс	7852
иванникова	7851
конституционно	7850
стб	7849
рюрикович	7848
роздать	7847
диковина	7846
трэк	7845
фенотип	7844
крокус	7843
компрессорный	7842
терновник	7841
лже	7840
лаврентьевский	7839
приемщик	7838
разуваться	7837
изобличать	7836
беспрестанный	7835
планерный	7834
овчина	7833
слабина	7832
спектор	7831
отогреться	7830
непоседа	7829
германий	7828
клавдий	7827
окрашивание	7826
автофокус	7825
ионович	7824
конфигурационный	7823
сороконожка	7822
клямкин	7821
подкорка	7820
авдеенко	7819
денисюк	7818
дублинский	7817
потесниться	7816
лондонец	7815
протягиваться	7814
катрина	7813
телескопический	7812
отниматься	7811
подглядеть	7810
непоседливый	7809
разгрести	7808
полёты	7807
стипендиат	7806
магнум	7805
химико	7804
панфилыч	7803
плющить	7802
впечатать	7801
крепенький	7800
гаврилыч	7799
занижение	7798
расточительство	7797
сниженный	7796
спориться	7795
полудушкин	7794
митрополия	7793
жене	7792
сболтнуть	7791
экспонирование	7790
тибетец	7789
фетишизм	7788
серовато	7787
турман	7786
светимость	7785
буравить	7784
шато	7783
придеть	7782
моногамный	7781
аукнуться	7780
приготовляться	7779
бронекатер	7778
производимый	7777
роялист	7776
дых	7775
отраженье	7774
сжиженный	7773
виссарион	7772
рыбинский	7771
трамвайчик	7770
ривьера	7769
станочник	7768
кузьминский	7767
роллинг	7766
дамаск	7765
малочислить	7764
укатать	7763
розги	7762
фотолаборатория	7761
автоген	7760
аил	7759
старославянский	7758
проходиться	7757
первичность	7756
привиться	7755
попыхивать	7754
рамсфелд	7753
оковать	7752
видаться	7751
флэшка	7750
цементировать	7749
болтон	7748
ругнуться	7747
ррр	7746
психоделик	7745
лотарингия	7744
караулка	7743
травматология	7742
алжирский	7741
целеустремленно	7740
обознаться	7739
олдить	7738
бернский	7737
креационизм	7736
недополучить	7735
неустрашимый	7734
сургуч	7733
латекс	7732
затон	7731
тридцатка	7730
дорисовать	7729
неиспользовать	7728
кя	7727
овский	7726
выесть	7725
выпрямлять	7724
евграф	7723
рдкб	7722
приварить	7721
ветеринария	7720
левитация	7719
менгли	7718
сподвигнуть	7717
флеш	7716
двухслойный	7715
выкупаться	7714
презентационный	7713
правоохранитель	7712
обкрадывать	7711
холодов	7710
уготовить	7709
дефиле	7708
укупник	7707
намалевать	7706
отгораживать	7705
взаимозависимый	7704
исполнительность	7703
дуг	7702
автозаправочный	7701
белаз	7700
приставной	7699
гондол	7698
обдуманно	7697
придвигаться	7696
шакир	7695
аутентичность	7694
черногорий	7693
зазубрить	7692
попрошайничество	7691
капремонт	7690
передислокация	7689
оттяпать	7688
келлер	7687
ростить	7686
подкачка	7685
хейердал	7684
оберон	7683
чучел	7682
сомкнутый	7681
собственнический	7680
корреспондентка	7679
приспособляемость	7678
тягать	7677
патерналистский	7676
кайша	7675
видеопленка	7674
енерал	7673
попариться	7672
опозориться	7671
засыпка	7670
единомыслие	7669
радзинский	7668
госстрой	7667
беспристрастность	7666
сикорский	7665
шельма	7664
мотыль	7663
видоизменять	7662
осмыслять	7661
поховать	7660
рукоплескать	7659
полнофункциональный	7658
геворкян	7657
пройденный	7656
тоненько	7655
триптих	7654
слу	7653
лейкоз	7652
навороченный	7651
нудить	7650
уткнуть	7649
обогревать	7648
матреша	7647
полуподвальный	7646
округление	7645
грантовый	7644
тадж	7643
тулуза	7642
уток	7641
антанта	7640
попискивать	7639
омратить	7638
милитаристский	7637
аллочка	7636
триграмма	7635
эдный	7634
вй	7633
грязевый	7632
свч	7631
лысаков	7630
неаккуратно	7629
почитаемый	7628
медяк	7627
вычитаться	7626
самоотвержение	7625
препнуть	7624
исчерпывающе	7623
кауфман	7622
гайдук	7621
вхолостую	7620
возьмться	7619
титуловать	7618
коммюнике	7617
дождевик	7616
сосняк	7615
хусаинов	7614
монтессори	7613
пакостный	7612
фонвизин	7611
разделитель	7610
заливной	7609
попутешествовать	7608
шпингалет	7607
участливый	7606
извод	7605
гурьев	7604
непоправимо	7603
недостойно	7602
проказник	7601
эрт	7600
сивить	7599
нескромность	7598
продуманно	7597
хы	7596
пересуды	7595
горсточка	7594
елька	7593
кашмир	7592
индивидуализировать	7591
штудия	7590
крузенштерн	7589
искуситель	7588
оцарапать	7587
затоплять	7586
властолюбие	7585
отплевываться	7584
транссибирский	7583
апартеид	7582
вершиться	7581
заклевать	7580
артемис	7579
коб	7578
химер	7577
приборостроение	7576
кичитский	7575
уитвер	7574
мазанка	7573
шандор	7572
дискаверь	7571
спасёт	7570
разлучать	7569
извергаться	7568
ехидоровна	7567
минор	7566
докапываться	7565
трансивер	7564
броневый	7563
несообразность	7562
никотиновый	7561
стран	7560
уорхол	7559
крок	7558
отвесно	7557
гребок	7556
мультиплеер	7555
тиффани	7554
саг	7553
почести	7552
газо	7551
вряднуть	7550
разбухать	7549
трескотня	7548
форкосиган	7547
селена	7546
сухофрукт	7545
тигровый	7544
укачать	7543
абстрагирование	7542
зеньковский	7541
бертолуччи	7540
скребок	7539
пэн	7538
инфантильность	7537
грузопоток	7536
неродной	7535
огнев	7534
ката	7533
рубище	7532
яфетидология	7531
бесцеремонность	7530
абсурдом	7529
несоизмеримо	7528
энджи	7527
разноцветной	7526
евразиец	7525
прирезать	7524
экспортироваться	7523
тройный	7522
павловый	7521
франчайзер	7520
заборье	7519
карпенко	7518
симка	7517
лохов	7516
сексапильный	7515
порше	7514
народоволец	7513
узурпатор	7512
малышуля	7511
дуванов	7510
учёба	7509
инесса	7508
беспредметный	7507
фсфрека	7506
маковка	7505
промысл	7504
сафир	7503
заделаться	7502
сно	7501
ури	7500
заселяться	7499
антониони	7498
отдергивать	7497
обойдётся	7496
полубог	7495
выгибать	7494
утянуть	7493
лютня	7492
приструнить	7491
самиздатский	7490
эверинн	7489
чудаковатый	7488
херсонский	7487
емельянович	7486
случать	7485
зуева	7484
рефлектор	7483
многозначность	7482
луп	7481
отпихивать	7480
межвузовский	7479
фавор	7478
координатный	7477
внушаться	7476
перемирий	7475
аутичный	7474
трудновато	7473
инфицированный	7472
ганнушкин	7471
синицын	7470
парафин	7469
пенсильвания	7468
прохлаждаться	7467
технократ	7466
мулатка	7465
расшибиться	7464
сторожева	7463
кукурузник	7462
обличить	7461
соизмеримый	7460
сыроежка	7459
захворать	7458
холодать	7457
дементьева	7456
приработок	7455
сомерсет	7454
егодня	7453
зимовье	7452
лм	7451
чугунов	7450
лейкемия	7449
фантомный	7448
измайлово	7447
невыплата	7446
фиванец	7445
исаия	7444
каменоломнить	7443
магнетический	7442
сашкин	7441
преломляться	7440
уроженка	7439
хлопка	7438
перегруженность	7437
рельсовый	7436
космополитический	7435
верден	7434
смирительный	7433
ппп	7432
войдёт	7431
павлодарский	7430
катынский	7429
именительный	7428
друза	7427
бубный	7426
криминогенный	7425
фавн	7424
информагентство	7423
фимиам	7422
активированный	7421
обновленный	7420
обтяжка	7419
мезон	7418
затекать	7417
посинение	7416
елизаветинский	7415
шпик	7414
жаргонный	7413
отсутсвие	7412
серебряков	7411
нацеленность	7410
увиденный	7409
открещиваться	7408
надраться	7407
батуми	7406
генералов	7405
авиапром	7404
хардинг	7403
безлунный	7402
ахмат	7401
завертывать	7400
втискивать	7399
эрцгерцог	7398
самовоспитание	7397
бойцов	7396
плебейский	7395
нашёлся	7394
цветовый	7393
пустынно	7392
устраниться	7391
патио	7390
подтягивание	7389
плёнку	7388
метафорически	7387
наледь	7386
писсуар	7385
мурзилка	7384
копцев	7383
гавриленков	7382
гипертензия	7381
складирование	7380
серпуховский	7379
джони	7378
слежаться	7377
семёна	7376
коринф	7375
погрызть	7374
промучиться	7373
кайуа	7372
нечистоплотный	7371
эрдман	7370
аффилировать	7369
окучивать	7368
овно	7367
дэниел	7366
зеев	7365
удивлён	7364
азкабан	7363
подтаять	7362
левицкий	7361
тервол	7360
господдержка	7359
опиат	7358
белорусско	7357
троянец	7356
траппола	7355
стандартизированный	7354
первопрестольный	7353
джинджер	7352
подернуться	7351
флоренс	7350
скиннер	7349
смысловый	7348
обременение	7347
неправомерно	7346
мертворожденный	7345
димочка	7344
крамский	7343
налюбоваться	7342
взращивать	7341
половецкий	7340
покровка	7339
ординатор	7338
видоизменение	7337
палеонтология	7336
лять	7335
челябинец	7334
восьмичасовой	7333
луара	7332
выброска	7331
славянск	7330
наседка	7329
втаскивать	7328
динственный	7327
степанида	7326
приземленный	7325
хуа	7324
чуйков	7323
индифферентный	7322
инициирование	7321
обклеить	7320
элфи	7319
шведов	7318
реквизиция	7317
иллюзионист	7316
прикованный	7315
савеловский	7314
нелады	7313
карате	7312
хеллмэн	7311
клифф	7310
рекрутирование	7309
клюквенный	7308
взбегать	7307
бурдюк	7306
обществознание	7305
аквариумный	7304
лунарец	7303
электропривод	7302
перевоз	7301
болезный	7300
заговорщицки	7299
ослабленный	7298
стекольный	7297
проставлять	7296
горсобрание	7295
истфак	7294
горшкова	7293
колодезный	7292
бернуть	7291
раненный	7290
всенощная	7289
бедлам	7288
святоотеческий	7287
многопартийный	7286
макака	7285
ежеквартально	7284
мазня	7283
мокрота	7282
прожект	7281
привоз	7280
мачете	7279
этапный	7278
штюрмер	7277
ребячество	7276
унт	7275
пуза	7274
кущи	7273
дп	7272
стержневый	7271
джош	7270
гтк	7269
обжиг	7268
бовать	7267
аппаратно	7266
психопатология	7265
неподчинение	7264
перевоплотиться	7263
гасан	7262
овидий	7261
христовый	7260
тяжелораненый	7259
убого	7258
карамазовый	7257
иоас	7256
прана	7255
каменоломня	7254
сродство	7253
карсон	7252
зубило	7251
виндовс	7250
маломерный	7249
мухтар	7248
пятнадцатой	7247
гобь	7246
штифт	7245
завышенный	7244
угадывание	7243
набоковский	7242
евклид	7241
бодаться	7240
ограниченно	7239
долбать	7238
кастовый	7237
понукать	7236
паритетный	7235
психа	7234
уралец	7233
обустраиваться	7232
уорд	7231
ангол	7230
зарем	7229
алёша	7228
ээ	7227
заплутать	7226
лозовский	7225
бейсик	7224
отар	7223
бутафория	7222
стратификация	7221
орша	7220
ветвиться	7219
амер	7218
нин	7217
солнц	7216
уолкер	7215
хунгертобель	7214
рудимент	7213
списывание	7212
чахоточный	7211
бутырка	7210
поэтически	7209
недоучка	7208
кабола	7207
антикоррупционный	7206
декаданс	7205
согбенный	7204
большак	7203
агностицизм	7202
льстец	7201
леденеть	7200
усохнуть	7199
взаимовлияние	7198
закаляться	7197
эрл	7196
уссурийск	7195
страшилище	7194
головачев	7193
иссохший	7192
проспаться	7191
загорск	7190
каталония	7189
доставление	7188
упадёт	7187
империал	7186
выпукло	7185
артикул	7184
кадис	7183
древнекитайский	7182
эрлих	7181
фейнман	7180
опытнейший	7179
злющий	7178
дарданелла	7177
фить	7176
риска	7175
линг	7174
пард	7173
униженно	7172
момо	7171
мускула	7170
истоптать	7169
балкарский	7168
ниче	7167
переяславль	7166
чванство	7165
ше	7164
просек	7163
должок	7162
атон	7161
постфактум	7160
асхабонент	7159
ломик	7158
астматик	7157
отроду	7156
голядкин	7155
санчо	7154
центровой	7153
селдон	7152
гербалайф	7151
реввоенсовет	7150
расчёты	7149
выести	7148
танзания	7147
обыгрываться	7146
землица	7145
бабаян	7144
тимирязев	7143
детерминированный	7142
кертис	7141
спецотдел	7140
пустословие	7139
слитный	7138
бьюкенный	7137
прядка	7136
зейнаб	7135
епископский	7134
садомазохистский	7133
везирь	7132
привольно	7131
фундаменталистский	7130
прогрессирующий	7129
фригидный	7128
благоприятствование	7127
костелло	7126
жорик	7125
щербина	7124
детоксикация	7123
тёмным	7122
техничный	7121
зеленоградский	7120
заводный	7119
привинтить	7118
исходящая	7117
госбанк	7116
шифоньер	7115
бранденбургский	7114
вахтерша	7113
слайт	7112
врубать	7111
чувака	7110
старост	7109
катаракта	7108
истопник	7107
шнеур	7106
мидас	7105
веть	7104
ростовой	7103
отвадить	7102
открыватель	7101
мастодонт	7100
судетский	7099
чумаков	7098
самосуд	7097
взвесь	7096
отрез	7095
дрейфус	7094
офигевать	7093
науменко	7092
управдом	7091
покемон	7090
вскружить	7089
ворошиловский	7088
альбус	7087
ариф	7086
бесчувствие	7085
форсаж	7084
мобила	7083
францевич	7082
первоапрельский	7081
теся	7080
дей	7079
лионский	7078
хромота	7077
пчеловодство	7076
зь	7075
палеонтологический	7074
конфуция	7073
воспитанность	7072
кроваво	7071
жигулевский	7070
обратимость	7069
достройка	7068
губанов	7067
царапнуть	7066
садануть	7065
патриций	7064
эйр	7063
кровоснабжение	7062
варадеро	7061
эвфрон	7060
доучиться	7059
тромбоцит	7058
десятилетка	7057
мирмик	7056
иллюзион	7055
надземный	7054
рядком	7053
грибочек	7052
нюся	7051
виварий	7050
берта	7049
ков	7048
заслушаться	7047
гарет	7046
спозаранку	7045
легойд	7044
индо	7043
акб	7042
ходор	7041
зарулить	7040
ямпольский	7039
наеться	7038
курляндия	7037
подсмеиваться	7036
осциллятор	7035
ещ	7034
мусс	7033
марганец	7032
гит	7031
деепричастие	7030
нёс	7029
теллер	7028
люля	7027
ковальский	7026
самоед	7025
орок	7024
анасси	7023
брокгауз	7022
геологоразведочный	7021
гидроэлектростанция	7020
павлиний	7019
индокитай	7018
перевертывать	7017
захарыч	7016
приёме	7015
биржевый	7014
гэл	7013
двуязычие	7012
ежеквартальный	7011
сшивать	7010
размениваться	7009
проскурин	7008
свояк	7007
аэробус	7006
моргунов	7005
прелестно	7004
корнеплод	7003
зинченко	7002
отыгрываться	7001
аскетичный	7000
джордино	6999
дескриптор	6998
гробить	6997
постреливать	6996
сползание	6995
клипа	6994
волконский	6993
слитно	6992
проколоться	6991
брамс	6990
экранировать	6989
горбинка	6988
бунша	6987
секонд	6986
соцзащита	6985
фрактальный	6984
лампадка	6983
ботиночек	6982
сатрап	6981
похрустывать	6980
субмодальность	6979
новокузнецкий	6978
неуважительный	6977
сухопарый	6976
телеведущая	6975
отеть	6974
полётов	6973
порезвиться	6972
растр	6971
односложно	6970
адаптивность	6969
минорный	6968
интегративный	6967
переводный	6966
конгрегация	6965
гурский	6964
стодолларовый	6963
страшнейший	6962
паучий	6961
бессвязно	6960
моони	6959
партбюро	6958
манка	6957
хаген	6956
тяжеловато	6955
задаёт	6954
облизнуться	6953
заштатный	6952
дольф	6951
органист	6950
груздь	6949
безостановочный	6948
безоглядный	6947
рыжебородый	6946
отбрать	6945
помошник	6944
звезд	6943
сверкание	6942
триппер	6941
разоблачительный	6940
данилина	6939
паниковский	6938
женевьева	6937
етр	6936
непорядочный	6935
альтруист	6934
тырить	6933
дворничиха	6932
спич	6931
симоне	6930
больничка	6929
высыхание	6928
оружье	6927
семенный	6926
установщик	6925
севка	6924
каретка	6923
дюбуа	6922
провидеть	6921
вепсский	6920
коричнево	6919
оснащать	6918
валар	6917
кипур	6916
обжор	6915
пиксесть	6914
рецепция	6913
ебить	6912
лавры	6911
еыщлф	6910
увещание	6909
собачник	6908
самолечение	6907
тюль	6906
багрицкий	6905
термостат	6904
владыко	6903
рационалист	6902
вознаграждаться	6901
нахалява	6900
замарать	6899
десятиклассник	6898
нарты	6897
бекас	6896
качание	6895
сооружаться	6894
распаться	6893
расс	6892
юникс	6891
росно	6890
ровня	6889
поступаться	6888
налим	6887
фернандес	6886
мельниченко	6885
гойя	6884
сат	6883
посрать	6882
сусло	6881
орландо	6880
измельчать	6879
экстраполировать	6878
вставание	6877
подергивание	6876
есенинский	6875
кораблестроение	6874
вразумлять	6873
вышвыривать	6872
окаменелый	6871
шоколадница	6870
гастелло	6869
крутящий	6868
ирь	6867
мордоворот	6866
очернить	6865
лобик	6864
подгибаться	6863
вкривь	6862
складировать	6861
бурундук	6860
четить	6859
двр	6858
семаго	6857
попона	6856
благовест	6855
обособляться	6854
серебрянный	6853
начитанность	6852
скорострельный	6851
заславский	6850
огульный	6849
полусогнутый	6848
анить	6847
суперский	6846
москвитянин	6845
свертка	6844
пау	6843
вздутие	6842
выматывать	6841
аляповатый	6840
нелегалов	6839
эмулировать	6838
кузьминов	6837
зазря	6836
лаос	6835
архонт	6834
новак	6833
комполка	6832
кошерный	6831
онимать	6830
мышата	6829
маролан	6828
покрасоваться	6827
парламентер	6826
авторизованный	6825
гуммус	6824
шэрон	6823
кашин	6822
казачка	6821
высокодоходный	6820
чуковская	6819
тран	6818
выйграть	6817
запланированный	6816
жреческий	6815
полуночной	6814
тициан	6813
рявкать	6812
раушенбах	6811
старьевщик	6810
аппендикс	6809
внучек	6808
выковырять	6807
делицын	6806
малопривлекательный	6805
хэ	6804
двухъярусный	6803
измять	6802
винтовочный	6801
ленком	6800
ангажированность	6799
каббалистический	6798
арто	6797
кизить	6796
щепетильность	6795
приворожить	6794
озадачиться	6793
штангист	6792
евсевий	6791
отсыпать	6790
негостеприимный	6789
рекламация	6788
букмекер	6787
коннект	6786
именный	6785
пропагандироваться	6784
оттяжка	6783
владимов	6782
хвастливый	6781
церквь	6780
энергоинформационный	6779
дельфийский	6778
заделывать	6777
овсяной	6776
мсб	6775
подписной	6774
тёплое	6773
обнадить	6772
рошептать	6771
триполи	6770
товарка	6769
славословие	6768
критично	6767
минприроды	6766
нянюшка	6765
мыл	6764
гущин	6763
события	6762
хны	6761
сонета	6760
помыкать	6759
неразгаданный	6758
радиотелескоп	6757
конг	6756
салоники	6755
пенопласт	6754
корпункт	6753
исмаилит	6752
зарубеж	6751
левобережье	6750
ипс	6749
провиснуть	6748
вредительский	6747
коронер	6746
проплакать	6745
умопомрачение	6744
лужок	6743
микола	6742
высокохудожественный	6741
подкормить	6740
роллан	6739
йоханнесбург	6738
тертуллиан	6737
мохов	6736
остроносый	6735
питтсбург	6734
мнительность	6733
магеллан	6732
ковыль	6731
обонятельный	6730
воспрепятствование	6729
дележка	6728
юленька	6727
репетиторство	6726
размножать	6725
бруклинский	6724
разгромный	6723
галиматья	6722
кучерена	6721
пачкаться	6720
удочерить	6719
искуственный	6718
двухмоторный	6717
изгоняться	6716
дарага	6715
посёлке	6714
теплеть	6713
кокошник	6712
свежеиспеченный	6711
ххо	6710
пыточный	6709
растрепаться	6708
паяц	6707
отрезанный	6706
трехдневной	6705
руцкий	6704
зачинатель	6703
пыхнуть	6702
отмываться	6701
вои	6700
лелеть	6699
липкин	6698
погрешить	6697
гонки	6696
оземь	6695
вповалку	6694
дааа	6693
пробивной	6692
феаген	6691
опрятно	6690
воить	6689
выдерживаться	6688
увиденное	6687
тросик	6686
инсталлировать	6685
выдвиженец	6684
минерв	6683
дикорастущий	6682
подлечиться	6681
лечащий	6680
отформатировать	6679
кидти	6678
ревекка	6677
мессага	6676
гидрологический	6675
супервайзер	6674
залпом	6673
подстраховать	6672
тотальность	6671
киловольт	6670
рабо	6669
актуализироваться	6668
тщание	6667
новоприбывший	6666
фальсификатор	6665
кинолента	6664
дислоцировать	6663
темник	6662
абб	6661
конструкционный	6660
демаркационный	6659
оклеивать	6658
лиепа	6657
мединский	6656
блекнуть	6655
райсовет	6654
предупредительно	6653
разнарядка	6652
иссушить	6651
емец	6650
демограф	6649
паккард	6648
звенье	6647
горячее	6646
прикус	6645
церковнославянский	6644
пифагореец	6643
явочный	6642
калягин	6641
дорошевич	6640
слоистый	6639
однократно	6638
хачик	6637
удрученно	6636
воробьиный	6635
белуга	6634
букейка	6633
подговорить	6632
светок	6631
псковитянин	6630
страдальчески	6629
манолис	6628
пикапер	6627
мимикрия	6626
царицыно	6625
самоутвердиться	6624
казачок	6623
пунктик	6622
крупногабаритный	6621
ламберт	6620
глайдер	6619
отпад	6618
гавана	6617
оман	6616
известняковый	6615
перекупить	6614
интровертный	6613
погреть	6612
фиксатор	6611
перемешивание	6610
несладкий	6609
лахнуть	6608
видящий	6607
ираклий	6606
подмочить	6605
чаэстраница	6604
алеата	6603
шуравить	6602
чудакова	6601
мартинес	6600
репчатый	6599
рыжов	6598
ольвия	6597
свертывать	6596
оппонировать	6595
шпроты	6594
монтескье	6593
клайпеда	6592
тенгиз	6591
диалектный	6590
урочный	6589
атрофироваться	6588
миа	6587
лёнька	6586
ножной	6585
энвер	6584
отлынивать	6583
отколоть	6582
перегреть	6581
перенаселение	6580
ивняк	6579
шугуров	6578
квантование	6577
сладчайший	6576
накапать	6575
отыгрывать	6574
покровительственный	6573
чегой	6572
прокопенко	6571
узурпация	6570
веймарский	6569
огюст	6568
пописывать	6567
щучий	6566
черствость	6565
гаррис	6564
ознаменование	6563
атрибуция	6562
ерт	6561
ожалуйста	6560
вклиниваться	6559
докрасна	6558
въ	6557
нильсен	6556
позитрон	6555
пионерка	6554
наслажденье	6553
эполет	6552
выхлопотать	6551
орсон	6550
бедренный	6549
североморск	6548
витёк	6547
хокинс	6546
бристоль	6545
проданный	6544
бубенцов	6543
вам	6542
исхитряться	6541
загалдеть	6540
связанно	6539
железняков	6538
терехов	6537
деталька	6536
акведук	6535
обжитой	6534
посполита	6533
русич	6532
далече	6531
вымолить	6530
полуразвалиться	6529
енвд	6528
поплакаться	6527
досыпать	6526
стукать	6525
перезваниваться	6524
онтарио	6523
лтд	6522
твоить	6521
великоросс	6520
бабулечка	6519
ланс	6518
водонапорный	6517
сарториус	6516
тромбон	6515
минтруд	6514
эпикур	6513
глицерин	6512
дотационный	6511
авалон	6510
матерщина	6509
обманутый	6508
держав	6507
дефекация	6506
выгружаться	6505
дьюк	6504
подергивать	6503
обчистить	6502
абакир	6501
ахметов	6500
сохранён	6499
подпоясать	6498
ээээ	6497
дразниться	6496
бесповоротный	6495
умаление	6494
хома	6493
мелочной	6492
уговориться	6491
нецелесообразно	6490
незначительность	6489
потаскуха	6488
неограничить	6487
задачник	6486
костика	6485
ладог	6484
хорхе	6483
конфетный	6482
волоколамский	6481
железногорск	6480
вкуснейший	6479
мюмла	6478
шевелев	6477
проворачивать	6476
ударно	6475
всепроникающий	6474
пылить	6473
нахамить	6472
лим	6471
непереводимый	6470
тетрадный	6469
медичка	6468
наваррский	6467
многоклеточный	6466
седативный	6465
лоусон	6464
исчадие	6463
слепок	6462
сапр	6461
крещатик	6460
хилла	6459
увязка	6458
конвертируемость	6457
говнюк	6456
пролетка	6455
отлагательство	6454
шуй	6453
протекционистский	6452
пупырышек	6451
даладья	6450
володарский	6449
бальзаковский	6448
джед	6447
вытяжной	6446
эверь	6445
пунктирный	6444
одноклеточный	6443
гениталия	6442
выпутываться	6441
неизлечимо	6440
запечатлить	6439
платежка	6438
либкнехт	6437
замалчивание	6436
тёмное	6435
петрищев	6434
пивнушка	6433
прокатчик	6432
вэй	6431
оплошать	6430
аптекарша	6429
сапожников	6428
круассан	6427
упа	6426
возглашать	6425
приучение	6424
сестр	6423
универс	6422
анютка	6421
разваливать	6420
картинг	6419
ювачев	6418
русскость	6417
спойлер	6416
кашпировский	6415
трупик	6414
фехтовать	6413
дядин	6412
выложиться	6411
трансильвания	6410
уренгой	6409
чер	6408
мучный	6407
потреба	6406
рудомино	6405
разубедить	6404
череповецкий	6403
собес	6402
эвристика	6401
дециметр	6400
раздвижной	6399
папкин	6398
мидраш	6397
курант	6396
заир	6395
причаливать	6394
уэст	6393
одеяльце	6392
прачечный	6391
слайдер	6390
юрченко	6389
лисицын	6388
регис	6387
хрящ	6386
йый	6385
винница	6384
придумывание	6383
складский	6382
аннинский	6381
бгуир	6380
марионеточный	6379
хзал	6378
деррид	6377
быстроногий	6376
демидова	6375
педсовет	6374
оросить	6373
салтанат	6372
басов	6371
росстат	6370
алкмеон	6369
всклокоченный	6368
вихревой	6367
половник	6366
отпилить	6365
запаять	6364
вернейший	6363
татар	6362
луганск	6361
одномоментно	6360
хуго	6359
адмиральский	6358
касабланка	6357
скармливать	6356
сколачивать	6355
единичка	6354
светкин	6353
бушмин	6352
джейкоб	6351
ожиданье	6350
лигудить	6349
знаменосец	6348
атомарный	6347
невысоко	6346
ежовый	6345
бари	6344
пригревать	6343
проходимый	6342
своровать	6341
крестная	6340
тактичность	6339
раунда	6338
ивовый	6337
ришелье	6336
свингер	6335
ламера	6334
попрошайничать	6333
ожесточиться	6332
параллелепипед	6331
атолл	6330
енси	6329
нафталин	6328
гиперактивный	6327
бида	6326
берка	6325
религиоведение	6324
сау	6323
пономарь	6322
панкрат	6321
иксанов	6320
вирт	6319
рогожкин	6318
эпидемический	6317
всосать	6316
мифотворчество	6315
отлежаться	6314
сплавляться	6313
кучера	6312
попустить	6311
официозный	6310
амвросий	6309
гольфстрим	6308
беззабуотер	6307
сестёр	6306
юровский	6305
вилльерс	6304
пацифизм	6303
муссироваться	6302
планктон	6301
приглядеть	6300
поясок	6299
дружочек	6298
олифа	6297
целительство	6296
виртуозность	6295
уменьшительный	6294
смотрины	6293
надой	6292
благожелательность	6291
ананьев	6290
зевок	6289
поднатореть	6288
харлей	6287
будочка	6286
касательный	6285
тетриса	6284
оттон	6283
луизиана	6282
анфас	6281
легонький	6280
капотня	6279
влагалищный	6278
вобще	6277
копие	6276
тротт	6275
безбедно	6274
оследний	6273
завёл	6272
невоцерковленный	6271
дифференцирование	6270
латиноамериканец	6269
сглатывать	6268
коан	6267
пегги	6266
росгосстрах	6265
окрылять	6264
нв	6263
дегустатор	6262
конвульсивно	6261
непорочность	6260
штирнер	6259
тривиально	6258
подразнить	6257
генриетта	6256
заструиться	6255
оледенение	6254
калаш	6253
ублажить	6252
качок	6251
порто	6250
инглиш	6249
окантовка	6248
джекоб	6247
локалка	6246
мазка	6245
мазурка	6244
брауни	6243
суверенность	6242
нахлебник	6241
самосожжение	6240
панамский	6239
несмелый	6238
отрастать	6237
наплакать	6236
оккам	6235
обольщать	6234
пандемия	6233
алта	6232
пригорюниться	6231
хромов	6230
щавель	6229
маннергеймо	6228
загрузчик	6227
побрезговать	6226
предостерегающе	6225
изнемочь	6224
заворачиваться	6223
оппортунизм	6222
автостопа	6221
болить	6220
дезорганизовать	6219
пен	6218
пофантазировать	6217
драпать	6216
преосвященство	6215
сенный	6214
пэр	6213
саи	6212
морпех	6211
акмолинский	6210
камнепад	6209
шелленберг	6208
столетье	6207
экспозиционный	6206
листка	6205
перерасход	6204
лохотрон	6203
домовенок	6202
микенский	6201
клуни	6200
родос	6199
щелочной	6198
сверстница	6197
притаскивать	6196
зеркалка	6195
ньюэлл	6194
бобчинский	6193
неподготовленность	6192
доливать	6191
раскрываемость	6190
укрепрайон	6189
антидемократический	6188
отправный	6187
нейтральность	6186
верфей	6185
пароксизм	6184
березняк	6183
разорительный	6182
шарада	6181
птаха	6180
разрубать	6179
отирать	6178
бургундия	6177
бенефис	6176
слайбл	6175
недосчитаться	6174
айна	6173
понурить	6172
правительница	6171
сморозить	6170
неустроенный	6169
механико	6168
семитский	6167
позирование	6166
остановочный	6165
конфиденциально	6164
оберточный	6163
вплыть	6162
автомеханик	6161
бауманский	6160
петруха	6159
пивзавод	6158
чинный	6157
оливка	6156
псалм	6155
выдворение	6154
ужаснуть	6153
холин	6152
накалить	6151
татнефть	6150
азаров	6149
миноритарий	6148
плакатный	6147
патронник	6146
соверша	6145
волгин	6144
боровский	6143
шмотка	6142
капище	6141
отжиматься	6140
предустановленный	6139
беть	6138
отвыкать	6137
конфетти	6136
бубенцы	6135
клерка	6134
инофирма	6133
барачный	6132
утрястись	6131
умар	6130
импрессионизм	6129
сухум	6128
ариана	6127
вразнос	6126
маланья	6125
обесцениваться	6124
проворковать	6123
индикация	6122
ритуально	6121
парение	6120
чипсти	6119
осушать	6118
прописываться	6117
газетенка	6116
застить	6115
имплантировать	6114
шк	6113
автотрасса	6112
писклявый	6111
коврижка	6110
йена	6109
свершать	6108
раскуривать	6107
гряд	6106
балашиха	6105
пилотажный	6104
шос	6103
распашонка	6102
ласточкин	6101
кайтсерфинг	6100
неотвязный	6099
коммунистка	6098
клавишник	6097
вендетта	6096
угоре	6095
мусасти	6094
цап	6093
привестись	6092
шалава	6091
конкурирующий	6090
черносотенец	6089
ручейка	6088
ольше	6087
беркута	6086
рококо	6085
киносъемка	6084
бзик	6083
арамейский	6082
халифат	6081
энергоемкий	6080
обесцениться	6079
гробик	6078
шпангоут	6077
плебисцит	6076
наркомафия	6075
Бойфренд	6074
лавчонка	6073
джеми	6072
проверенный	6071
карнавать	6070
многословие	6069
гагаринский	6068
задобрить	6067
полпредство	6066
гдеть	6065
противоположно	6064
туркестанский	6063
растапливать	6062
регби	6061
усидчивость	6060
откидной	6059
аргентинец	6058
тишайший	6057
курилы	6056
харитонович	6055
полбутылки	6054
предводительствовать	6053
полит	6052
кирилловна	6051
перемотка	6050
набычиться	6049
оплодотворять	6048
урицкий	6047
трехцветный	6046
подлет	6045
псалма	6044
ржев	6043
манерный	6042
рассказывание	6041
всеведущий	6040
рыгать	6039
совращение	6038
полдеть	6037
мрачность	6036
животворный	6035
засмущаться	6034
антихристианский	6033
интерьера	6032
антрепренер	6031
квартир	6030
трескать	6029
подхват	6028
онемение	6027
голография	6026
арзамас	6025
круглов	6024
аттика	6023
федот	6022
великовозрастный	6021
конькобежец	6020
тиберий	6019
второзаконие	6018
работ	6017
волан	6016
дюруа	6015
разно	6014
перешейка	6013
мутноватый	6012
неконструктивный	6011
обвязка	6010
опыление	6009
умничка	6008
запятых	6007
осциллограф	6006
троекратный	6005
комэГорск	6004
микшер	6003
заур	6002
гелиос	6001
транспортно	6000
расшибить	5999
аттак	5998
умнеть	5997
подсобить	5996
сезанн	5995
куп	5994
припеваючи	5993
атуева	5992
кофеен	5991
натурщица	5990
читальня	5989
поерзать	5988
зти	5987
небрежение	5986
биос	5985
рть	5984
астраханец	5983
полудрема	5982
апокрифический	5981
исхитриться	5980
алейников	5979
пробубнить	5978
бль	5977
компашка	5976
иона	5975
дегустировать	5974
крюшон	5973
баш	5972
исторгать	5971
проформа	5970
экзерсис	5969
экзальтация	5968
беатриса	5967
однопартийный	5966
спиртный	5965
недобитый	5964
найробь	5963
дородовой	5962
провонять	5961
зк	5960
культуризм	5959
молчок	5958
пушкинист	5957
учинять	5956
роббинс	5955
раскованный	5954
егорка	5953
минатома	5952
принимаемый	5951
европ	5950
быстротечный	5949
стервец	5948
эпидемиологический	5947
уздцы	5946
менахем	5945
мизантроп	5944
фуфлунс	5943
зализывать	5942
лелька	5941
шчь	5940
олин	5939
отощать	5938
ратибор	5937
техпроцесс	5936
жизнеутверждающий	5935
нашить	5934
чуждаться	5933
обессудить	5932
работорговля	5931
карташов	5930
объедаться	5929
бодрящий	5928
томек	5927
знаменитейший	5926
годар	5925
юродство	5924
пучить	5923
горловой	5922
худсовет	5921
тайка	5920
буй	5919
биометрический	5918
бахай	5917
обмахиваться	5916
темпоральный	5915
пиаж	5914
неудовлетворение	5913
уайти	5912
отодзь	5911
пупсик	5910
энглих	5909
вассальный	5908
клозет	5907
мова	5906
широколобый	5905
многотрудный	5904
третичный	5903
туш	5902
пель	5901
задушевно	5900
транслит	5899
кый	5898
хиро	5897
лесопарк	5896
вагриус	5895
червленый	5894
утеря	5893
состязательность	5892
лвс	5891
децентрализованный	5890
мёртвые	5889
извив	5888
коллоквиум	5887
потрясенно	5886
увлажнение	5885
сельхозпроизводитель	5884
сызрань	5883
завивка	5882
муссон	5881
шкап	5880
погрустнеть	5879
аэроион	5878
беньямина	5877
гос	5876
израилевич	5875
старообрядческий	5874
лихонин	5873
алебарда	5872
колок	5871
полуулыбка	5870
денонсация	5869
шлюшка	5868
гренадерский	5867
перекроить	5866
никольская	5865
действенно	5864
лежбище	5863
черкесов	5862
ленобласть	5861
лиризм	5860
уэбб	5859
голубятня	5858
присоска	5857
звонница	5856
почать	5855
задираться	5854
свободомыслие	5853
экспроприировать	5852
соз	5851
акцентироваться	5850
фоторепортер	5849
деревообрабатывать	5848
спортклуб	5847
ролевый	5846
подъездной	5845
джодить	5844
пересыхать	5843
богочеловек	5842
понеж	5841
психея	5840
дозаправка	5839
лучезарно	5838
высокогорье	5837
натурализация	5836
накладный	5835
джордано	5834
безволие	5833
бухнуться	5832
частно	5831
нукер	5830
раскладной	5829
перекрикивать	5828
мдм	5827
андижанин	5826
прополка	5825
честнейший	5824
франкл	5823
выколачивать	5822
компаньонка	5821
малахит	5820
жариков	5819
кайфовать	5818
фанатка	5817
рёв	5816
ткачиха	5815
яблок	5814
беккет	5813
пенитенциарный	5812
заремба	5811
хелп	5810
вырядиться	5809
рельефно	5808
слоновий	5807
иванна	5806
голиаф	5805
назойливость	5804
корзиночка	5803
кроль	5802
нхл	5801
домбай	5800
соединённых	5799
ленивец	5798
пентиум	5797
половинчатый	5796
даллес	5795
вздуть	5794
кадушка	5793
брана	5792
воннегут	5791
купцы	5790
прецедентный	5789
гладкость	5788
марочный	5787
заглавия	5786
яновский	5785
вонючка	5784
истин	5783
лито	5782
переливчатый	5781
обособленно	5780
аварийно	5779
элина	5778
горнолыжник	5777
хилой	5776
замениться	5775
узкоглазый	5774
некрашеный	5773
радиослушательница	5772
хватов	5771
депозитарный	5770
леа	5769
павиан	5768
мембрать	5767
втереться	5766
продаваемый	5765
затрачиваться	5764
чечетка	5763
мигание	5762
скунс	5761
выторговать	5760
допеть	5759
причт	5758
зн	5757
ускоренной	5756
старостин	5755
подвалить	5754
приливать	5753
камлание	5752
подкатиться	5751
тся	5750
трафарет	5749
втискиваться	5748
подверженность	5747
внучатый	5746
шпионка	5745
выпать	5744
приумножать	5743
эвери	5742
насесть	5741
газированный	5740
брайен	5739
буркулик	5738
пфр	5737
чиано	5736
раскупить	5735
рур	5734
пальмерстон	5733
шишков	5732
бессистемный	5731
злословие	5730
трём	5729
сергеева	5728
иерихон	5727
растопчин	5726
хламида	5725
электростатический	5724
норов	5723
переустановка	5722
нитроглицерин	5721
мишко	5720
сдвоить	5719
пособить	5718
готский	5717
двухканальный	5716
йти	5715
шечь	5714
ммк	5713
нассать	5712
наловчиться	5711
ленфильм	5710
безобразничать	5709
маться	5708
клирос	5707
малко	5706
тасовать	5705
папашка	5704
фенол	5703
довершать	5702
нерадостный	5701
кореянка	5700
зачин	5699
хроно	5698
адвентист	5697
валютно	5696
прогреться	5695
отходняк	5694
крох	5693
орфеус	5692
пассат	5691
губительно	5690
воспоминанье	5689
вые	5688
завершающий	5687
епишко	5686
деноминация	5685
омолаживать	5684
сцепка	5683
эскимо	5682
панкратов	5681
цитируемый	5680
энрике	5679
танака	5678
бойлан	5677
ружьё	5676
морфей	5675
молибден	5674
самоуничижение	5673
минбар	5672
ступка	5671
соколиный	5670
конференц	5669
примериваться	5668
аже	5667
житница	5666
брр	5665
святую	5664
робертович	5663
хоппер	5662
трека	5661
илот	5660
каскер	5659
ёлки	5658
коммун	5657
деревушкин	5656
амнистировать	5655
нелид	5654
отломать	5653
эротизм	5652
уралсвязьинформ	5651
упертый	5650
пышка	5649
початый	5648
фанфик	5647
кожанов	5646
торсионный	5645
стереосистема	5644
стегать	5643
деланно	5642
мажоритарный	5641
вскармливать	5640
сергия	5639
обоюдоострый	5638
этос	5637
сумирэ	5636
ць	5635
ерохин	5634
есколько	5633
рулез	5632
алкоголичка	5631
валлийский	5630
котлас	5629
кк	5628
посмотреться	5627
водо	5626
четвертинка	5625
друкер	5624
дуракон	5623
недоброжелательство	5622
взвешенно	5621
дохристианский	5620
дарт	5619
фибоначчи	5618
кпу	5617
яй	5616
неповрежденный	5615
нереалистичный	5614
купчиха	5613
макеев	5612
сгруппироваться	5611
лабаз	5610
сивка	5609
рецензирование	5608
дод	5607
денюжка	5606
наиграть	5605
римско	5604
фекалия	5603
полнотекстовый	5602
липучка	5601
пощелкать	5600
инта	5599
печкин	5598
прогрев	5597
автоспорт	5596
буксировка	5595
белоусова	5594
сезар	5593
тольяттинский	5592
бюсси	5591
хребт	5590
обезьян	5589
лёгкого	5588
амнуэль	5587
оттереть	5586
чистополь	5585
океания	5584
мостовой	5583
ефремович	5582
вверять	5581
братание	5580
миримский	5579
банг	5578
джеронимо	5577
травмпункт	5576
премьерный	5575
гидрографический	5574
разнимать	5573
ворожба	5572
воспламеняться	5571
отбомбиться	5570
чуп	5569
дольмен	5568
тяжеловес	5567
театрал	5566
тоф	5565
гофолия	5564
нюша	5563
кэ	5562
изи	5561
степаненко	5560
этриан	5559
минпромэнерго	5558
хулить	5557
судзуки	5556
жёлтые	5555
обворовывать	5554
зазеленеть	5553
киноэкран	5552
неверить	5551
диспансеризация	5550
юк	5549
арендодатель	5548
канар	5547
рифленый	5546
кощунственно	5545
аристов	5544
сибелиус	5543
дефис	5542
повелительница	5541
пигмей	5540
подоить	5539
нанси	5538
простынка	5537
кавардак	5536
чайхана	5535
жаров	5534
металлоискатель	5533
челомей	5532
скованный	5531
шнейдер	5530
марьино	5529
похлопотать	5528
облицевать	5527
режис	5526
аргос	5525
гиляровский	5524
эксплорер	5523
обрезка	5522
возбужденный	5521
товстоногов	5520
вгбиложка	5519
жение	5518
чуждыми	5517
котова	5516
железобетон	5515
вонг	5514
цзю	5513
гладиолус	5512
ощериться	5511
пескарь	5510
утопист	5509
безветрие	5508
зрелищность	5507
агрикола	5506
дворянка	5505
топорков	5504
попавшийся	5503
бесклассовый	5502
гайдай	5501
гример	5500
суммарно	5499
душонка	5498
плоскогубцы	5497
аральский	5496
вошедший	5495
антенный	5494
боты	5493
юрис	5492
стишки	5491
скрещиваться	5490
наобещать	5489
пошептаться	5488
лаптев	5487
позариться	5486
скипидар	5485
аксель	5484
зародышевый	5483
телеграфист	5482
путеводный	5481
талантливость	5480
переубеждать	5479
занимаемый	5478
андромеда	5477
павелецкий	5476
впериться	5475
остренький	5474
дэббь	5473
подобострастный	5472
спертый	5471
пономарева	5470
пожива	5469
предвечный	5468
властелина	5467
руся	5466
выпроваживать	5465
щекотно	5464
проамериканский	5463
рукоположить	5462
помассировать	5461
густлик	5460
сизиф	5459
вздернутый	5458
линган	5457
оттава	5456
отползать	5455
кадры	5454
кармапа	5453
космогония	5452
мики	5451
идиома	5450
неотразимо	5449
сплавлять	5448
абсолютизировать	5447
тезаурус	5446
куртина	5445
слететься	5444
пращур	5443
безухов	5442
звяканье	5441
джина	5440
дрезина	5439
фаворитка	5438
домициан	5437
иллюзорность	5436
перово	5435
связовать	5434
сельва	5433
прог	5432
елать	5431
мелихов	5430
утить	5429
отказник	5428
картавый	5427
сульфат	5426
гильермо	5425
сипеть	5424
равиль	5423
притащиться	5422
сальватор	5421
натаскивать	5420
звукоизоляция	5419
двинский	5418
гурченко	5417
муслим	5416
кампф	5415
сконфуженно	5414
тренда	5413
золотухин	5412
главлит	5411
истра	5410
мз	5409
цуп	5408
смиловаться	5407
телепортер	5406
гондола	5405
несоразмерный	5404
дерматит	5403
черчение	5402
ирреальный	5401
американ	5400
машиах	5399
тридцатьчетверка	5398
рабин	5397
пересиливать	5396
возрастный	5395
родрик	5394
гальюн	5393
бранденбург	5392
арий	5391
семипалатинский	5390
искони	5389
традиционалистский	5388
завладевать	5387
онять	5386
недосыпание	5385
гемофилия	5384
животновод	5383
блейка	5382
самоценный	5381
удумать	5380
умножиться	5379
кастальский	5378
неописуемо	5377
думец	5376
навроде	5375
левак	5374
звукозаписывающий	5373
реноме	5372
отстреляться	5371
распыляться	5370
задокументировать	5369
урс	5368
небедный	5367
линдон	5366
ажур	5365
боно	5364
засчитываться	5363
патернализм	5362
базилик	5361
межгалактический	5360
хейли	5359
йо	5358
лимитед	5357
мериться	5356
отговариваться	5355
ливония	5354
сокрытый	5353
отвратиться	5352
есь	5351
мандолина	5350
разворачивание	5349
налепить	5348
сия	5347
горлов	5346
гриффит	5345
анальгин	5344
краснуха	5343
закомплексованный	5342
менолли	5341
заморозка	5340
вчистую	5339
аверинцев	5338
репрезентировать	5337
миться	5336
жизнелюбие	5335
ультракороткий	5334
эп	5333
озлобиться	5332
пустопорожний	5331
броуновский	5330
болящий	5329
сонат	5328
базальт	5327
откапывать	5326
мвту	5325
гоген	5324
приснопамятный	5323
причиндалы	5322
дикстра	5321
шабдурасулов	5320
святоша	5319
похмелиться	5318
сяс	5317
всуе	5316
предначертание	5315
напридумывать	5314
познабух	5313
этически	5312
фанатично	5311
православно	5310
резвость	5309
заруцкий	5308
людоедство	5307
разнуздать	5306
арканзас	5305
иссохнуть	5304
дженнсен	5303
многоярусный	5302
естессно	5301
дорвейщик	5300
флетч	5299
испоганить	5298
эдельвейс	5297
захныкать	5296
зазорно	5295
защелкнуть	5294
петелька	5293
незнакомок	5292
напать	5291
просипеть	5290
ширли	5289
аккуратненький	5288
гэт	5287
черевичный	5286
полиглот	5285
сжиться	5284
невероятность	5283
камергер	5282
отрядный	5281
иннокентьевич	5280
дашков	5279
горячев	5278
шифрованный	5277
мурочка	5276
планетка	5275
телеэфир	5274
альтаир	5273
хелирование	5272
леса	5271
отребье	5270
сионский	5269
гриль	5268
мотивчик	5267
дзенский	5266
отмотать	5265
безалаберный	5264
вание	5263
золотить	5262
маслова	5261
разночинец	5260
досуговой	5259
помериться	5258
прыгун	5257
перезимовать	5256
матер	5255
лиричный	5254
откупаться	5253
скалозуб	5252
гречь	5251
иоаннов	5250
окленд	5249
соляный	5248
дезавуировать	5247
жертвователь	5246
вразумительно	5245
коржавин	5244
голден	5243
выволакивать	5242
мочалов	5241
магнитогорский	5240
хайдар	5239
гнус	5238
одежонка	5237
корыстолюбие	5236
бурдье	5235
разжалобить	5234
уфнс	5233
музейщик	5232
многовековый	5231
эндометриоз	5230
пресловуть	5229
релятивизм	5228
гладышев	5227
девченка	5226
целительница	5225
чемп	5224
филимон	5223
новатэк	5222
вымести	5221
красноярец	5220
отлаживать	5219
мант	5218
рокировка	5217
сатиновый	5216
тарасевич	5215
эдипов	5214
кбг	5213
ефрем	5212
свиридова	5211
безвинно	5210
армин	5209
конверсионный	5208
сеймур	5207
факторный	5206
отступное	5205
бурков	5204
целан	5203
тщательнейший	5202
пиастр	5201
вн	5200
сладкоежка	5199
разгибать	5198
японо	5197
автодром	5196
чужеземный	5195
оксанка	5194
макфинли	5193
наукообразный	5192
выбранный	5191
лусия	5190
вексельберг	5189
арф	5188
ххй	5187
твержать	5186
фальшивить	5185
антимир	5184
овсем	5183
кепи	5182
ордынка	5181
чужеземной	5180
инсулинотерапия	5179
эмби	5178
затвориться	5177
высветиться	5176
квин	5175
нелетный	5174
тарасович	5173
гликемический	5172
пелопоннесский	5171
госиздат	5170
оборонно	5169
болтливость	5168
ойкумена	5167
бездуховность	5166
бердый	5165
кодовой	5164
обкуриться	5163
регги	5162
анд	5161
бехтерев	5160
хургада	5159
жур	5158
проветриться	5157
предменструальный	5156
тормашки	5155
бобринский	5154
фонтенбло	5153
бидж	5152
щеточка	5151
ранговый	5150
мускат	5149
нокс	5148
бадья	5147
италийский	5146
игристый	5145
отфильтровать	5144
мсы	5143
общекультурный	5142
корин	5141
герат	5140
аум	5139
выбивание	5138
трейниц	5137
признаётся	5136
нелепица	5135
вкусовый	5134
аревало	5133
гласеть	5132
прокуренный	5131
барбос	5130
зябнуть	5129
алка	5128
гайд	5127
недоделка	5126
дементор	5125
миттеран	5124
перье	5123
махаон	5122
растениеводство	5121
красотища	5120
приучиться	5119
бутов	5118
макроскопический	5117
разладиться	5116
возчик	5115
прогревать	5114
пассионарный	5113
даргомыжский	5112
лучок	5111
миссури	5110
расчетно	5109
црб	5108
щастье	5107
раут	5106
потемкинский	5105
усманов	5104
архиватор	5103
стропа	5102
прикомандировать	5101
приноравливаться	5100
корнфорт	5099
обеспеченный	5098
скоромный	5097
вермахта	5096
инфинитив	5095
нарциссизм	5094
перебинтовать	5093
чайф	5092
ценза	5091
юрич	5090
фомка	5089
сращивание	5088
вздыбить	5087
синема	5086
шантажист	5085
пастуший	5084
рвань	5083
инсайт	5082
примеряться	5081
распознаваться	5080
эпатажный	5079
подковерный	5078
смоль	5077
бандерас	5076
арбенина	5075
перепроверять	5074
озирать	5073
таллинский	5072
самуэль	5071
кение	5070
доковылять	5069
девятиэтажный	5068
рибейра	5067
парсек	5066
одухотворить	5065
выламывать	5064
юлить	5063
горчаков	5062
инсаров	5061
телепатически	5060
рассыльный	5059
ослушать	5058
дальновидность	5057
умилиться	5056
друд	5055
референция	5054
маришка	5053
спариваться	5052
паскуда	5051
куражиться	5050
безгласный	5049
зычно	5048
потусоваться	5047
сеньорит	5046
бородача	5045
перемигиваться	5044
онанировать	5043
игнатие	5042
кусково	5041
вымотаться	5040
наоми	5039
почувствоваться	5038
централ	5037
мегаватт	5036
жердочка	5035
гребный	5034
кейптаун	5033
монограмма	5032
предреволюционный	5031
перейдём	5030
массовик	5029
остеопороз	5028
весёлым	5027
радиорубка	5026
раскрепостить	5025
вэб	5024
биофизика	5023
саган	5022
туземный	5021
близняшка	5020
невостребованность	5019
гоминьдан	5018
смазочный	5017
галантерейный	5016
допустим	5015
неустроев	5014
недружелюбно	5013
дискриминировать	5012
мужаться	5011
ордовский	5010
вышибала	5009
катапультироваться	5008
высокотехнологический	5007
глюкометр	5006
гондон	5005
сумин	5004
порассказать	5003
туран	5002
взасос	5001
синхронность	5000
докладной	4999
гар	4998
подстрочник	4997
фтор	4996
собаковод	4995
нагревательный	4994
разломить	4993
берать	4992
распекать	4991
чавканье	4990
ерный	4989
разнобой	4988
тропарь	4987
фиолетово	4986
приеться	4985
дышло	4984
клянуться	4983
неощутимый	4982
дженифер	4981
обстрела	4980
телепорт	4979
гвидо	4978
ллэр	4977
кваша	4976
повязывать	4975
тгк	4974
переориентироваться	4973
гастролер	4972
плавсредство	4971
приборчик	4970
навеска	4969
юлечка	4968
внемлить	4967
свящий	4966
минирование	4965
одновременность	4964
отжимание	4963
печенег	4962
быстроходный	4961
тарский	4960
лопоухий	4959
глупышка	4958
минц	4957
сплющить	4956
наяривать	4955
разгладиться	4954
тё	4953
конструироваться	4952
опрятность	4951
лихач	4950
мадди	4949
подтаскивать	4948
бирон	4947
заплечный	4946
осанна	4945
восьмидесятилетний	4944
плоско	4943
рем	4942
прокусить	4941
сардина	4940
сквернословие	4939
рекомендованный	4938
воронье	4937
спиритизм	4936
янь	4935
булганин	4934
боромир	4933
юмашев	4932
щепочка	4931
ндпи	4930
масяня	4929
исхом	4928
багир	4927
сопровождающий	4926
аудиосистема	4925
тревис	4924
шконка	4923
валентайн	4922
предоставиться	4921
превью	4920
арсеньева	4919
респектабельность	4918
берестяной	4917
репейник	4916
полированный	4915
вип	4914
крутов	4913
говорок	4912
загоготать	4911
доминион	4910
конфликтующий	4909
приливый	4908
глух	4907
феерия	4906
хасидский	4905
тельно	4904
хостер	4903
султанов	4902
заносчивость	4901
медрес	4900
пасквиль	4899
маф	4898
тонюсенький	4897
млрд	4896
фрейдистский	4895
форте	4894
дорожник	4893
среднерусский	4892
денисовна	4891
имать	4890
обыденно	4889
аннет	4888
кирилло	4887
обозлить	4886
зть	4885
ледок	4884
пятибалльный	4883
беларус	4882
сесиль	4881
золовка	4880
полюбовно	4879
падре	4878
мастдать	4877
медбрат	4876
талантливейший	4875
вполуха	4874
подводной	4873
макарыч	4872
бредятина	4871
каприо	4870
мамардашвили	4869
переменка	4868
бирмингем	4867
гоплит	4866
влтава	4865
пьём	4864
пришпорить	4863
симулянт	4862
лех	4861
кидман	4860
придавливать	4859
застегиваться	4858
горацио	4857
стеценко	4856
слизерин	4855
убиение	4854
переползти	4853
прихлебатель	4852
беспозвоночный	4851
покружить	4850
интервьюировать	4849
ненадо	4848
комплементарный	4847
ступица	4846
тэйт	4845
койот	4844
парсонс	4843
ади	4842
ливанов	4841
посверкивать	4840
плачида	4839
взаимовыручка	4838
психотип	4837
гусман	4836
достопамятный	4835
лорка	4834
бошка	4833
лам	4832
редуктор	4831
древнеиндийский	4830
дармовой	4829
нарративный	4828
вводимый	4827
заести	4826
возмутитель	4825
обносить	4824
танах	4823
аглицкий	4822
азалия	4821
ханаан	4820
политизация	4819
болеслав	4818
докупить	4817
парагвай	4816
небесполезный	4815
хелм	4814
грумио	4813
сеид	4812
первоочередный	4811
мужчинка	4810
носительница	4809
черепушка	4808
хендерсон	4807
поднажать	4806
стрип	4805
печник	4804
засос	4803
эпоксидный	4802
надыбать	4801
луксор	4800
паять	4799
набожность	4798
шатать	4797
аллигатор	4796
выходный	4795
неуместность	4794
октать	4793
киммерийский	4792
бесперебойно	4791
умбридж	4790
сконфузиться	4789
затруднительно	4788
навсего	4787
вырубаться	4786
обручиться	4785
подкласс	4784
василиск	4783
несать	4782
рный	4781
базельский	4780
злоупотребить	4779
высыпание	4778
трансфера	4777
меламед	4776
сберкнижка	4775
донахь	4774
кибальчич	4773
коньячный	4772
увод	4771
макарон	4770
судейкин	4769
водник	4768
ушной	4767
осокин	4766
партсобрание	4765
неколебимый	4764
сургутский	4763
наращиваться	4762
тейп	4761
пицунда	4760
двадцатилетие	4759
иллюстрироваться	4758
теннисистка	4757
переоснащение	4756
захир	4755
обеспокоенно	4754
разыскание	4753
берлинец	4752
дюсш	4751
галин	4750
провисать	4749
коренный	4748
искусствоведческий	4747
метьюрин	4746
округляться	4745
носовский	4744
маки	4743
коаксиальный	4742
шапокляк	4741
пересыльный	4740
труженица	4739
слизняк	4738
выстлать	4737
розе	4736
алинда	4735
тараканий	4734
седлать	4733
пэйган	4732
устаканиться	4731
арагон	4730
изнеженный	4729
коул	4728
мим	4727
деревообработка	4726
юити	4725
иас	4724
слоеный	4723
линейность	4722
стрелялка	4721
тахикардия	4720
одноименной	4719
мануальный	4718
крук	4717
украсти	4716
дженюари	4715
прикладывание	4714
подвешенный	4713
доценко	4712
выметать	4711
трагикомедия	4710
черномазый	4709
бузить	4708
схематично	4707
полушарий	4706
игарка	4705
зазвать	4704
неф	4703
оа	4702
улюлюканье	4701
аларант	4700
красногвардеец	4699
робинс	4698
развивающий	4697
слабосильный	4696
шацкий	4695
буги	4694
востоковед	4693
нецелевой	4692
катынь	4691
автогонщик	4690
интерполяция	4689
луизиан	4688
наладонник	4687
имфвкпэ	4686
госимущество	4685
галун	4684
тухнуть	4683
всплескивать	4682
ридли	4681
глобать	4680
просунуться	4679
хэлло	4678
помолвить	4677
хад	4676
поворчать	4675
госдеп	4674
мадер	4673
везувий	4672
кнессета	4671
подлесок	4670
млад	4669
стрингер	4668
клейст	4667
мартьянов	4666
ящерка	4665
павлодар	4664
высокотемпературный	4663
терракт	4662
умилительный	4661
литвиненко	4660
кантовский	4659
просканировать	4658
триумфатор	4657
ельзя	4656
свит	4655
прясть	4654
изолента	4653
чт	4652
заболтаться	4651
освященный	4650
ясновидец	4649
нытик	4648
краснова	4647
лажа	4646
охуеть	4645
посходить	4644
кабанов	4643
зачеркивать	4642
конспектировать	4641
трансформационный	4640
травиться	4639
сквайр	4638
заискриться	4637
подтип	4636
неторопливость	4635
шутовской	4634
вайзенхэммер	4633
нижегородской	4632
сказитель	4631
тимирязевский	4630
шлиман	4629
немыть	4628
многосерийный	4627
обуться	4626
улепетывать	4625
мавроди	4624
эрть	4623
ваятель	4622
наущение	4621
беззастенчивый	4620
запойный	4619
затошнить	4618
аксеот	4617
маракот	4616
цистит	4615
айя	4614
манат	4613
сред	4612
изъявление	4611
толедо	4610
западничество	4609
броненосный	4608
резонер	4607
приплести	4606
барбекю	4605
вытаращиться	4604
пожайлуста	4603
фабрик	4602
чушка	4601
клянуть	4600
китовый	4599
обручев	4598
энергокомпания	4597
братоубийственный	4596
пыльно	4595
коричневатый	4594
отладчик	4593
поостеречься	4592
привольный	4591
бэда	4590
взметнуть	4589
уго	4588
пиротехника	4587
тво	4586
неодобрительный	4585
кудимов	4584
скопин	4583
модифицироваться	4582
двухлитровый	4581
арбузов	4580
гуантанамо	4579
грудина	4578
митр	4577
ионический	4576
взлохматить	4575
податливость	4574
плотоядно	4573
стройно	4572
неход	4571
несоизмеримый	4570
Спорткомплекс	4569
усреднение	4568
конвульсии	4567
саров	4566
далёком	4565
базен	4564
обезвреживание	4563
нерожденный	4562
сисоп	4561
крепчайший	4560
низкокалорийный	4559
манечка	4558
добренький	4557
мертвецки	4556
ааааа	4555
раздвоенный	4554
филиппинский	4553
мармеладов	4552
рытвина	4551
возглавляться	4550
мейнстрим	4549
метеорология	4548
заглядеться	4547
интеллидженс	4546
таиландский	4545
скарлатина	4544
вандерман	4543
татария	4542
нечетко	4541
алексашенко	4540
пристегивать	4539
первооснова	4538
пилсудский	4537
ненасильственный	4536
флегматично	4535
простое	4534
массажистка	4533
конвертор	4532
гипертрофия	4531
добавленный	4530
охранитель	4529
ямбург	4528
маис	4527
пятикнижие	4526
штелин	4525
нанг	4524
вдыхание	4523
жнец	4522
перекраивать	4521
таша	4520
котя	4519
митино	4518
мотрич	4517
эксия	4516
линней	4515
произвёл	4514
кривоватый	4513
брательник	4512
амурный	4511
приливный	4510
гречиха	4509
содержательность	4508
авиагруппа	4507
вышинский	4506
лилек	4505
семилетка	4504
оффшор	4503
остный	4502
людно	4501
несолидный	4500
нияз	4499
микробиология	4498
галл	4497
лобовый	4496
язвенный	4495
берл	4494
разделяемый	4493
бьюик	4492
шнуровка	4491
суздаль	4490
упражнять	4489
флэт	4488
мифологема	4487
несвязный	4486
вааще	4485
подминать	4484
безбрачие	4483
соразмерность	4482
джесс	4481
хаб	4480
саранин	4479
замесить	4478
вулич	4477
шалый	4476
запуганный	4475
обездоленный	4474
байер	4473
тромбоз	4472
треф	4471
бронников	4470
кларисса	4469
самвести	4468
конно	4467
полякова	4466
минитак	4465
предвзять	4464
хладобойников	4463
авитаминоз	4462
прополоскать	4461
порыбачить	4460
Понт	4459
топологический	4458
хромовый	4457
аутотренинг	4456
рилейшнза	4455
шведка	4454
беззакония	4453
хамид	4452
распинать	4451
мидпойнт	4450
энрико	4449
широкоугольный	4448
уравнительный	4447
антисоветчик	4446
впихивать	4445
щедровицкий	4444
впечатлительность	4443
дочитывать	4442
водворение	4441
колыхнуться	4440
экологичность	4439
назарова	4438
сертификационный	4437
чукоккала	4436
усё	4435
обосрать	4434
трагично	4433
тог	4432
безнадзорность	4431
лещенко	4430
сектантство	4429
неформально	4428
топорный	4427
басманов	4426
демонополизация	4425
фп	4424
жмурки	4423
рамзес	4422
конфедерат	4421
кудряшки	4420
нижеследовать	4419
электронщик	4418
турбулентность	4417
растирание	4416
айсман	4415
поликей	4414
дунаев	4413
лоранс	4412
врыть	4411
данко	4410
катюшка	4409
туф	4408
ужасающе	4407
пораскинуть	4406
ведтись	4405
оскорбительно	4404
губерт	4403
офигительный	4402
беседой	4401
опий	4400
соломонович	4399
самашка	4398
бартенев	4397
попрежний	4396
белокожий	4395
чжу	4394
малин	4393
пылесосить	4392
амбивалентность	4391
зашибить	4390
фланелевый	4389
дюймовочка	4388
феноменально	4387
левински	4386
заупрямиться	4385
исландский	4384
эгоистично	4383
порджи	4382
димитрие	4381
антикоммунист	4380
меир	4379
ногайский	4378
аждый	4377
спрайт	4376
лапландия	4375
преуспевание	4374
шпет	4373
тремор	4372
погребенье	4371
зачесть	4370
зачищать	4369
глядеться	4368
бортовый	4367
мирза	4366
экскаваторщик	4365
лер	4364
пригрезиться	4363
леонидов	4362
кряж	4361
угольщик	4360
гласно	4359
похмелкин	4358
вычищать	4357
реинжиниринг	4356
прерогатив	4355
струхнуть	4354
букеровский	4353
встраивание	4352
дитер	4351
гессен	4350
матвеевна	4349
нарасти	4348
медленность	4347
свекольный	4346
гашка	4345
дойка	4344
утех	4343
ость	4342
ксантипп	4341
лоббизм	4340
дезориентация	4339
перезаряжать	4338
чекушка	4337
курдистан	4336
буковина	4335
линька	4334
нелегитимный	4333
въездной	4332
такелаж	4331
передаётся	4330
предоставляемый	4329
курортник	4328
побежденный	4327
инферно	4326
кодироваться	4325
амвон	4324
соловьиный	4323
остапенко	4322
тэо	4321
маркос	4320
рантье	4319
бессоюзный	4318
суфия	4317
дубрава	4316
преломить	4315
позолоченный	4314
вздуваться	4313
мммм	4312
стрекот	4311
прослушка	4310
предоставленный	4309
троичный	4308
клио	4307
вэл	4306
постигаться	4305
новозеландец	4304
придумываться	4303
кильватер	4302
докторант	4301
инерциальный	4300
чуство	4299
десятикратный	4298
неопределённости	4297
горячительный	4296
ветхость	4295
огарок	4294
покатываться	4293
перепахать	4292
псалтырь	4291
высокопарно	4290
надеиться	4289
компанейский	4288
наркоторговля	4287
расщепляться	4286
календарик	4285
ватерлиния	4284
чарт	4283
поднатужиться	4282
гестбук	4281
семантически	4280
провозвестник	4279
чистоплотность	4278
кувшинчик	4277
сва	4276
овк	4275
внучок	4274
нелл	4273
порошковый	4272
разветвляться	4271
намёк	4270
лифтовый	4269
белые	4268
блудливый	4267
ике	4266
капиллярный	4265
пига	4264
совр	4263
лаппо	4262
кошелев	4261
кинокадр	4260
пифия	4259
гламур	4258
слепень	4257
имп	4256
туровский	4255
аллегорий	4254
кашкин	4253
попинать	4252
ильдар	4251
вирши	4250
песный	4249
вымаливать	4248
пятидневный	4247
неординарность	4246
резекция	4245
двуколка	4244
проштрафиться	4243
минусинск	4242
ятаган	4241
пермяк	4240
развенчание	4239
очить	4238
грише	4237
эткинд	4236
лосося	4235
гипертрофировать	4234
счищать	4233
нашатырный	4232
авиаотряд	4231
надломиться	4230
безвыходной	4229
минчанин	4228
фант	4227
спрут	4226
фонякин	4225
манаоло	4224
изь	4223
определяемый	4222
приспособительный	4221
старшекурсник	4220
волоколамск	4219
иерархически	4218
предвестие	4217
поэтично	4216
кастрюлец	4215
пропорциональность	4214
беатрис	4213
ланжевен	4212
вэ	4211
пергаментный	4210
тюряга	4209
амма	4208
производное	4207
шмякнуться	4206
терентьева	4205
научать	4204
разгорячиться	4203
веселовский	4202
овать	4201
композит	4200
заразительно	4199
оков	4198
бэннер	4197
лыбиться	4196
отпивать	4195
парис	4194
геенна	4193
переврать	4192
схождение	4191
изувер	4190
новехонький	4189
поэм	4188
юнус	4187
замерцать	4186
этайн	4185
распрекрасный	4184
змие	4183
впаять	4182
скандалист	4181
кими	4180
сорм	4179
неисчерпать	4178
джаггер	4177
ростопчина	4176
вотум	4175
снегурка	4174
христофорович	4173
всепоглощающий	4172
терехова	4171
санаторный	4170
ганин	4169
пункция	4168
сцилла	4167
захватывающий	4166
пидар	4165
сява	4164
дешев	4163
наводиться	4162
малколм	4161
придумка	4160
березино	4159
дредноут	4158
михельсон	4157
тихоходный	4156
отбуксировать	4155
тиха	4154
непротивление	4153
метрологический	4152
плодный	4151
спецсредство	4150
интим	4149
торчок	4148
землистый	4147
наметать	4146
распростереться	4145
отт	4144
разнять	4143
заволакивать	4142
нечестивец	4141
китаяц	4140
терпить	4139
садок	4138
магалиф	4137
сур	4136
гипердинамический	4135
офшор	4134
ихтиандрыч	4133
селый	4132
криминалистика	4131
подготавливаться	4130
обтекатель	4129
твердеть	4128
душенов	4127
вдарить	4126
одноцветный	4125
бюрократизация	4124
расследоваться	4123
миома	4122
примерочный	4121
сладострастно	4120
лохой	4119
учёным	4118
хельмут	4117
сальник	4116
головин	4115
вчерась	4114
вдовый	4113
намешать	4112
лёшка	4111
иосавеф	4110
станс	4109
непротиворечивость	4108
димитров	4107
нарзан	4106
врёт	4105
чеченка	4104
обладминистрация	4103
арам	4102
гик	4101
импресарио	4100
психопатия	4099
посудный	4098
фар	4097
лазо	4096
отягостить	4095
рек	4094
ностальгировать	4093
подслушивание	4092
пауэр	4091
марафонский	4090
актюбинский	4089
перекрестка	4088
ангелочек	4087
тартаковский	4086
перепой	4085
рабовладение	4084
альбрехт	4083
незанятый	4082
беллатрикс	4081
шестаково	4080
карабинер	4079
веда	4078
мурза	4077
утихомириться	4076
моисеевна	4075
разминировать	4074
славко	4073
рукоплескание	4072
золотоискатель	4071
полковский	4070
гремио	4069
промурлыкать	4068
грановский	4067
бриджи	4066
аполитичный	4065
вожиков	4064
дрить	4063
ломота	4062
оперативка	4061
методичный	4060
спросонок	4059
широковещательный	4058
цсп	4057
музыковед	4056
джефри	4055
кинематический	4054
ссудить	4053
дефляция	4052
улучсить	4051
шляпник	4050
благовония	4049
лолит	4048
галета	4047
воздаться	4046
нестандартно	4045
спиридонович	4044
заваться	4043
диалектически	4042
торби	4041
еслиб	4040
камбодж	4039
парацельс	4038
снабжить	4037
мускатный	4036
ферганский	4035
челночный	4034
нус	4033
прожужжать	4032
розенбаум	4031
узд	4030
филипа	4029
лоция	4028
эклер	4027
предпочёл	4026
вдохновенье	4025
алабама	4024
лесневский	4023
припоздниться	4022
приэльбрусье	4021
тыквенный	4020
ордынский	4019
якимов	4018
киномеханик	4017
хьюджес	4016
перекрещиваться	4015
восемнадцатой	4014
хау	4013
всевластие	4012
кривый	4011
стреляный	4010
оправлять	4009
подбочениться	4008
доз	4007
сим	4006
элитарность	4005
вице	4004
жалостливо	4003
чэнь	4002
кертес	4001
невидаль	4000
горчичник	3999
ввечеру	3998
бхакть	3997
казанка	3996
стендовый	3995
мудвка	3994
веды	3993
уфф	3992
отстраненный	3991
артюхов	3990
модальный	3989
амфибия	3988
оркестрант	3987
мелитополь	3986
невилла	3985
лемма	3984
атейла	3983
централизм	3982
ввозиться	3981
отлаженный	3980
догматик	3979
хатка	3978
эйхенбаум	3977
деп	3976
сушняк	3975
секулярный	3974
триколор	3973
тимофеич	3972
калибро	3971
сдержка	3970
невменяемость	3969
насидеть	3968
леть	3967
вивенди	3966
орпорпорп	3965
таблоид	3964
подстричься	3963
чумак	3962
подначивать	3961
чес	3960
супермодель	3959
оборачивать	3958
пакостить	3957
карамзаев	3956
куртуазный	3955
крейгар	3954
щелкунчик	3953
обобществление	3952
садо	3951
карбид	3950
самобичевание	3949
зоотехник	3948
боснийский	3947
дейч	3946
сфальсифицировать	3945
эклектичный	3944
застесняться	3943
пробой	3942
катка	3941
джерард	3940
марек	3939
пробурить	3938
оэсрека	3937
дзать	3936
избыточно	3935
макото	3934
захватнический	3933
ненаписанный	3932
доказательность	3931
шмонать	3930
воспроизводимый	3929
удостоверяться	3928
неугасимый	3927
стройбат	3926
бесс	3925
дордже	3924
ачальник	3923
надавливать	3922
толкач	3921
великомученик	3920
честер	3919
ресторация	3918
олеко	3917
кокнуть	3916
врачевать	3915
предвечерний	3914
облегченный	3913
басовой	3912
оградка	3911
этить	3910
приедаться	3909
имиджмейкер	3908
модильяни	3907
копирка	3906
джануть	3905
приканчивать	3904
партнёры	3903
человеча	3902
силища	3901
курбский	3900
притолока	3899
туркенич	3898
разочек	3897
пый	3896
перезарядка	3895
неврология	3894
реформистский	3893
разумник	3892
удобрять	3891
зачесывать	3890
сироткин	3889
бссрека	3888
мазаться	3887
литвин	3886
фубрик	3885
вычислитель	3884
свистопляска	3883
безусый	3882
хибара	3881
колл	3880
азер	3879
долу	3878
лагун	3877
аппроксимация	3876
примеров	3875
вэдом	3874
адаме	3873
лгу	3872
клинически	3871
дракончик	3870
контурный	3869
кравцова	3868
пропрезидентский	3867
распалять	3866
мариинка	3865
каратист	3864
локомотивный	3863
вогнутый	3862
чалый	3861
изменяемый	3860
габротонон	3859
детдомовец	3858
димкин	3857
оден	3856
ткачество	3855
перемолоть	3854
онколог	3853
бронкс	3852
возвр	3851
метан	3850
иноземной	3849
обговаривать	3848
саж	3847
мелань	3846
раскоп	3845
отзвучать	3844
фотосинтез	3843
пиранья	3842
маккоубер	3841
хмельный	3840
планетарий	3839
горемык	3838
силаев	3837
фиби	3836
бутурлин	3835
шершеневич	3834
панюшкин	3833
лисенок	3832
такский	3831
воодушевиться	3830
хэви	3829
олдь	3828
дойдёт	3827
гербицид	3826
дождиться	3825
фореть	3824
стриптизерша	3823
жка	3822
герольд	3821
прорисовываться	3820
утиль	3819
беловатый	3818
поковырять	3817
некрол	3816
всенепременно	3815
размалевать	3814
супердержава	3813
испражняться	3812
машиностроитель	3811
пастер	3810
филателист	3809
ввёл	3808
мстиславский	3807
оприходовать	3806
коэльо	3805
шымкент	3804
майорат	3803
смехов	3802
солировать	3801
верховодить	3800
коломенское	3799
импульсивность	3798
степняк	3797
пошевеливаться	3796
вжиматься	3795
навка	3794
оклахом	3793
сотенный	3792
пауло	3791
мелкооптовый	3790
рафис	3789
зверобой	3788
гефест	3787
дебор	3786
непродовольственный	3785
неодинаково	3784
несхожий	3783
засушить	3782
жюльен	3781
рудиментарный	3780
перастини	3779
зеро	3778
нечестность	3777
антибактериальный	3776
подноготная	3775
нацеливаться	3774
дефо	3773
женькин	3772
шариться	3771
карить	3770
прокаженный	3769
вживание	3768
тобик	3767
любек	3766
огурцов	3765
семье	3764
боев	3763
йодль	3762
пашлифсе	3761
добирать	3760
дубровина	3759
среднеевропейский	3758
тел	3757
домовладение	3756
аудировать	3755
сенегал	3754
кмс	3753
чартерный	3752
нефтегаз	3751
шмот	3750
крестник	3749
мадж	3748
махараджа	3747
беспечной	3746
богобоязненный	3745
пантеизм	3744
анда	3743
танис	3742
томлин	3741
юрьева	3740
чайкин	3739
посошок	3738
еврозон	3737
биоритм	3736
комиссаров	3735
кочкарев	3734
идеализированный	3733
наркомпрос	3732
холмский	3731
румяна	3730
авдеев	3729
оным	3728
обсчитывать	3727
конструктивизм	3726
недобор	3725
дерев	3724
ессентук	3723
автогражданка	3722
доказывание	3721
оттенить	3720
цусимский	3719
аварий	3718
девствить	3717
тоннаж	3716
коробкий	3715
сорин	3714
наплевательский	3713
занимательность	3712
эмалевый	3711
объедать	3710
лонго	3709
лэйбл	3708
шир	3707
езира	3706
эйфелевый	3705
поковыряться	3704
буланов	3703
наследоваться	3702
энсон	3701
нага	3700
откомандировать	3699
малаховка	3698
мобилка	3697
скб	3696
амазония	3695
иза	3694
цзэминь	3693
универсально	3692
таратута	3691
пиренейский	3690
визажист	3689
субъектность	3688
колоссально	3687
долматовский	3686
предречь	3685
садовничий	3684
пром	3683
мешковина	3682
зеленогорск	3681
тиснуть	3680
рефрижератор	3679
докучный	3678
гликемия	3677
контекстуальный	3676
кружный	3675
промедол	3674
рам	3673
тубельский	3672
романцев	3671
вольхин	3670
осадочный	3669
переполняться	3668
юфит	3667
нокия	3666
джоанна	3665
черные	3664
обшарпанный	3663
тренога	3662
кодека	3661
порту	3660
смирять	3659
протолкнуться	3658
приторно	3657
непреклонно	3656
полковничий	3655
каление	3654
ботать	3653
пришпилить	3652
нарезной	3651
позывный	3650
карачаевец	3649
омертветь	3648
переадресовать	3647
неоправдать	3646
тактико	3645
закамуфлировать	3644
умильно	3643
учебка	3642
кнессет	3641
уступчивый	3640
косоглазый	3639
устрашить	3638
пенн	3637
политиздат	3636
тяжелеть	3635
эмка	3634
зый	3633
бенкендорф	3632
змия	3631
пакгауз	3630
покривить	3629
поворотить	3628
слейд	3627
ньюсмейкер	3626
рецессия	3625
поторапливаться	3624
углеродный	3623
кьюница	3622
обожествлять	3621
прикипеть	3620
тувинский	3619
исус	3618
вельбот	3617
драхма	3616
вильный	3615
ветровый	3614
нокдаун	3613
березина	3612
степин	3611
денечек	3610
минимущество	3609
коломиец	3608
галантность	3607
помещица	3606
спечься	3605
игромания	3604
пролистывать	3603
недотепа	3602
желязный	3601
потаскушка	3600
родительный	3599
аден	3598
хаттаб	3597
снорк	3596
цыкнуть	3595
аэробный	3594
дренаж	3593
кур	3592
блеять	3591
разыскиваться	3590
земль	3589
проницательно	3588
гостин	3587
альцгеймер	3586
баюн	3585
азимут	3584
стуртинг	3583
оникс	3582
касательство	3581
адиширный	3580
нарочный	3579
генштаба	3578
штормовка	3577
пожаротушение	3576
инакомыслить	3575
серотонин	3574
клотагорб	3573
моравия	3572
дерзновение	3571
полутень	3570
маре	3569
лоремари	3568
бука	3567
поплевать	3566
шивер	3565
кие	3564
отгрызть	3563
нахвататься	3562
меценатство	3561
нинель	3560
кровосос	3559
волей	3558
мечь	3557
стахановский	3556
излиться	3555
проклюнуться	3554
перетереть	3553
самозабвение	3552
стройной	3551
маас	3550
тимотей	3549
вира	3548
предлогать	3547
зарисовать	3546
формалист	3545
тротиловый	3544
вериасс	3543
дотащиться	3542
гез	3541
выгрузиться	3540
дмитровка	3539
вшивость	3538
арендованный	3537
слейтер	3536
алкмеонид	3535
бухточка	3534
пустынник	3533
захарченко	3532
мна	3531
сваляться	3530
уничтожитель	3529
облиться	3528
аварийность	3527
реляция	3526
ганя	3525
зяблик	3524
альтшулер	3523
джабраилов	3522
асбест	3521
повиниться	3520
схавать	3519
готтлиб	3518
надоеть	3517
медведя	3516
взратить	3515
рсо	3514
жёсткие	3513
папуля	3512
аптекарский	3511
тугий	3510
сака	3509
днако	3508
вадимовна	3507
обвиться	3506
катюха	3505
кругляк	3504
нагрубить	3503
четвертак	3502
додж	3501
дюем	3500
повредиться	3499
плевна	3498
каминский	3497
вылинять	3496
выругать	3495
напряжённо	3494
житок	3493
плотницкий	3492
дебора	3491
накипеть	3490
тождественно	3489
непрестижный	3488
трепка	3487
плодоносный	3486
чиниться	3485
спиритический	3484
загул	3483
дайв	3482
выкраивать	3481
запеканка	3480
вольфрам	3479
павлушка	3478
эльмира	3477
мейстер	3476
фенечка	3475
никодимый	3474
многостраничный	3473
уро	3472
баграт	3471
голкипер	3470
конюс	3469
баженов	3468
фокстрот	3467
ювао	3466
увольнительный	3465
фрикция	3464
штрафник	3463
муська	3462
перетягивание	3461
верхотура	3460
бабанов	3459
тюлевый	3458
эскадриль	3457
сантехнический	3456
неприкасаемый	3455
богемский	3454
низвержение	3453
фибула	3452
лиф	3451
мисочка	3450
растревожить	3449
грамотей	3448
пикетирование	3447
улаживание	3446
общесоюзный	3445
захватывающе	3444
маруська	3443
кгора	3442
токарев	3441
выгорать	3440
кмосфера	3439
переносимый	3438
бомер	3437
проглянуть	3436
кряжистый	3435
бесплатность	3434
гулявин	3433
саломаха	3432
геральдика	3431
мэйл	3430
талл	3429
вычленение	3428
монарший	3427
шафран	3426
дефрагментация	3425
карасев	3424
гаванин	3423
тангенциальный	3422
обуглиться	3421
сметный	3420
гонсалес	3419
нечерноземье	3418
немодный	3417
займёт	3416
крымец	3415
запрашиваемый	3414
прихорашиваться	3413
сеславинский	3412
гау	3411
парашютно	3410
пигментный	3409
пидорас	3408
сайдвэй	3407
вдохновиться	3406
вымучить	3405
голов	3404
щебенка	3403
пбоюло	3402
свядеться	3401
прыткий	3400
отходчивый	3399
синеглазый	3398
орз	3397
плещеев	3396
меновой	3395
минерально	3394
анат	3393
лесовоз	3392
яранг	3391
матюк	3390
лейтон	3389
онанист	3388
непредвзятый	3387
улавливаться	3386
булавочный	3385
окон	3384
убаюкать	3383
догматика	3382
филлипс	3381
гелия	3380
пластилиновый	3379
муравьёв	3378
обормот	3377
зулейка	3376
брейгель	3375
виньетка	3374
амбер	3373
гидроизоляция	3372
честолюбец	3371
межрелигиозный	3370
страз	3369
перемотать	3368
ликвидироваться	3367
складчина	3366
бессон	3365
мебельщик	3364
микрокуб	3363
расселиться	3362
оголять	3361
обобщающий	3360
бабахнуть	3359
трущоб	3358
цветистый	3357
разодеть	3356
карпович	3355
паин	3354
верховский	3353
двуокись	3352
содержанка	3351
накраситься	3350
френд	3349
болотников	3348
льва	3347
худяков	3346
толченый	3345
радийный	3344
калужской	3343
корее	3342
толко	3341
гедонизм	3340
террористка	3339
использованный	3338
муторный	3337
кашапов	3336
жульничать	3335
поролоновый	3334
досудебный	3333
отта	3332
ларсон	3331
гермоген	3330
экзистенция	3329
черубина	3328
охранить	3327
разрыть	3326
уг	3325
вычертить	3324
надир	3323
сунь	3322
разубеждать	3321
матроскин	3320
фотоматериал	3319
погромщик	3318
несамостоятельный	3317
реджи	3316
грибофф	3315
твёрдой	3314
продаёт	3313
ошибок	3312
конвоировать	3311
взаимозаменяемость	3310
анк	3309
детерминант	3308
нищенство	3307
чижевский	3306
пшенный	3305
шлепаться	3304
ромеро	3303
санинструктор	3302
зяма	3301
знаменка	3300
сенсей	3299
неуверить	3298
тод	3297
деленна	3296
жозефин	3295
бабуин	3294
зорькин	3293
мно	3292
чернобров	3291
русифицировать	3290
герасименко	3289
суфлер	3288
блюд	3287
компутер	3286
евстигнеев	3285
маскарадный	3284
диабетический	3283
абиссинский	3282
кормак	3281
абрек	3280
правоспособность	3279
фест	3278
тинэйджер	3277
простокваша	3276
трояк	3275
посвежеть	3274
косноязычный	3273
проедать	3272
валуа	3271
колченогий	3270
обсчитать	3269
береть	3268
магнитка	3267
слободка	3266
добровольность	3265
лубок	3264
крак	3263
палеолит	3262
симптоматический	3261
ужно	3260
регрессивный	3259
безвылазно	3258
благонадежность	3257
эгалитарный	3256
наждачный	3255
евка	3254
кружаться	3253
истребовать	3252
како	3251
самодовлеть	3250
дербент	3249
пробковый	3248
подворачиваться	3247
полминуть	3246
пенний	3245
помазанник	3244
хруничев	3243
агитка	3242
верёвку	3241
ксенофобский	3240
авен	3239
вплывать	3238
рубероид	3237
экстравагантность	3236
аллель	3235
тарзанка	3234
дзинь	3233
пелипейко	3232
пылкость	3231
реприза	3230
членораздельный	3229
фортификационный	3228
поупражняться	3227
хоккайдо	3226
несдержанный	3225
сталкинг	3224
корфу	3223
выдолбить	3222
волынь	3221
прикуп	3220
конешно	3219
харбина	3218
соизмерять	3217
крысолов	3216
однотактный	3215
диггер	3214
фальшивомонетчик	3213
номада	3212
паденье	3211
перечислим	3210
удалый	3209
ждёшь	3208
андромед	3207
неврастеник	3206
вразнобой	3205
силён	3204
зосима	3203
ментально	3202
скелетный	3201
военщина	3200
мастика	3199
эгоцентрический	3198
гошка	3197
левитин	3196
удручить	3195
балабанов	3194
перезнакомиться	3193
откидный	3192
величко	3191
вегетарианство	3190
искупительный	3189
парадин	3188
невежа	3187
касаткина	3186
радийщик	3185
левандовский	3184
перевариваться	3183
ветряк	3182
иустин	3181
наскакивать	3180
идеологема	3179
внешкольный	3178
околесица	3177
монголо	3176
самоорганизоваться	3175
аморальность	3174
утраченный	3173
митингующий	3172
замогильный	3171
дудки	3170
усвоенный	3169
заслушивать	3168
гирц	3167
остросюжетный	3166
сережин	3165
дешевенький	3164
ручкин	3163
мирония	3162
самоустраниться	3161
расчетливость	3160
антоха	3159
уилкинс	3158
чартер	3157
недвижно	3156
бубенчик	3155
ребятня	3154
распаковка	3153
загривка	3152
помазание	3151
познавательно	3150
майлза	3149
сухогруз	3148
лакокрасочный	3147
разучить	3146
плебс	3145
ползунок	3144
протолкаться	3143
паро	3142
миллениум	3141
шляхтич	3140
побоку	3139
никсдорф	3138
ге	3137
непереносимость	3136
олбрайт	3135
бреслау	3134
стотысячный	3133
фотонный	3132
фотобумага	3131
уточненный	3130
брег	3129
пятикратный	3128
интеллектуальность	3127
пва	3126
евроремонт	3125
маканин	3124
окопчик	3123
твердышев	3122
дядь	3121
разбитной	3120
хоменко	3119
фаритович	3118
вимм	3117
айтматов	3116
полноценность	3115
псевдонаучный	3114
тепляк	3113
всепрощение	3112
сельпо	3111
алить	3110
шарканье	3109
феоктист	3108
фиорд	3107
россказни	3106
пысюк	3105
биржевик	3104
фабульный	3103
гуляш	3102
готланд	3101
серина	3100
выстаивать	3099
всеможать	3098
тимоха	3097
юденич	3096
которой	3095
морд	3094
прорисовка	3093
борон	3092
рорванец	3091
гао	3090
незаполненный	3089
транссиб	3088
гент	3087
варфоломеевский	3086
хаскель	3085
жирок	3084
вронский	3083
астор	3082
милютин	3081
велединский	3080
отчужденно	3079
оштинский	3078
констан	3077
скольки	3076
тах	3075
мемуар	3074
сарацин	3073
оплетать	3072
эрхард	3071
циферка	3070
нагреватель	3069
городницкий	3068
опереточный	3067
магически	3066
панда	3065
попало	3064
ницшеанство	3063
прогалина	3062
погашаться	3061
свиснуть	3060
нечесаный	3059
попридержать	3058
городничего	3057
плейс	3056
светодиодный	3055
карантинный	3054
аяцков	3053
стефен	3052
дорисовывать	3051
бердичев	3050
сумняшеся	3049
фермор	3048
словенский	3047
додик	3046
гур	3045
элан	3044
неприкрыть	3043
пиратка	3042
поплавский	3041
инспектировать	3040
ожий	3039
шнитке	3038
зигзагообразный	3037
гримаска	3036
плаз	3035
комбайнер	3034
уиллард	3033
первородство	3032
котл	3031
вместиться	3030
прованс	3029
доронин	3028
гнобить	3027
неосвещенный	3026
четвёртая	3025
слизать	3024
кокарда	3023
киноактриса	3022
зарешетить	3021
барсик	3020
астрофизик	3019
аллитерация	3018
троп	3017
постинор	3016
зреять	3015
брижит	3014
шеин	3013
монд	3012
набрякнуть	3011
радиолокатор	3010
мергес	3009
аудиторный	3008
еужели	3007
молодцом	3006
пацаненок	3005
неожидать	3004
злопыхатель	3003
пререкаться	3002
обесточить	3001
потсдать	3000
снарядный	2999
мандраж	2998
откатить	2997
недемократический	2996
гальванический	2995
гаван	2994
текстильщик	2993
нгла	2992
ланда	2991
шубина	2990
электробритва	2989
чта	2988
угнездиться	2987
престольный	2986
ранжир	2985
несовместный	2984
мобилизоваться	2983
грамматически	2982
матерье	2981
иконография	2980
длиннейший	2979
обский	2978
бестер	2977
узаконенный	2976
мошкара	2975
шушера	2974
паперный	2973
перерубить	2972
наследить	2971
фермерство	2970
графомания	2969
эндреа	2968
клыкастый	2967
владилить	2966
побрызгать	2965
голубеть	2964
пиренеи	2963
рамзан	2962
чрезмерность	2961
ораниенбаум	2960
белковский	2959
неряшливо	2958
катыс	2957
музычка	2956
благорасположение	2955
видеоконференция	2954
гарнитура	2953
вскопать	2952
тундровый	2951
патентованный	2950
ольший	2949
бороденка	2948
первомай	2947
айка	2946
сбираться	2945
денег	2944
обструкция	2943
запылиться	2942
минос	2941
уэльский	2940
иап	2939
абрис	2938
риш	2937
самарин	2936
целенаправленность	2935
возрожденный	2934
эвелина	2933
почуствовать	2932
наиль	2931
трезветь	2930
вменяемость	2929
разморозить	2928
леонтий	2927
аксиологический	2926
сыроватый	2925
мстительность	2924
фанатский	2923
председательский	2922
пропихнуть	2921
дезадаптация	2920
отчёты	2919
выучивать	2918
первенствовать	2917
красновато	2916
гуманитарно	2915
стрим	2914
нергать	2913
дубляж	2912
гус	2911
долгоруков	2910
сабуров	2909
отжим	2908
спить	2907
киликия	2906
напряженка	2905
агриппа	2904
аццкий	2903
распев	2902
портальный	2901
клиницист	2900
мортира	2899
аттический	2898
ленинградка	2897
утопичный	2896
баиньки	2895
разрушительно	2894
бергамота	2893
разведрота	2892
дарвинист	2891
самопальный	2890
топаз	2889
выдавливание	2888
лагранж	2887
лукач	2886
тяпкин	2885
наболевший	2884
зуммер	2883
амбициозность	2882
присылка	2881
красильников	2880
габи	2879
щеголев	2878
ушибленный	2877
курва	2876
алт	2875
приватность	2874
примет	2873
окапываться	2872
нцент	2871
завязь	2870
политизированный	2869
петрозаводский	2868
вспыльчивость	2867
мареев	2866
стик	2865
исса	2864
ритмически	2863
мосс	2862
заморозок	2861
скручиваться	2860
садоводческий	2859
верёвки	2858
молотилка	2857
калиниченко	2856
острастка	2855
безграничность	2854
хоаксер	2853
подгребать	2852
кубышка	2851
обманчиво	2850
губрий	2849
вскачь	2848
оченно	2847
телеграфной	2846
месячник	2845
альмагест	2844
лихтенштейн	2843
людмить	2842
губитель	2841
девчачий	2840
басилашвили	2839
примелькаться	2838
сноу	2837
придвигать	2836
современно	2835
покойная	2834
дорошенко	2833
петролеум	2832
прихвостень	2831
целехонький	2830
назовём	2829
вод	2828
ханко	2827
залиан	2826
полиомиелит	2825
искривиться	2824
хэншоу	2823
препровождать	2822
ретрансляция	2821
припоминаться	2820
юбить	2819
хатха	2818
спорткомплекс	2817
исх	2816
перезагрузить	2815
истолковываться	2814
дудин	2813
виталька	2812
перемышль	2811
припоминание	2810
мусорить	2809
определённом	2808
энтомолог	2807
иное	2806
даниловский	2805
пино	2804
приодеться	2803
гурт	2802
жр	2801
ланский	2800
разрывной	2799
влом	2798
дава	2797
подогнуться	2796
топовый	2795
фуке	2794
зачесться	2793
аргус	2792
напутственный	2791
пятиклассник	2790
теленовость	2789
диться	2788
внутрифирменный	2787
эммануил	2786
дюнкерк	2785
внутривенно	2784
безотрадный	2783
шефский	2782
сайентология	2781
дриада	2780
щаз	2779
бёдра	2778
бобруйский	2777
пулково	2776
погранец	2775
рабфак	2774
голикова	2773
офсетный	2772
марсов	2771
женсовет	2770
митник	2769
сигар	2768
генис	2767
принец	2766
художнический	2765
квакер	2764
рейтузы	2763
поветрие	2762
сингх	2761
антиген	2760
селедочка	2759
пикуль	2758
булгарин	2757
самир	2756
латунь	2755
трудозатраты	2754
шамонь	2753
каналье	2752
проты	2751
четырехмерный	2750
оптико	2749
угнетающе	2748
малинов	2747
кандагарский	2746
никодим	2745
канонир	2744
старр	2743
кромптон	2742
притушить	2741
харизматичный	2740
душераздирать	2739
сингапурский	2738
кузьмичев	2737
амфетамин	2736
политтехнология	2735
залысина	2734
джой	2733
иер	2732
подпалить	2731
унизиться	2730
радуев	2729
нот	2728
прибыловский	2727
каменеть	2726
преклонять	2725
виня	2724
отступничество	2723
суверить	2722
ирный	2721
пиписька	2720
бобина	2719
аммоний	2718
буфетный	2717
гортензия	2716
квасный	2715
системообразующий	2714
прокручиваться	2713
затраченный	2712
бобровый	2711
ростик	2710
ханьский	2709
константиново	2708
подлянка	2707
умозрение	2706
увлажнить	2705
калибан	2704
каракуль	2703
венецианец	2702
серёжка	2701
дейт	2700
элементный	2699
шатко	2698
батумский	2697
тиб	2696
перевоспитывать	2695
левант	2694
рощин	2693
петин	2692
возвеличить	2691
мотка	2690
франсиско	2689
постперестроечный	2688
цэ	2687
ассистировать	2686
опарыш	2685
двк	2684
кочегаров	2683
царицынский	2682
ориентированность	2681
непропорциональный	2680
эштон	2679
вещдок	2678
двуличный	2677
паясничать	2676
разведывать	2675
вороненый	2674
пашкова	2673
яичка	2672
гостелерадио	2671
прижим	2670
техпаспорт	2669
виадук	2668
торжок	2667
невозвращенец	2666
ядерно	2665
разрядность	2664
добрынин	2663
копыл	2662
доннер	2661
гудзон	2660
яппи	2659
стократ	2658
геофизик	2657
внове	2656
некомфортно	2655
сюита	2654
ходжес	2653
аушвица	2652
рх	2651
альтер	2650
тишин	2649
фламенко	2648
обручить	2647
жженый	2646
телеметрический	2645
ортодоксия	2644
фаш	2643
новеченто	2642
изукрасить	2641
диснеевский	2640
инфобизнес	2639
худяев	2638
экстренно	2637
воинственность	2636
рубикон	2635
валахия	2634
закалывать	2633
лоботряс	2632
водянка	2631
вдосталь	2630
овный	2629
мулен	2628
вестернизация	2627
концептуалист	2626
объёмом	2625
иак	2624
аятолл	2623
оложить	2622
лорать	2621
зашторить	2620
кладёт	2619
треволнение	2618
швейцер	2617
любезничать	2616
кульбит	2615
гандлевский	2614
браухич	2613
глумливый	2612
обожествление	2611
исследуемый	2610
эпистемологический	2609
покакать	2608
росбанк	2607
юдина	2606
баллистика	2605
обламываться	2604
кисловатый	2603
жухлый	2602
репертуарный	2601
вероломно	2600
осоавиахим	2599
акцентуация	2598
мурзик	2597
рассредоточиться	2596
ренан	2595
фтыкать	2594
спирит	2593
фанатический	2592
бигфут	2591
плавт	2590
наготовить	2589
вдовствовать	2588
утин	2587
тяпка	2586
анима	2585
лесозаготовительный	2584
уимблдон	2583
допереть	2582
обращить	2581
тяговый	2580
закупорка	2579
зубрежка	2578
патлатый	2577
капец	2576
вплетать	2575
перемен	2574
патриотичный	2573
несовременный	2572
склифосовский	2571
курчатовский	2570
юла	2569
пожалуйст	2568
ориэлла	2567
юксар	2566
размытость	2565
цеппелин	2564
прикроватный	2563
полип	2562
оглашенный	2561
ефрон	2560
виталя	2559
иняз	2558
драгоценнейший	2557
колосков	2556
фау	2555
осмысливание	2554
валерьевна	2553
искалеченный	2552
готлиб	2551
разделенный	2550
ножн	2549
намылиться	2548
студгородок	2547
плохиш	2546
азбучный	2545
возгласить	2544
бродяжничество	2543
ангарский	2542
подтекать	2541
скд	2540
перегруз	2539
многотонный	2538
кулачество	2537
промокашка	2536
Москва	2535
рогоносец	2534
танок	2533
обмирать	2532
творожный	2531
бармалей	2530
ницшеанский	2529
искристый	2528
ампир	2527
приписывание	2526
лесополоса	2525
бина	2524
развития	2523
заостриться	2522
перекоп	2521
эха	2520
чичестер	2519
строн	2518
волюнтаризм	2517
антитезис	2516
желанья	2515
отстоить	2514
отступаться	2513
мечников	2512
объёмы	2511
нметр	2510
мелководный	2509
дорида	2508
кудахтать	2507
луковый	2506
ивушка	2505
пристрелять	2504
масуд	2503
ронда	2502
индуист	2501
азиз	2500
чесслово	2499
стесненный	2498
черноголовка	2497
спаренный	2496
неосмотрительно	2495
волочкова	2494
помывка	2493
эмерсон	2492
иться	2491
корсика	2490
олеша	2489
сейт	2488
электроэнергетический	2487
лидиан	2486
чернова	2485
подражательный	2484
киносценарий	2483
понтонный	2482
госпошлина	2481
перпендикуляр	2480
васек	2479
стеснительность	2478
упоминаемый	2477
свитерок	2476
юдь	2475
вечерня	2474
седельный	2473
келюс	2472
радионуклид	2471
гиканье	2470
перезапись	2469
взвинчивать	2468
теократия	2467
парщиков	2466
позорище	2465
орехова	2464
мэйзи	2463
вбросить	2462
тупорылый	2461
неравновесный	2460
прогреваться	2459
сумгаит	2458
майкоп	2457
враки	2456
ниж	2455
забугорный	2454
неолитический	2453
стиляга	2452
приторговывать	2451
хим	2450
отапливаться	2449
трагикомический	2448
позитивист	2447
красносельский	2446
аудиопират	2445
прелюбодействовать	2444
пудовый	2443
гардер	2442
микропроцессорный	2441
моторс	2440
сидр	2439
книготорговец	2438
умилостивить	2437
соблюдавать	2436
мёртвый	2435
отъем	2434
голицына	2433
парадиз	2432
эклиптика	2431
оза	2430
стяжка	2429
врастать	2428
гребель	2427
плесецк	2426
вампирский	2425
представляемый	2424
коммуникабельный	2423
новосибирец	2422
самогонный	2421
героиновый	2420
завоевательный	2419
гпк	2418
архивист	2417
еликий	2416
всякая	2415
купа	2414
рекреация	2413
худиев	2412
сосновский	2411
княжить	2410
поболеть	2409
ашан	2408
фотолюбитель	2407
галечный	2406
пульхерия	2405
фасовка	2404
котомок	2403
головастый	2402
бригелла	2401
заронить	2400
полстолетие	2399
полуобморочный	2398
фотопортрет	2397
аллюр	2396
администраторша	2395
таврида	2394
перестраховаться	2393
толстячок	2392
алинка	2391
гаутама	2390
сезонность	2389
некрасовский	2388
благозвучный	2387
циклопический	2386
карузо	2385
люгер	2384
умствование	2383
необдуманно	2382
октор	2381
рубоп	2380
пронаблюдать	2379
умоляющий	2378
раритетный	2377
геометрически	2376
шифроваться	2375
картежник	2374
лёгкость	2373
смок	2372
гальцев	2371
бабин	2370
очищенный	2369
критиковаться	2368
элиан	2367
останов	2366
интонационно	2365
реверберация	2364
доктринальный	2363
лоть	2362
проективный	2361
дикторша	2360
понимаемый	2359
беклемишев	2358
лека	2357
отрезвлять	2356
разведочный	2355
овн	2354
бурлак	2353
настрадаться	2352
палый	2351
танжер	2350
анальгетик	2349
пауэрс	2348
взвешиваться	2347
многоязычный	2346
чтимый	2345
подсушить	2344
утр	2343
споминать	2342
плакатик	2341
сармат	2340
постимперский	2339
днепропетровский	2338
надюша	2337
графинчик	2336
изумрудно	2335
спирин	2334
скво	2333
перебиться	2332
квадрант	2331
тупеть	2330
хинди	2329
ханжеский	2328
лакмусовый	2327
жолкевский	2326
разнузданный	2325
историчность	2324
мороза	2323
попкорн	2322
меньшой	2321
ватрушка	2320
смоковница	2319
архаизм	2318
хайям	2317
нелинейность	2316
пунктуационный	2315
далёкой	2314
эдинбургский	2313
считываться	2312
эмми	2311
автозаправка	2310
пазик	2309
откупоривать	2308
вильня	2307
акне	2306
полставка	2305
ломовой	2304
вычленять	2303
беспардонный	2302
аладдин	2301
лимфа	2300
бул	2299
левина	2298
басмач	2297
ббс	2296
лол	2295
предназначать	2294
илистый	2293
онега	2292
коннеджер	2291
господина	2290
кандалакша	2289
навытяжку	2288
распихивать	2287
разнонаправленный	2286
мочегонный	2285
заместительный	2284
изгибать	2283
пеньковский	2282
горластый	2281
храмовой	2280
хауз	2279
бэр	2278
андроген	2277
парников	2276
дистония	2275
прорицание	2274
вакар	2273
нахер	2272
ругий	2271
мэриленд	2270
золотце	2269
партайгеноссе	2268
выгораживать	2267
верстальщик	2266
батальный	2265
неклассический	2264
докучливый	2263
вибрационный	2262
свсело	2261
корольков	2260
продюсировать	2259
сконфигурировать	2258
афер	2257
барщина	2256
йес	2255
аменхотеп	2254
налтрексон	2253
солоноватый	2252
опустошенный	2251
уплачиваться	2250
буксировать	2249
залечивать	2248
заряженный	2247
рыгнуть	2246
котёнок	2245
попадёт	2244
несуществовать	2243
мусоровоз	2242
балльный	2241
марксов	2240
презренье	2239
безотказной	2238
быстрорастущий	2237
палм	2236
кный	2235
огромность	2234
сжирать	2233
анджела	2232
помалу	2231
фототехника	2230
чеботарев	2229
гипер	2228
камал	2227
шатов	2226
ребезова	2225
портнов	2224
каппуччино	2223
гордума	2222
минтранс	2221
нагрудной	2220
лизочка	2219
росавиакосмос	2218
негодник	2217
важничать	2216
декадентский	2215
мёртвого	2214
сидни	2213
березин	2212
анчаров	2211
пертурбация	2210
чри	2209
маневровый	2208
флайер	2207
осо	2206
стенный	2205
нашлепка	2204
ежть	2203
бррр	2202
дюз	2201
шаронов	2200
диссидентство	2199
признаёт	2198
босх	2197
приказный	2196
самоокупаемость	2195
тында	2194
арсентьев	2193
нелла	2192
шахматов	2191
сож	2190
проявитель	2189
одиннадцатью	2188
перенаправить	2187
радикать	2186
снек	2185
пошатнуть	2184
шербур	2183
чародейство	2182
соответсвенно	2181
готфрид	2180
будеть	2179
очка	2178
некрасова	2177
преп	2176
рэппер	2175
ушат	2174
лжедимитрий	2173
оклик	2172
сабриэль	2171
пивок	2170
астер	2169
досидеть	2168
баркашов	2167
структурность	2166
восторженность	2165
рационализировать	2164
конденсация	2163
мильштейн	2162
грушинский	2161
методологически	2160
полечиться	2159
мейбл	2158
пенат	2157
отчетно	2156
сорочинский	2155
троллея	2154
торфяник	2153
чернецкий	2152
проблемно	2151
ивашка	2150
шифровальщик	2149
малкова	2148
крошево	2147
сыскаться	2146
хокка	2145
пульсар	2144
отточенный	2143
портирование	2142
нище	2141
кряхтение	2140
макхит	2139
мольтке	2138
констебль	2137
грейнджер	2136
этногенез	2135
собственноручный	2134
недоносок	2133
меандр	2132
брайдон	2131
радужно	2130
оплевать	2129
блад	2128
плиний	2127
черезчур	2126
лейба	2125
масличный	2124
московско	2123
лышать	2122
варварски	2121
примиряться	2120
скотоводческий	2119
сметка	2118
растягивание	2117
олее	2116
старпол	2115
баламут	2114
заморской	2113
поверхностность	2112
разговорчик	2111
герцль	2110
хозрасчет	2109
мертвечина	2108
биз	2107
мёртвой	2106
корневище	2105
здоровенький	2104
кристаллик	2103
притязать	2102
маккрийти	2101
джобс	2100
наворовать	2099
антиреклама	2098
фарисея	2097
отстояться	2096
савинков	2095
напополам	2094
ннг	2093
доусон	2092
штырек	2091
комконец	2090
североатлантический	2089
копирайтер	2088
метеоусловие	2087
сытин	2086
неузнаваемо	2085
твс	2084
спасовать	2083
элька	2082
эволюционизм	2081
засурский	2080
перепончатый	2079
уивер	2078
засмеять	2077
бест	2076
двухсотлетний	2075
трехгорный	2074
обмелеть	2073
потерянно	2072
оболгать	2071
зонов	2070
подтек	2069
целка	2068
мэйдзи	2067
гармоничность	2066
подсечка	2065
хроматический	2064
дея	2063
партизанка	2062
растяжимый	2061
лужина	2060
астан	2059
чесно	2058
самообучение	2057
бестолковость	2056
милн	2055
апостиль	2054
бабуль	2053
осипенко	2052
сиэтля	2051
габор	2050
заявленный	2049
мишк	2048
отливый	2047
кегнуть	2046
вырезаться	2045
купальщик	2044
недооцениваться	2043
княжий	2042
икогда	2041
поздняков	2040
тёмном	2039
загрязненность	2038
робить	2037
похерить	2036
нежеланный	2035
гордиев	2034
атлантик	2033
красин	2032
северин	2031
золотых	2030
зыбин	2029
генерирование	2028
недоедать	2027
печеночный	2026
пятидесятница	2025
блокадник	2024
фот	2023
усов	2022
кут	2021
телеметрия	2020
оччень	2019
хворостина	2018
каузальный	2017
аппаратчик	2016
харкать	2015
кеш	2014
приобретенной	2013
деверь	2012
стетоскоп	2011
узкоспециализированный	2010
озабочить	2009
тапкин	2008
летаргический	2007
мужать	2006
биллинг	2005
фал	2004
обнорский	2003
кл	2002
внутрироссийский	2001
камелот	2000
ясенево	1999
подчёркивает	1998
масштабно	1997
десятидневный	1996
несходство	1995
ляпа	1994
общепит	1993
височный	1992
ибис	1991
еремеев	1990
видеокамер	1989
окладистый	1988
погрузчик	1987
солонина	1986
вандей	1985
дунечка	1984
плаванье	1983
безосновательно	1982
спиритус	1981
бордел	1980
хозе	1979
зыркнуть	1978
зиги	1977
лепо	1976
мелок	1975
ахиллесов	1974
неописовать	1973
отпаивать	1972
жозе	1971
рыбник	1970
осерчать	1969
маккензе	1968
делопроизводитель	1967
рассветать	1966
вымпелок	1965
новоселова	1964
вообше	1963
композиторский	1962
гейдельберг	1961
успеться	1960
пии	1959
гурия	1958
рысаков	1957
настоятельница	1956
ннанджи	1955
бовари	1954
луковка	1953
михалыча	1952
меджугорье	1951
задраить	1950
аспид	1949
восьмеро	1948
пьеска	1947
луноход	1946
благовоспитанный	1945
солльх	1944
уикс	1943
безволосый	1942
хорошеть	1941
царедворец	1940
ельня	1939
мшистый	1938
тоболевский	1937
куклин	1936
нескладно	1935
скованно	1934
неподобающий	1933
принцесс	1932
эдесса	1931
предводительница	1930
ермолин	1929
навои	1928
вербально	1927
отстукивать	1926
обделять	1925
самовыражаться	1924
фадж	1923
соцлагерь	1922
одинаковость	1921
метелица	1920
диуретик	1919
диссертант	1918
гельфанд	1917
задиристый	1916
длиннть	1915
чиститься	1914
напакостить	1913
дюн	1912
барсуков	1911
клацать	1910
сочно	1909
засорить	1908
гозо	1907
дикси	1906
горилка	1905
низкооплачиваемый	1904
савойский	1903
нищая	1902
иммунологический	1901
католичка	1900
заимствованный	1899
заплесневелый	1898
сряд	1897
бороздка	1896
реселлер	1895
сталлоне	1894
могиканин	1893
деспотичный	1892
тыка	1891
сяо	1890
оклахома	1889
указующий	1888
шифратор	1887
икеа	1886
ариз	1885
джер	1884
вологжанин	1883
изоляционизм	1882
злобствовать	1881
таганрогский	1880
винодельческий	1879
ангелочка	1878
баобаб	1877
сдвоенный	1876
мальчишник	1875
невролог	1874
отр	1873
тыща	1872
орденоносец	1871
голан	1870
звинить	1869
осаживать	1868
кельнер	1867
тигра	1866
учреждаться	1865
замусолить	1864
гомо	1863
тауба	1862
сторговаться	1861
жадина	1860
молодуха	1859
йаух	1858
хейг	1857
экстравертный	1856
реактивность	1855
опк	1854
продолжительно	1853
коммунарский	1852
махонький	1851
лизингополучатель	1850
остужать	1849
глоба	1848
сготовить	1847
утайка	1846
лэйзи	1845
цить	1844
далёких	1843
изощренно	1842
княжный	1841
утюжить	1840
анин	1839
рюмин	1838
дес	1837
непреклонность	1836
гусыня	1835
воинствовать	1834
простреливать	1833
интертекст	1832
васнец	1831
глобальность	1830
оратория	1829
зачёт	1828
тиск	1827
очаково	1826
журавлиный	1825
славутич	1824
ампаро	1823
произ	1822
тетерин	1821
катафалк	1820
штатовский	1819
ягве	1818
малоэтажный	1817
хрека	1816
околоплодный	1815
мосаддык	1814
панегирик	1813
амундсен	1812
проветривание	1811
синдбад	1810
мэси	1809
созываться	1808
владетельный	1807
пырнуть	1806
анаграмма	1805
брэм	1804
постыдно	1803
напросто	1802
олодец	1801
ювенальный	1800
бандеровец	1799
бхагаван	1798
филч	1797
индоссамент	1796
намибия	1795
процес	1794
любелия	1793
верин	1792
прибедняться	1791
полусвет	1790
штакетник	1789
паспарту	1788
нашептать	1787
облак	1786
битюг	1785
ебенок	1784
травм	1783
долбанный	1782
журка	1781
лизаура	1780
укутаться	1779
стравливать	1778
валиханов	1777
еперь	1776
полудикий	1775
росинка	1774
монтег	1773
водолазка	1772
прогнозируемый	1771
йаухушуа	1770
заступ	1769
ильм	1768
двухъядерный	1767
активнейший	1766
холлидей	1765
карня	1764
стучить	1763
межгород	1762
самонадеянно	1761
астенический	1760
аджан	1759
националь	1758
нищенствовать	1757
мутнеть	1756
шелушиться	1755
екатеринодар	1754
уэльбек	1753
мартиролог	1752
чегемец	1751
краз	1750
стеша	1749
разнервничаться	1748
затравленно	1747
непобедимость	1746
фзг	1745
госкино	1744
пелопоннес	1743
заиндеветь	1742
юнгер	1741
новодвинск	1740
демократично	1739
времянка	1738
шампань	1737
властность	1736
задоринка	1735
пилатес	1734
штепсель	1733
центростремительный	1732
пирожный	1731
спесивый	1730
красногвардейский	1729
мирить	1728
обеспокоенный	1727
несдобровать	1726
берсеркер	1725
гиллиан	1724
осторожненько	1723
перемыть	1722
мочеиспускательный	1721
элмер	1720
кровопийца	1719
добросердечный	1718
притворить	1717
челн	1716
старушонка	1715
удобрить	1714
всеравно	1713
тироль	1712
дварф	1711
поддавать	1710
ботокс	1709
язь	1708
скукожиться	1707
ринго	1706
полуметровый	1705
иммануил	1704
обвенчать	1703
реймонд	1702
савельевна	1701
вымещать	1700
акцентирование	1699
четвертовать	1698
аконец	1697
сочувствующий	1696
кустистый	1695
проконсул	1694
раскупаться	1693
собираемость	1692
угор	1691
убавлять	1690
педантичность	1689
набегаться	1688
теснина	1687
померанц	1686
юппи	1685
оппортунистический	1684
трехнедельный	1683
федерер	1682
отпрашиваться	1681
обширность	1680
перфокарта	1679
градообразующий	1678
пушнина	1677
полузакрытый	1676
синельников	1675
затворничество	1674
разъяриться	1673
умильный	1672
оштукатурить	1671
дровишки	1670
паховой	1669
фф	1668
посвящённый	1667
ременный	1666
зажужжать	1665
эколого	1664
размазня	1663
косоворотка	1662
глючный	1661
жизель	1660
перевирать	1659
фармацевтика	1658
наказовать	1657
пристегиваться	1656
модернизационный	1655
набонассар	1654
этиан	1653
пяточка	1652
кремация	1651
панцирный	1650
латура	1649
ленсовет	1648
честной	1647
жюли	1646
эв	1645
козырять	1644
литературка	1643
лаконизм	1642
шепелявить	1641
притерпеться	1640
шмальгаузен	1639
недействительность	1638
отпадение	1637
популяционный	1636
капх	1635
подлунный	1634
палермо	1633
высокопреосвященство	1632
товарообмен	1631
комедиант	1630
когерентный	1629
кипс	1628
необходить	1627
покашливание	1626
абхазец	1625
абордажный	1624
алтать	1623
элюня	1622
разнородность	1621
эндоскопический	1620
крылатское	1619
грудастый	1618
текинец	1617
заковыристый	1616
корф	1615
фургончик	1614
козмин	1613
прокатывать	1612
понервничать	1611
кальвадос	1610
седенький	1609
оргвывод	1608
трансвестит	1607
капереть	1606
пришвартоваться	1605
агнешка	1604
цветаев	1603
мясницкий	1602
зорька	1601
формирующийся	1600
утончить	1599
брусилов	1598
чапай	1597
торий	1596
считалка	1595
конусообразный	1594
зачинать	1593
лжепророк	1592
нико	1591
ват	1590
необъективность	1589
пассажиропоток	1588
паинька	1587
неподатливый	1586
сновидеть	1585
заасфальтировать	1584
обжора	1583
живодер	1582
вудро	1581
кликуха	1580
труа	1579
мембер	1578
разводящий	1577
тэфи	1576
отлеживаться	1575
обагрить	1574
петкевич	1573
солнцев	1572
плоховато	1571
бездоказательный	1570
удлиниться	1569
чарльза	1568
словотворчество	1567
правд	1566
палатазин	1565
юнна	1564
воспретить	1563
автра	1562
персонифицированный	1561
побиться	1560
изгадить	1559
мозаик	1558
авиаконструктор	1557
эрленд	1556
кофеить	1555
сокурсница	1554
радиосигнал	1553
нестойкий	1552
маковский	1551
квазимодо	1550
политковская	1549
спк	1548
поляризатор	1547
черножопый	1546
михоэлс	1545
эльтиген	1544
состоянье	1543
кельвин	1542
шомпол	1541
кайзеровский	1540
святославич	1539
садова	1538
дубасить	1537
заторможенность	1536
запп	1535
тучер	1534
стремский	1533
взятый	1532
рассыпчатый	1531
полшага	1530
тарх	1529
программироваться	1528
спартаковский	1527
этруск	1526
хелена	1525
фая	1524
покопасться	1523
озить	1522
тягомотина	1521
соответсвовать	1520
дение	1519
наташин	1518
шумить	1517
доение	1516
упоить	1515
завязывание	1514
шервать	1513
обьект	1512
телепортировать	1511
повешенный	1510
вайшнав	1509
мондрагон	1508
нейтрал	1507
пиотровский	1506
гененфельд	1505
олд	1504
оинтересоваться	1503
полуторачасовой	1502
бескрылый	1501
дурманить	1500
черноморец	1499
вампиризм	1498
каретный	1497
вымахать	1496
гуннар	1495
мен	1494
выниматься	1493
елей	1492
контрапункт	1491
озадаченный	1490
прошвырнуться	1489
стингер	1488
монументальность	1487
шаповал	1486
разъясниться	1485
выворотить	1484
носоглотка	1483
макгонагалл	1482
троечка	1481
кастильский	1480
альголь	1479
норштейн	1478
хлебороб	1477
пушкино	1476
вывозка	1475
злобность	1474
теремок	1473
шестипалый	1472
гречанка	1471
фракционный	1470
брейер	1469
аттрактор	1468
нарды	1467
аркадный	1466
сухоруков	1465
василье	1464
латин	1463
индир	1462
жизнеутверждать	1461
каширский	1460
царенко	1459
конвертируемый	1458
навуходоносор	1457
веденин	1456
серединный	1455
нефтебаза	1454
негритенок	1453
нодлист	1452
тимка	1451
пушный	1450
нарабатывать	1449
запрокидывать	1448
впрыск	1447
отсасывать	1446
трещотка	1445
перетасовать	1444
толсто	1443
недо	1442
госпоже	1441
марлена	1440
схваток	1439
шахрай	1438
трансгрессия	1437
межкомнатный	1436
русофоб	1435
отсохнуть	1434
салом	1433
госфонд	1432
чистенько	1431
затормозиться	1430
кремировать	1429
полечить	1428
мэтьюэн	1427
подкрашивать	1426
многокилометровый	1425
взято	1424
разг	1423
умиротворенно	1422
хдс	1421
насухо	1420
воительница	1419
пролонгировать	1418
краник	1417
облениться	1416
балмер	1415
старовойтова	1414
псалтирь	1413
вэн	1412
новообращенный	1411
трошкин	1410
мелисс	1409
снегирь	1408
антиправительственный	1407
паразитизм	1406
фидер	1405
яхтсмен	1404
цыплячий	1403
переспасть	1402
свинтить	1401
дунька	1400
разнорабочий	1399
вагит	1398
столлмен	1397
прочитанный	1396
рика	1395
эректус	1394
лекало	1393
кальвин	1392
радистка	1391
марион	1390
ицик	1389
мельгунов	1388
соотво	1387
лескин	1386
продавливать	1385
липихин	1384
стоический	1383
гносеология	1382
случка	1381
бахаулла	1380
устрашиться	1379
отвергнутый	1378
барбюс	1377
чегет	1376
фишман	1375
короткометражный	1374
соболезновать	1373
наладчик	1372
подаёт	1371
гунный	1370
расширитель	1369
секретарский	1368
отсалютовать	1367
гриценко	1366
моу	1365
абатор	1364
прикормить	1363
хайф	1362
нье	1361
забурлить	1360
рубежный	1359
едина	1358
аис	1357
миус	1356
распахать	1355
закономерной	1354
дрогать	1353
обменник	1352
амбула	1351
телемост	1350
либерти	1349
аддис	1348
завулон	1347
любэ	1346
золотиться	1345
живить	1344
глухов	1343
суннит	1342
халить	1341
анонимка	1340
меланхолик	1339
никс	1338
переутомиться	1337
октав	1336
юб	1335
разногласия	1334
достойнее	1333
маскаев	1332
аквасорс	1331
визионер	1330
хомс	1329
семашко	1328
пфо	1327
алессандро	1326
проницаемость	1325
удручающе	1324
некрофил	1323
зажчь	1322
ухлопать	1321
увертка	1320
несимметричный	1319
скул	1318
всеукраинский	1317
хрейдар	1316
вмест	1315
водозабор	1314
бандюга	1313
увековечение	1312
мек	1311
фантасмагорический	1310
поврежденный	1309
подрастающий	1308
кузьминична	1307
сайлас	1306
молокозавод	1305
клубочек	1304
каллиграфический	1303
тёмного	1302
клекот	1301
забродов	1300
доро	1299
гесер	1298
европеизация	1297
плюралистический	1296
тёплых	1295
депривация	1294
каро	1293
тис	1292
брагинский	1291
хеппи	1290
малоярославец	1289
зр	1288
комарик	1287
иммигрировать	1286
бытовуха	1285
пломбир	1284
венесуэльский	1283
обратное	1282
попущение	1281
конон	1280
менг	1279
подь	1278
рафаил	1277
поволноваться	1276
жюльетта	1275
басок	1274
неосновательный	1273
отличнейший	1272
зуав	1271
безальтернативный	1270
мамлюк	1269
тоффлер	1268
каемочка	1267
вывестись	1266
дианин	1265
меньшее	1264
былин	1263
всадница	1262
парализованный	1261
заводоуправление	1260
автобаза	1259
интерференция	1258
понастроить	1257
федерико	1256
помутнеть	1255
старослужащий	1254
дувр	1253
криптосистема	1252
ямадаев	1251
гоморра	1250
эпителий	1249
харакирь	1248
наукоград	1247
порядка	1246
сквознячок	1245
стрельчатый	1244
кустарь	1243
непохожесть	1242
баффи	1241
упорхнуть	1240
леджер	1239
дотошность	1238
переплата	1237
пиздеть	1236
руцкая	1235
диффамация	1234
обсессивно	1233
рэу	1232
транзакционный	1231
увлеченный	1230
молельный	1229
пуританин	1228
диванный	1227
черри	1226
сбрендить	1225
раздувание	1224
волостной	1223
протаскивать	1222
конор	1221
моддо	1220
недоговоренность	1219
затемненный	1218
непонимающий	1217
косячок	1216
тематически	1215
тётки	1214
исчерпаться	1213
выпаливать	1212
залепетать	1211
звукооператор	1210
забияка	1209
сеной	1208
гардеробщик	1207
пресет	1206
невозврат	1205
бейли	1204
измельчение	1203
пресноводный	1202
ненатуральный	1201
пререкание	1200
несварение	1199
бонна	1198
оох	1197
баталов	1196
пилястр	1195
абель	1194
прянишников	1193
эрфурт	1192
распугивать	1191
отмстить	1190
инфосфера	1189
пареный	1188
макси	1187
валечка	1186
драм	1185
мигунов	1184
глушилка	1183
исайи	1182
задрапировать	1181
атос	1180
трахнуться	1179
трифонович	1178
вырезание	1177
бертиль	1176
эпатировать	1175
разбужить	1174
обезличенный	1173
вард	1172
рыльце	1171
аммиачный	1170
фрейлейн	1169
пятая	1168
калифорний	1167
нашенский	1166
лэподобное	1165
джаспер	1164
вихревый	1163
искушить	1162
флейтист	1161
взаимоприемлемый	1160
определённая	1159
моцион	1158
подожечь	1157
палтус	1156
плёнка	1155
йогический	1154
хоуп	1153
десятник	1152
озможно	1151
мптр	1150
дареный	1149
пуловер	1148
политзанятие	1147
зги	1146
ваха	1145
объёмов	1144
ассказать	1143
пике	1142
охта	1141
зажмуриваться	1140
извергнуть	1139
свин	1138
привнесение	1137
плавление	1136
пипец	1135
маллиган	1134
развенчивать	1133
реагент	1132
увалень	1131
конка	1130
аякс	1129
стокер	1128
доверительность	1127
опить	1126
реверс	1125
корниенко	1124
людоедский	1123
гана	1122
яшма	1121
волокнистый	1120
негодующе	1119
чесс	1118
шальный	1117
распалиться	1116
работка	1115
сал	1114
мастопатия	1113
удеть	1112
дисконнект	1111
игор	1110
промер	1109
выделать	1108
привходящий	1107
брутто	1106
трасточка	1105
отрешить	1104
переплавить	1103
посещаться	1102
приглушать	1101
кабинетик	1100
областный	1099
зайчонок	1098
невосприимчивый	1097
масштабировать	1096
чемпионство	1095
кингстон	1094
откомментировать	1093
ивритский	1092
бакулев	1091
кабельтов	1090
мудить	1089
симаков	1088
крашенинников	1087
готовенький	1086
фортификация	1085
дуршлаг	1084
бретелька	1083
марико	1082
видак	1081
халстон	1080
расцарапать	1079
опга	1078
овчинный	1077
поколенье	1076
ерничать	1075
круглогодичный	1074
отставлять	1073
карский	1072
пятачка	1071
букейский	1070
шереметьев	1069
берить	1068
приворотный	1067
тык	1066
загогулина	1065
козин	1064
тёща	1063
уголочек	1062
енс	1061
папаня	1060
битум	1059
кенийский	1058
перегной	1057
ошеломительный	1056
руфа	1055
олный	1054
бийо	1053
двустишие	1052
задергивать	1051
шарый	1050
дюмон	1049
допетровский	1048
шота	1047
успокоительно	1046
неразборчивость	1045
площадной	1044
дезинфицировать	1043
чугунок	1042
бахча	1041
клавка	1040
осподи	1039
рябцев	1038
дряхлеть	1037
занюхать	1036
позаботься	1035
негибкий	1034
линух	1033
хапать	1032
мокс	1031
касаткин	1030
контрацептивный	1029
душегуб	1028
сивилла	1027
глотание	1026
закс	1025
пилон	1024
осмотрительно	1023
запутанность	1022
краснокаменск	1021
санный	1020
аристофан	1019
павич	1018
холерик	1017
тред	1016
пенроуз	1015
фила	1014
произрастание	1013
примериться	1012
туристско	1011
синька	1010
технологичность	1009
сайентолог	1008
абстиненция	1007
приручать	1006
жорка	1005
сатин	1004
отовариваться	1003
дый	1002
запачкаться	1001
лощеный	1000
аннан	999
неуспешный	998
куснуть	997
кирасир	996
хоакин	995
сверхчувственный	994
пуховка	993
стольный	992
зело	991
баск	990
эзоп	989
гонтмахер	988
тар	987
безалаберность	986
гадюшник	985
мувик	984
конкистадор	983
голосистый	982
птицелов	981
ассигновать	980
разразить	979
аать	978
бабай	977
боливийский	976
калиостро	975
владельческий	974
лигать	973
маргинальность	972
уль	971
космодемьянская	970
выкарабкиваться	969
сивас	968
подушный	967
профилакторий	966
тяжка	965
сомкит	964
бодрствующий	963
чуйский	962
тарантас	961
мракобес	960
лпк	959
лепота	958
титька	957
вкс	956
мандельштамовский	955
сиятельный	954
левашов	953
отгадка	952
чипс	951
госстандарт	950
ватутин	949
илюшка	948
уединить	947
видеоигра	946
антифриз	945
фрейдовский	944
утеплитель	943
фанк	942
аршавин	941
федченко	940
зайн	939
завалящий	938
пеша	937
обособиться	936
нестарый	935
автобанк	934
исида	933
библио	932
мурад	931
пенок	930
подсос	929
масленок	928
маркузе	927
ходка	926
крупнов	925
расчётов	924
мартофляк	923
свинячий	922
обог	921
ана	920
ственный	919
полищук	918
сание	917
вооружённые	916
регулятивный	915
фагот	914
ксана	913
кизляр	912
микрочип	911
артезианский	910
гранада	909
фукидид	908
зпункт	907
богатей	906
висельник	905
гест	904
топтание	903
борнео	902
заколачивать	901
альфианин	900
варсонофия	899
удешевить	898
козырева	897
татиться	896
никарагуа	895
интенсифицировать	894
аква	893
винодел	892
дерзание	891
пресытиться	890
щепоть	889
вариабельность	888
пастушеский	887
поднапрячься	886
сай	885
цехин	884
кони	883
евстафьев	882
аозт	881
применимо	880
нагибин	879
геноцида	878
ювентус	877
кочевряжнев	876
творожок	875
станиславович	874
дискетка	873
вепс	872
продленный	871
неправославный	870
выткать	869
наставничество	868
плывёт	867
кретинизм	866
рефлексировать	865
тучков	864
картезианский	863
беата	862
суккот	861
милла	860
гематология	859
нервический	858
копенгагенский	857
светлогорск	856
незаинтересованный	855
матвейка	854
доблестно	853
гимень	852
всаживать	851
смехотворно	850
газонокосилка	849
рво	848
санников	847
барков	846
выслужиться	845
столбцы	844
совдеп	843
жалостный	842
артема	841
решенье	840
успешник	839
тубус	838
поджаривать	837
полёте	836
побудка	835
космета	834
костюмированный	833
удерж	832
невралгия	831
променад	830
померания	829
ортопед	828
климена	827
чернобородый	826
просительно	825
кунцево	824
салазки	823
сухотина	822
делагарди	821
хладный	820
империалистский	819
переплавка	818
посттравматический	817
многоборье	816
присваивание	815
маланин	814
паганини	813
каммент	812
маринюк	811
вет	810
каркнуть	809
фель	808
торжка	807
скученность	806
шалва	805
априорно	804
короста	803
хлороформ	802
сарандак	801
главредактор	800
вече	799
ираида	798
слабовато	797
переполошиться	796
серпилина	795
внутриматочный	794
безбашенный	793
баркли	792
оборзеть	791
прошибать	790
молодёжной	789
гайдн	788
аутогенный	787
радина	786
шиза	785
шлиссельбург	784
радиоаппаратура	783
душевой	782
уравнивание	781
гипотензивный	780
рачок	779
хартман	778
валов	777
гидо	776
аздаться	775
назаренко	774
цветаевский	773
муни	772
ссс	771
валежник	770
ансельм	769
бесприютный	768
баксанский	767
эвелин	766
плантатор	765
неприспособленный	764
энциклопедист	763
раскроить	762
чекалин	761
рационализатор	760
отгрохать	759
левушка	758
четырехмесячный	757
бернардо	756
беллон	755
вызубрить	754
сказанный	753
абстрактность	752
хрясь	751
паня	750
холодновато	749
уэсли	748
телепортироваться	747
проклянуть	746
копейкин	745
изморозь	744
аристократичный	743
проповеднический	742
рица	741
ивонна	740
буба	739
лупе	738
алексин	737
съёмке	736
миннеаполис	735
передраться	734
эцп	733
залежаться	732
мангал	731
оконченный	730
прокофьевич	729
геть	728
энцефалит	727
кайтбординг	726
ергей	725
структуризация	724
государ	723
скомпилировать	722
груп	721
щупленький	720
обалдело	719
депопуляция	718
клемансо	717
масштабной	716
ноут	715
предрасположенный	714
непомнить	713
приникать	712
голденский	711
дилогия	710
выпихнуть	709
фрилансер	708
папуа	707
янко	706
панамка	705
нечистоплотность	704
хрыч	703
ранжировать	702
рангоут	701
притвор	700
сутра	699
фрахт	698
тютелька	697
мельмот	696
пропитка	695
реабилитироваться	694
уйгурский	693
предпроектный	692
епифание	691
ребрендинг	690
донашивать	689
начисленный	688
полководческий	687
лиззь	686
оппортунист	685
лакейский	684
законспирировать	683
мога	682
асессор	681
савик	680
жоп	679
нисхождение	678
даклинг	677
овр	676
экспертно	675
чрезвычайность	674
писулька	673
госэкзамен	672
фть	671
пятиметровый	670
прошка	669
островерхий	668
громовержец	667
ортогональный	666
гефсиманский	665
учительство	664
перенасытить	663
рогатина	662
жаб	661
осуществимость	660
ферментация	659
задребезжать	658
банкирский	657
велихов	656
смысло	655
фамильярно	654
тыва	653
викторис	652
поржать	651
украйна	650
изодрать	649
повествоваться	648
разгрузиться	647
поддомен	646
искусствить	645
растиражировать	644
бескозырка	643
пугачевский	642
проишествие	641
климмер	640
ворье	639
мэриан	638
козырной	637
батут	636
типоведение	635
эрмитажный	634
пошуметь	633
потолкаться	632
батист	631
республик	630
лулу	629
разморить	628
кандал	627
тори	626
сиживать	625
барсетка	624
хиллари	623
кофи	622
силикатный	621
тротил	620
кха	619
чертовка	618
тао	617
наркотизация	616
гиперинфляция	615
скакалка	614
точнейший	613
темрюк	612
ферапонт	611
вокально	610
многомиллиардный	609
дочиста	608
барьерный	607
запаска	606
оцифровать	605
кроуть	604
непать	603
атырау	602
мультимиллионер	601
дегенеративный	600
фазиль	599
рукоположение	598
летучка	597
заскакивать	596
сиверн	595
биоток	594
далёкий	593
астап	592
свертываться	591
шестидневный	590
эмитировать	589
операциональный	588
кальтенбруннер	587
неряха	586
теократический	585
непочтительный	584
ревнивец	583
обедавать	582
этюдник	581
ила	580
отшуметь	579
втридорога	578
гарвин	577
субтильный	576
трансцендентность	575
продолжающийся	574
ортега	573
закоченеть	572
мэи	571
гавкнуть	570
перелопатить	569
условливать	568
кодировщик	567
вбь	566
ластиться	565
натах	564
преддипломный	563
клацнуть	562
хэмфри	561
мидти	560
кооперироваться	559
сосец	558
дронон	557
коитус	556
рачков	555
головать	554
разглашаться	553
кондовый	552
спрей	551
тендерный	550
констебель	549
сложновато	548
стяжательство	547
береговый	546
отламывать	545
лотарь	544
рогфейер	543
пособия	542
каравелла	541
венценосный	540
фер	539
заморить	538
свежайший	537
соизволение	536
салиевич	535
манси	534
розыскной	533
калипсо	532
утрясти	531
мёда	530
клавести	529
творимый	528
стравить	527
димитриевич	526
жимолость	525
многомерность	524
гидросамолет	523
оптимистически	522
светотень	521
бакалавриат	520
иствуд	519
выводимый	518
смутьян	517
игольный	516
фонограф	515
ашрама	514
наркология	513
тафт	512
подташнивать	511
пастон	510
дариша	509
ретроспектив	508
росомаха	507
точечка	506
игнор	505
отлучать	504
цнс	503
боярство	502
мавродин	501
колеблться	500
городки	499
ультрасовременный	498
бос	497
раскрученный	496
соломина	495
иероглифический	494
повеселее	493
расхищение	492
альный	491
узрить	490
кодла	489
лифшиц	488
мати	487
суживаться	486
переживаемый	485
хэй	484
кожевник	483
агафон	482
переоформить	481
скс	480
нестрашный	479
кирилловский	478
приемлимый	477
укоризненный	476
брынза	475
выправлять	474
караванный	473
книгохранилище	472
мёдом	471
таймень	470
сельхозтехника	469
форматировать	468
контактер	467
мильон	466
кучевой	465
звёздами	464
арчибальдушка	463
родезия	462
неприветливо	461
грампластинка	460
морфемный	459
невостребовать	458
камышников	457
подоходить	456
обнинский	455
загнанный	454
отпрыска	453
оззи	452
старпом	451
месс	450
рогожа	449
обрый	448
ароматерапия	447
борзов	446
иллюминат	445
гравийный	444
йохан	443
буянов	442
некипелов	441
бисерный	440
сердючка	439
овевать	438
девический	437
приосаниться	436
скляр	435
наркоделец	434
внеурочный	433
гарнет	432
фаянс	431
передергивание	430
маоист	429
пронырливый	428
здравица	427
тазовский	426
эльма	425
посоха	424
трансмутация	423
внемать	422
изучающе	421
изоляционный	420
пригонять	419
незанять	418
брандер	417
зама	416
лежка	415
выздоравливающий	414
бурсак	413
подруливать	412
подваливать	411
безвозмездной	410
преемница	409
маргоша	408
служака	407
беляков	406
ультимативный	405
флотоводец	404
стрельников	403
неймется	402
разряжаться	401
опустошительный	400
срочник	399
джинкс	398
крез	397
декорировать	396
джотто	395
беллетристический	394
приручение	393
уикэнд	392
драндулет	391
каверза	390
напористость	389
ладненько	388
стейк	387
оргазма	386
сга	385
пересылаться	384
оном	383
хамраев	382
запруда	381
недосказать	380
спектатор	379
лютовать	378
бирюза	377
левиум	376
пуликовский	375
нюхаять	374
подсадка	373
подводка	372
иващенко	371
отмазать	370
тертышный	369
летящий	368
сыня	367
болтай	366
притомиться	365
кровопускание	364
увязый	363
мерзляков	362
благовонный	361
грязнов	360
иегошуа	359
илиас	358
влюблён	357
потрепанный	356
восполняться	355
рефлюкс	354
урюпинск	353
трансвааль	352
финиковый	351
шаховский	350
фотий	349
дешёвых	348
прокорм	347
мэть	346
родственничек	345
боровый	344
стырить	343
опиумный	342
антреприза	341
купольный	340
ссохнуться	339
дит	338
схрон	337
абишевич	336
благочинный	335
кварта	334
портос	333
шиться	332
гликоген	331
харибда	330
дыбенко	329
отечь	328
пялить	327
фасадный	326
западть	325
эми	324
таймырский	323
хабад	322
кэтить	321
затуманенный	320
всенощный	319
атр	318
крайслер	317
якобинский	316
эндорфин	315
каннибал	314
вихрастый	313
хамякнуть	312
отечески	311
предпенсионный	310
необученный	309
анализируемый	308
распихать	307
гиен	306
уитня	305
мнуться	304
мингорисполком	303
мишутка	302
перма	301
судоремонтный	300
рат	299
суматра	298
элси	297
французкий	296
митрополичий	295
утеплить	294
неуважительно	293
забулдыга	292
барановский	291
чернец	290
вожделенье	289
рвётся	288
равильно	287
бабуть	286
библиофил	285
тихонравов	284
воспрять	283
оранский	282
брейн	281
размыто	280
померяться	279
лемех	278
мескалин	277
задергать	276
скатывать	275
алупка	274
кба	273
магдебург	272
зар	271
рифф	270
йоко	269
укатиться	268
ахматы	267
винно	266
поваренок	265
процедурной	264
корсаж	263
размозжить	262
кабацкий	261
морфин	260
параболический	259
укореняться	258
нпп	257
регионализм	256
дмитриевский	255
плюмаж	254
эдуар	253
мицубиси	252
офигесть	251
суггестивный	250
варенька	249
слоника	248
урбанистический	247
склеивание	246
идёте	245
само	244
накачанный	243
буч	242
перематывать	241
неестественность	240
антисептик	239
теплоноситель	238
тус	237
фискал	236
обозный	235
премиальные	234
монопольно	233
роо	232
позевывать	231
отпечатываться	230
глонасс	229
конопляный	228
джана	227
молочков	226
потворство	225
рядить	224
несдержанность	223
автаркия	222
брюкман	221
высоконравственный	220
предстартовый	219
заказанный	218
перекрашивать	217
кучно	216
хоботок	215
эрнесто	214
тигренок	213
обожатель	212
горнодобывать	211
схлестнуться	210
непреднамеренный	209
господ	208
обшлаг	207
калл	206
каллас	205
карден	204
невест	203
орлан	202
кондратович	201
галкина	200
бесконфликтный	199
откосить	198
балагурить	197
камерарий	196
нееврейский	195
инструкторский	194
фалда	193
сверстать	192
проставляться	191
кудлатый	190
прагматика	189
сымитировать	188
масарик	187
своекорыстный	186
запариться	185
культурность	184
завуалированный	183
басинский	182
смотать	181
мэ	180
глинозем	179
уникально	178
реплик	177
прокачать	176
фрэдин	175
гебист	174
ребёнке	173
инжгео	172
первозванный	171
мглистый	170
подручной	169
элегический	168
подрывник	167
стенографический	166
десятиметровый	165
гризли	164
рукопашная	163
звонарева	162
карабанов	161
тамзин	160
марлить	159
припухлость	158
стессель	157
расплывчатость	156
посудомойка	155
воздаваться	154
малобюджетный	153
вмк	152
фабриковать	151
нив	150
мускус	149
мазнуть	148
психодинамический	147
ребек	146
звёздный	145
детонация	144
запечатывать	143
хлюпик	142
пробитие	141
пахра	140
облучать	139
симптома	138
синюшный	137
рец	136
ползить	135
фолиевый	134
дрюндель	133
вагонка	132
цейлонский	131
проктор	130
шпицберген	129
мерзостный	128
разберёмся	127
санскритский	126
товарняк	125
моул	124
загримировать	123
певичка	122
мэйнстрим	121
соболевский	120
билдинг	119
земть	118
ровен	117
пирсон	116
шашечка	115
полураспад	114
буняченко	113
беллини	112
однонаправленный	111
листочка	110
буровой	109
порнушка	108
посменно	107
мастак	106
продуманность	105
визир	104
воспламенить	103
ребрэндинг	102
загруженный	101
алкид	100
узколобый	99
мазуренко	98
асимов	97
клеман	96
преставиться	95
бесплодность	94
всевидящий	93
учший	92
кляуза	91
горчак	90
бушков	89
санд	88
космогонический	87
аметр	86
телесной	85
ибук	84
кипарисовый	83
оступаться	82
грызня	81
пародист	80
комплексность	79
маврикий	78
требуха	77
чириков	76
рёбра	75
жвание	74
капха	73
стамбульский	72
левить	71
ошеломленный	70
комбез	69
дактилоскопический	68
карабина	67
макинтоша	66
нетребовательный	65
подмешать	64
сыть	63
разноголосица	62
сочиняться	61
адидас	60
блоггер	59
неосознать	58
абрах	57
аннигиляция	56
настройщик	55
зубек	54
полин	53
неизданный	52
спуд	51
откупщик	50
лян	49
куликовый	48
высокородный	47
адолия	46
мельчать	45
негритос	44
газотранспортный	43
противоборствовать	42
даннинг	41
бхагавад	40
дитятко	39
вразумление	38
размягчить	37
ходики	36
дутов	35
разжиматься	34
мелюзга	33
слабовольный	32
наретить	31
кио	30
элиста	29
аскетика	28
хрипотца	27
панджшер	26
угольно	25
симпатично	24
лимфоцит	23
танцовать	22
тварный	21
правосторонний	20
бася	19
пуленепробиваемый	18
ничегонеделание	17
иг	16
аппаратная	15
трюфель	14
мэдди	13
докричаться	12
жмот	11
влазить	10
кальпиди	9
туба	8
паяльный	7
пичугина	6
зубатов	5
парковочный	4
виргиния	3
ныряние	2
булонский	1
